2026-05-07 04:06:31,311 | INFO | root | Starting pipeline step: all
2026-05-07 04:06:31,313 | INFO | root | Found 4 raw PDF(s) in C:\3term2\DSDE\Phatthalung-District2-Election-Analysis\data\raw
2026-05-07 04:06:31,418 | INFO | root | Split 2 ผลนอกเขต เขต 2 1_10.pdf into 10 constituency pages and 30 party-list pages (10 units)
2026-05-07 04:06:31,525 | INFO | root | Split 39ตำบลเขาย่า.pdf into 10 constituency pages and 30 party-list pages (10 units)
2026-05-07 04:06:31,621 | INFO | root | Split 40ตำบลเขาปู่.pdf into 11 constituency pages and 33 party-list pages (11 units)
2026-05-07 04:06:31,713 | INFO | root | Split 41ตำบลตะแพน.pdf into 9 constituency pages and 27 party-list pages (9 units)
2026-05-07 04:06:31,714 | INFO | root | Split summary: {'processed': 4, 'skipped': 0, 'failed': 0, 'total': 4}
2026-05-07 04:06:31,716 | INFO | ocr | Starting OCR for constituency with provider=llamaparse and 4 PDF(s)
2026-05-07 04:06:35,782 | INFO | httpx | HTTP Request: POST https://api.cloud.llamaindex.ai/api/v1/beta/files "HTTP/1.1 201 Created"
2026-05-07 04:06:36,229 | INFO | httpx | HTTP Request: POST https://api.cloud.llamaindex.ai/api/v2/parse "HTTP/1.1 200 OK"
2026-05-07 04:06:37,546 | INFO | httpx | HTTP Request: GET https://api.cloud.llamaindex.ai/api/v2/parse/pjb-0mnlcvegembyy350n6glqmuyxf9k "HTTP/1.1 200 OK"
2026-05-07 04:06:39,850 | INFO | httpx | HTTP Request: GET https://api.cloud.llamaindex.ai/api/v2/parse/pjb-0mnlcvegembyy350n6glqmuyxf9k "HTTP/1.1 200 OK"
2026-05-07 04:06:43,158 | INFO | httpx | HTTP Request: GET https://api.cloud.llamaindex.ai/api/v2/parse/pjb-0mnlcvegembyy350n6glqmuyxf9k "HTTP/1.1 200 OK"
2026-05-07 04:06:47,466 | INFO | httpx | HTTP Request: GET https://api.cloud.llamaindex.ai/api/v2/parse/pjb-0mnlcvegembyy350n6glqmuyxf9k "HTTP/1.1 200 OK"
2026-05-07 04:06:52,790 | INFO | httpx | HTTP Request: GET https://api.cloud.llamaindex.ai/api/v2/parse/pjb-0mnlcvegembyy350n6glqmuyxf9k "HTTP/1.1 200 OK"
2026-05-07 04:06:58,611 | INFO | httpx | HTTP Request: GET https://api.cloud.llamaindex.ai/api/v2/parse/pjb-0mnlcvegembyy350n6glqmuyxf9k "HTTP/1.1 200 OK"
2026-05-07 04:06:59,085 | INFO | httpx | HTTP Request: GET https://api.cloud.llamaindex.ai/api/v2/parse/pjb-0mnlcvegembyy350n6glqmuyxf9k?expand=markdown_full&expand=text_full "HTTP/1.1 200 OK"
2026-05-07 04:07:01,552 | INFO | httpx | HTTP Request: POST https://api.cloud.llamaindex.ai/api/v1/beta/files "HTTP/1.1 201 Created"
2026-05-07 04:07:02,052 | INFO | httpx | HTTP Request: POST https://api.cloud.llamaindex.ai/api/v2/parse "HTTP/1.1 200 OK"
2026-05-07 04:07:03,359 | INFO | httpx | HTTP Request: GET https://api.cloud.llamaindex.ai/api/v2/parse/pjb-733x9urpp6hley32uxsamlyru8xc "HTTP/1.1 200 OK"
2026-05-07 04:07:05,724 | INFO | httpx | HTTP Request: GET https://api.cloud.llamaindex.ai/api/v2/parse/pjb-733x9urpp6hley32uxsamlyru8xc "HTTP/1.1 200 OK"
2026-05-07 04:07:09,032 | INFO | httpx | HTTP Request: GET https://api.cloud.llamaindex.ai/api/v2/parse/pjb-733x9urpp6hley32uxsamlyru8xc "HTTP/1.1 200 OK"
2026-05-07 04:07:13,354 | INFO | httpx | HTTP Request: GET https://api.cloud.llamaindex.ai/api/v2/parse/pjb-733x9urpp6hley32uxsamlyru8xc "HTTP/1.1 200 OK"
2026-05-07 04:07:19,212 | INFO | httpx | HTTP Request: GET https://api.cloud.llamaindex.ai/api/v2/parse/pjb-733x9urpp6hley32uxsamlyru8xc "HTTP/1.1 200 OK"
2026-05-07 04:07:25,107 | INFO | httpx | HTTP Request: GET https://api.cloud.llamaindex.ai/api/v2/parse/pjb-733x9urpp6hley32uxsamlyru8xc "HTTP/1.1 200 OK"
2026-05-07 04:07:25,708 | INFO | httpx | HTTP Request: GET https://api.cloud.llamaindex.ai/api/v2/parse/pjb-733x9urpp6hley32uxsamlyru8xc?expand=markdown_full&expand=text_full "HTTP/1.1 200 OK"
2026-05-07 04:07:28,104 | INFO | httpx | HTTP Request: POST https://api.cloud.llamaindex.ai/api/v1/beta/files "HTTP/1.1 201 Created"
2026-05-07 04:07:28,628 | INFO | httpx | HTTP Request: POST https://api.cloud.llamaindex.ai/api/v2/parse "HTTP/1.1 200 OK"
2026-05-07 04:07:29,999 | INFO | httpx | HTTP Request: GET https://api.cloud.llamaindex.ai/api/v2/parse/pjb-5kaxqz9iwvn5fgapuexoizcgj5pp "HTTP/1.1 200 OK"
2026-05-07 04:07:32,308 | INFO | httpx | HTTP Request: GET https://api.cloud.llamaindex.ai/api/v2/parse/pjb-5kaxqz9iwvn5fgapuexoizcgj5pp "HTTP/1.1 200 OK"
2026-05-07 04:07:35,712 | INFO | httpx | HTTP Request: GET https://api.cloud.llamaindex.ai/api/v2/parse/pjb-5kaxqz9iwvn5fgapuexoizcgj5pp "HTTP/1.1 200 OK"
2026-05-07 04:07:40,099 | INFO | httpx | HTTP Request: GET https://api.cloud.llamaindex.ai/api/v2/parse/pjb-5kaxqz9iwvn5fgapuexoizcgj5pp "HTTP/1.1 200 OK"
2026-05-07 04:07:45,951 | INFO | httpx | HTTP Request: GET https://api.cloud.llamaindex.ai/api/v2/parse/pjb-5kaxqz9iwvn5fgapuexoizcgj5pp "HTTP/1.1 200 OK"
2026-05-07 04:07:51,337 | INFO | httpx | HTTP Request: GET https://api.cloud.llamaindex.ai/api/v2/parse/pjb-5kaxqz9iwvn5fgapuexoizcgj5pp "HTTP/1.1 200 OK"
2026-05-07 04:07:51,813 | INFO | httpx | HTTP Request: GET https://api.cloud.llamaindex.ai/api/v2/parse/pjb-5kaxqz9iwvn5fgapuexoizcgj5pp?expand=markdown_full&expand=text_full "HTTP/1.1 200 OK"
2026-05-07 04:07:55,308 | INFO | httpx | HTTP Request: POST https://api.cloud.llamaindex.ai/api/v1/beta/files "HTTP/1.1 201 Created"
2026-05-07 04:07:55,756 | INFO | httpx | HTTP Request: POST https://api.cloud.llamaindex.ai/api/v2/parse "HTTP/1.1 200 OK"
2026-05-07 04:07:57,347 | INFO | httpx | HTTP Request: GET https://api.cloud.llamaindex.ai/api/v2/parse/pjb-n24dxgiiwnfzpkgc83iq7x3y5lxl "HTTP/1.1 200 OK"
2026-05-07 04:07:59,643 | INFO | httpx | HTTP Request: GET https://api.cloud.llamaindex.ai/api/v2/parse/pjb-n24dxgiiwnfzpkgc83iq7x3y5lxl "HTTP/1.1 200 OK"
2026-05-07 04:08:03,253 | INFO | httpx | HTTP Request: GET https://api.cloud.llamaindex.ai/api/v2/parse/pjb-n24dxgiiwnfzpkgc83iq7x3y5lxl "HTTP/1.1 200 OK"
2026-05-07 04:08:07,583 | INFO | httpx | HTTP Request: GET https://api.cloud.llamaindex.ai/api/v2/parse/pjb-n24dxgiiwnfzpkgc83iq7x3y5lxl "HTTP/1.1 200 OK"
2026-05-07 04:08:15,019 | INFO | httpx | HTTP Request: GET https://api.cloud.llamaindex.ai/api/v2/parse/pjb-n24dxgiiwnfzpkgc83iq7x3y5lxl "HTTP/1.1 200 OK"
2026-05-07 04:08:15,580 | INFO | httpx | HTTP Request: GET https://api.cloud.llamaindex.ai/api/v2/parse/pjb-n24dxgiiwnfzpkgc83iq7x3y5lxl?expand=markdown_full&expand=text_full "HTTP/1.1 200 OK"
2026-05-07 04:08:18,224 | INFO | httpx | HTTP Request: POST https://api.cloud.llamaindex.ai/api/v1/beta/files "HTTP/1.1 201 Created"
2026-05-07 04:08:18,891 | INFO | httpx | HTTP Request: POST https://api.cloud.llamaindex.ai/api/v2/parse "HTTP/1.1 200 OK"
2026-05-07 04:08:20,207 | INFO | httpx | HTTP Request: GET https://api.cloud.llamaindex.ai/api/v2/parse/pjb-uzrpyoyhm3tgisoyni0kovkhlfxm "HTTP/1.1 200 OK"
2026-05-07 04:08:22,591 | INFO | httpx | HTTP Request: GET https://api.cloud.llamaindex.ai/api/v2/parse/pjb-uzrpyoyhm3tgisoyni0kovkhlfxm "HTTP/1.1 200 OK"
2026-05-07 04:08:25,916 | INFO | httpx | HTTP Request: GET https://api.cloud.llamaindex.ai/api/v2/parse/pjb-uzrpyoyhm3tgisoyni0kovkhlfxm "HTTP/1.1 200 OK"
2026-05-07 04:08:30,233 | INFO | httpx | HTTP Request: GET https://api.cloud.llamaindex.ai/api/v2/parse/pjb-uzrpyoyhm3tgisoyni0kovkhlfxm "HTTP/1.1 200 OK"
2026-05-07 04:08:35,561 | INFO | httpx | HTTP Request: GET https://api.cloud.llamaindex.ai/api/v2/parse/pjb-uzrpyoyhm3tgisoyni0kovkhlfxm "HTTP/1.1 200 OK"
2026-05-07 04:08:40,919 | INFO | httpx | HTTP Request: GET https://api.cloud.llamaindex.ai/api/v2/parse/pjb-uzrpyoyhm3tgisoyni0kovkhlfxm "HTTP/1.1 200 OK"
2026-05-07 04:08:41,399 | INFO | httpx | HTTP Request: GET https://api.cloud.llamaindex.ai/api/v2/parse/pjb-uzrpyoyhm3tgisoyni0kovkhlfxm?expand=markdown_full&expand=text_full "HTTP/1.1 200 OK"
2026-05-07 04:08:43,841 | INFO | httpx | HTTP Request: POST https://api.cloud.llamaindex.ai/api/v1/beta/files "HTTP/1.1 201 Created"
2026-05-07 04:08:44,249 | INFO | httpx | HTTP Request: POST https://api.cloud.llamaindex.ai/api/v2/parse "HTTP/1.1 200 OK"
2026-05-07 04:08:45,587 | INFO | httpx | HTTP Request: GET https://api.cloud.llamaindex.ai/api/v2/parse/pjb-0ejmzo5zfxrai1nj2ybof67119mu "HTTP/1.1 200 OK"
2026-05-07 04:08:47,922 | INFO | httpx | HTTP Request: GET https://api.cloud.llamaindex.ai/api/v2/parse/pjb-0ejmzo5zfxrai1nj2ybof67119mu "HTTP/1.1 200 OK"
2026-05-07 04:08:51,307 | INFO | httpx | HTTP Request: GET https://api.cloud.llamaindex.ai/api/v2/parse/pjb-0ejmzo5zfxrai1nj2ybof67119mu "HTTP/1.1 200 OK"
2026-05-07 04:08:55,618 | INFO | httpx | HTTP Request: GET https://api.cloud.llamaindex.ai/api/v2/parse/pjb-0ejmzo5zfxrai1nj2ybof67119mu "HTTP/1.1 200 OK"
2026-05-07 04:09:00,912 | INFO | httpx | HTTP Request: GET https://api.cloud.llamaindex.ai/api/v2/parse/pjb-0ejmzo5zfxrai1nj2ybof67119mu "HTTP/1.1 200 OK"
2026-05-07 04:09:01,396 | INFO | httpx | HTTP Request: GET https://api.cloud.llamaindex.ai/api/v2/parse/pjb-0ejmzo5zfxrai1nj2ybof67119mu?expand=markdown_full&expand=text_full "HTTP/1.1 200 OK"
2026-05-07 04:09:04,326 | INFO | httpx | HTTP Request: POST https://api.cloud.llamaindex.ai/api/v1/beta/files "HTTP/1.1 201 Created"
2026-05-07 04:09:04,823 | INFO | httpx | HTTP Request: POST https://api.cloud.llamaindex.ai/api/v2/parse "HTTP/1.1 200 OK"
2026-05-07 04:09:06,167 | INFO | httpx | HTTP Request: GET https://api.cloud.llamaindex.ai/api/v2/parse/pjb-wt4dmxa81befi0o1u58mkdryuqll "HTTP/1.1 200 OK"
2026-05-07 04:09:08,519 | INFO | httpx | HTTP Request: GET https://api.cloud.llamaindex.ai/api/v2/parse/pjb-wt4dmxa81befi0o1u58mkdryuqll "HTTP/1.1 200 OK"
2026-05-07 04:09:11,878 | INFO | httpx | HTTP Request: GET https://api.cloud.llamaindex.ai/api/v2/parse/pjb-wt4dmxa81befi0o1u58mkdryuqll "HTTP/1.1 200 OK"
2026-05-07 04:09:16,281 | INFO | httpx | HTTP Request: GET https://api.cloud.llamaindex.ai/api/v2/parse/pjb-wt4dmxa81befi0o1u58mkdryuqll "HTTP/1.1 200 OK"
2026-05-07 04:09:22,238 | INFO | httpx | HTTP Request: GET https://api.cloud.llamaindex.ai/api/v2/parse/pjb-wt4dmxa81befi0o1u58mkdryuqll "HTTP/1.1 200 OK"
2026-05-07 04:09:27,536 | INFO | httpx | HTTP Request: GET https://api.cloud.llamaindex.ai/api/v2/parse/pjb-wt4dmxa81befi0o1u58mkdryuqll "HTTP/1.1 200 OK"
2026-05-07 04:09:28,087 | INFO | httpx | HTTP Request: GET https://api.cloud.llamaindex.ai/api/v2/parse/pjb-wt4dmxa81befi0o1u58mkdryuqll?expand=markdown_full&expand=text_full "HTTP/1.1 200 OK"
2026-05-07 04:09:30,732 | INFO | httpx | HTTP Request: POST https://api.cloud.llamaindex.ai/api/v1/beta/files "HTTP/1.1 201 Created"
2026-05-07 04:09:31,147 | INFO | httpx | HTTP Request: POST https://api.cloud.llamaindex.ai/api/v2/parse "HTTP/1.1 200 OK"
2026-05-07 04:09:32,460 | INFO | httpx | HTTP Request: GET https://api.cloud.llamaindex.ai/api/v2/parse/pjb-ah9hf1upk7mdvnczeeih8dg735pa "HTTP/1.1 200 OK"
2026-05-07 04:09:34,838 | INFO | httpx | HTTP Request: GET https://api.cloud.llamaindex.ai/api/v2/parse/pjb-ah9hf1upk7mdvnczeeih8dg735pa "HTTP/1.1 200 OK"
2026-05-07 04:09:38,162 | INFO | httpx | HTTP Request: GET https://api.cloud.llamaindex.ai/api/v2/parse/pjb-ah9hf1upk7mdvnczeeih8dg735pa "HTTP/1.1 200 OK"
2026-05-07 04:09:42,625 | INFO | httpx | HTTP Request: GET https://api.cloud.llamaindex.ai/api/v2/parse/pjb-ah9hf1upk7mdvnczeeih8dg735pa "HTTP/1.1 200 OK"
2026-05-07 04:09:48,511 | INFO | httpx | HTTP Request: GET https://api.cloud.llamaindex.ai/api/v2/parse/pjb-ah9hf1upk7mdvnczeeih8dg735pa "HTTP/1.1 200 OK"
2026-05-07 04:09:54,343 | INFO | httpx | HTTP Request: GET https://api.cloud.llamaindex.ai/api/v2/parse/pjb-ah9hf1upk7mdvnczeeih8dg735pa "HTTP/1.1 200 OK"
2026-05-07 04:09:54,856 | INFO | httpx | HTTP Request: GET https://api.cloud.llamaindex.ai/api/v2/parse/pjb-ah9hf1upk7mdvnczeeih8dg735pa?expand=markdown_full&expand=text_full "HTTP/1.1 200 OK"
2026-05-07 04:09:57,464 | INFO | httpx | HTTP Request: POST https://api.cloud.llamaindex.ai/api/v1/beta/files "HTTP/1.1 201 Created"
2026-05-07 04:09:57,895 | INFO | httpx | HTTP Request: POST https://api.cloud.llamaindex.ai/api/v2/parse "HTTP/1.1 200 OK"
2026-05-07 04:09:59,317 | INFO | httpx | HTTP Request: GET https://api.cloud.llamaindex.ai/api/v2/parse/pjb-o5pikl4j03705sdckyoqpwvnu655 "HTTP/1.1 200 OK"
2026-05-07 04:10:01,640 | INFO | httpx | HTTP Request: GET https://api.cloud.llamaindex.ai/api/v2/parse/pjb-o5pikl4j03705sdckyoqpwvnu655 "HTTP/1.1 200 OK"
2026-05-07 04:10:04,967 | INFO | httpx | HTTP Request: GET https://api.cloud.llamaindex.ai/api/v2/parse/pjb-o5pikl4j03705sdckyoqpwvnu655 "HTTP/1.1 200 OK"
2026-05-07 04:10:09,274 | INFO | httpx | HTTP Request: GET https://api.cloud.llamaindex.ai/api/v2/parse/pjb-o5pikl4j03705sdckyoqpwvnu655 "HTTP/1.1 200 OK"
2026-05-07 04:10:14,668 | INFO | httpx | HTTP Request: GET https://api.cloud.llamaindex.ai/api/v2/parse/pjb-o5pikl4j03705sdckyoqpwvnu655 "HTTP/1.1 200 OK"
2026-05-07 04:10:20,541 | INFO | httpx | HTTP Request: GET https://api.cloud.llamaindex.ai/api/v2/parse/pjb-o5pikl4j03705sdckyoqpwvnu655 "HTTP/1.1 200 OK"
2026-05-07 04:10:21,080 | INFO | httpx | HTTP Request: GET https://api.cloud.llamaindex.ai/api/v2/parse/pjb-o5pikl4j03705sdckyoqpwvnu655?expand=markdown_full&expand=text_full "HTTP/1.1 200 OK"
2026-05-07 04:10:24,017 | INFO | httpx | HTTP Request: POST https://api.cloud.llamaindex.ai/api/v1/beta/files "HTTP/1.1 201 Created"
2026-05-07 04:10:24,443 | INFO | httpx | HTTP Request: POST https://api.cloud.llamaindex.ai/api/v2/parse "HTTP/1.1 200 OK"
2026-05-07 04:10:25,787 | INFO | httpx | HTTP Request: GET https://api.cloud.llamaindex.ai/api/v2/parse/pjb-q8wxh2jwold4hsuthqypm3kefx6g "HTTP/1.1 200 OK"
2026-05-07 04:10:28,091 | INFO | httpx | HTTP Request: GET https://api.cloud.llamaindex.ai/api/v2/parse/pjb-q8wxh2jwold4hsuthqypm3kefx6g "HTTP/1.1 200 OK"
2026-05-07 04:10:31,463 | INFO | httpx | HTTP Request: GET https://api.cloud.llamaindex.ai/api/v2/parse/pjb-q8wxh2jwold4hsuthqypm3kefx6g "HTTP/1.1 200 OK"
2026-05-07 04:10:35,770 | INFO | httpx | HTTP Request: GET https://api.cloud.llamaindex.ai/api/v2/parse/pjb-q8wxh2jwold4hsuthqypm3kefx6g "HTTP/1.1 200 OK"
2026-05-07 04:10:41,679 | INFO | httpx | HTTP Request: GET https://api.cloud.llamaindex.ai/api/v2/parse/pjb-q8wxh2jwold4hsuthqypm3kefx6g "HTTP/1.1 200 OK"
2026-05-07 04:10:47,563 | INFO | httpx | HTTP Request: GET https://api.cloud.llamaindex.ai/api/v2/parse/pjb-q8wxh2jwold4hsuthqypm3kefx6g "HTTP/1.1 200 OK"
2026-05-07 04:10:48,023 | INFO | httpx | HTTP Request: GET https://api.cloud.llamaindex.ai/api/v2/parse/pjb-q8wxh2jwold4hsuthqypm3kefx6g?expand=markdown_full&expand=text_full "HTTP/1.1 200 OK"
2026-05-07 04:10:53,360 | INFO | httpx | HTTP Request: POST https://api.cloud.llamaindex.ai/api/v1/beta/files "HTTP/1.1 201 Created"
2026-05-07 04:10:53,858 | INFO | httpx | HTTP Request: POST https://api.cloud.llamaindex.ai/api/v2/parse "HTTP/1.1 200 OK"
2026-05-07 04:10:55,191 | INFO | httpx | HTTP Request: GET https://api.cloud.llamaindex.ai/api/v2/parse/pjb-35zrydlxt6u7b013vmzlq9r02joc "HTTP/1.1 200 OK"
2026-05-07 04:10:57,533 | INFO | httpx | HTTP Request: GET https://api.cloud.llamaindex.ai/api/v2/parse/pjb-35zrydlxt6u7b013vmzlq9r02joc "HTTP/1.1 200 OK"
2026-05-07 04:11:00,844 | INFO | httpx | HTTP Request: GET https://api.cloud.llamaindex.ai/api/v2/parse/pjb-35zrydlxt6u7b013vmzlq9r02joc "HTTP/1.1 200 OK"
2026-05-07 04:11:05,160 | INFO | httpx | HTTP Request: GET https://api.cloud.llamaindex.ai/api/v2/parse/pjb-35zrydlxt6u7b013vmzlq9r02joc "HTTP/1.1 200 OK"
2026-05-07 04:11:10,486 | INFO | httpx | HTTP Request: GET https://api.cloud.llamaindex.ai/api/v2/parse/pjb-35zrydlxt6u7b013vmzlq9r02joc "HTTP/1.1 200 OK"
2026-05-07 04:11:15,812 | INFO | httpx | HTTP Request: GET https://api.cloud.llamaindex.ai/api/v2/parse/pjb-35zrydlxt6u7b013vmzlq9r02joc "HTTP/1.1 200 OK"
2026-05-07 04:11:16,588 | INFO | httpx | HTTP Request: GET https://api.cloud.llamaindex.ai/api/v2/parse/pjb-35zrydlxt6u7b013vmzlq9r02joc?expand=markdown_full&expand=text_full "HTTP/1.1 200 OK"
2026-05-07 04:11:19,177 | INFO | httpx | HTTP Request: POST https://api.cloud.llamaindex.ai/api/v1/beta/files "HTTP/1.1 201 Created"
2026-05-07 04:11:19,597 | INFO | httpx | HTTP Request: POST https://api.cloud.llamaindex.ai/api/v2/parse "HTTP/1.1 200 OK"
2026-05-07 04:11:20,922 | INFO | httpx | HTTP Request: GET https://api.cloud.llamaindex.ai/api/v2/parse/pjb-f0mat9j54w5gvxemghk43fl9bb7d "HTTP/1.1 200 OK"
2026-05-07 04:11:23,288 | INFO | httpx | HTTP Request: GET https://api.cloud.llamaindex.ai/api/v2/parse/pjb-f0mat9j54w5gvxemghk43fl9bb7d "HTTP/1.1 200 OK"
2026-05-07 04:11:26,668 | INFO | httpx | HTTP Request: GET https://api.cloud.llamaindex.ai/api/v2/parse/pjb-f0mat9j54w5gvxemghk43fl9bb7d "HTTP/1.1 200 OK"
2026-05-07 04:11:31,270 | INFO | httpx | HTTP Request: GET https://api.cloud.llamaindex.ai/api/v2/parse/pjb-f0mat9j54w5gvxemghk43fl9bb7d "HTTP/1.1 200 OK"
2026-05-07 04:11:36,590 | INFO | httpx | HTTP Request: GET https://api.cloud.llamaindex.ai/api/v2/parse/pjb-f0mat9j54w5gvxemghk43fl9bb7d "HTTP/1.1 200 OK"
2026-05-07 04:11:42,499 | INFO | httpx | HTTP Request: GET https://api.cloud.llamaindex.ai/api/v2/parse/pjb-f0mat9j54w5gvxemghk43fl9bb7d "HTTP/1.1 200 OK"
2026-05-07 04:11:43,040 | INFO | httpx | HTTP Request: GET https://api.cloud.llamaindex.ai/api/v2/parse/pjb-f0mat9j54w5gvxemghk43fl9bb7d?expand=markdown_full&expand=text_full "HTTP/1.1 200 OK"
2026-05-07 04:11:45,585 | INFO | httpx | HTTP Request: POST https://api.cloud.llamaindex.ai/api/v1/beta/files "HTTP/1.1 201 Created"
2026-05-07 04:11:46,215 | INFO | httpx | HTTP Request: POST https://api.cloud.llamaindex.ai/api/v2/parse "HTTP/1.1 200 OK"
2026-05-07 04:11:47,650 | INFO | httpx | HTTP Request: GET https://api.cloud.llamaindex.ai/api/v2/parse/pjb-ze0gp9cx5ghonlf8kc2r8rdhkeyp "HTTP/1.1 200 OK"
2026-05-07 04:11:50,013 | INFO | httpx | HTTP Request: GET https://api.cloud.llamaindex.ai/api/v2/parse/pjb-ze0gp9cx5ghonlf8kc2r8rdhkeyp "HTTP/1.1 200 OK"
2026-05-07 04:11:53,373 | INFO | httpx | HTTP Request: GET https://api.cloud.llamaindex.ai/api/v2/parse/pjb-ze0gp9cx5ghonlf8kc2r8rdhkeyp "HTTP/1.1 200 OK"
2026-05-07 04:11:57,683 | INFO | httpx | HTTP Request: GET https://api.cloud.llamaindex.ai/api/v2/parse/pjb-ze0gp9cx5ghonlf8kc2r8rdhkeyp "HTTP/1.1 200 OK"
2026-05-07 04:12:03,496 | INFO | httpx | HTTP Request: GET https://api.cloud.llamaindex.ai/api/v2/parse/pjb-ze0gp9cx5ghonlf8kc2r8rdhkeyp "HTTP/1.1 200 OK"
2026-05-07 04:12:09,343 | INFO | httpx | HTTP Request: GET https://api.cloud.llamaindex.ai/api/v2/parse/pjb-ze0gp9cx5ghonlf8kc2r8rdhkeyp "HTTP/1.1 200 OK"
2026-05-07 04:12:09,867 | INFO | httpx | HTTP Request: GET https://api.cloud.llamaindex.ai/api/v2/parse/pjb-ze0gp9cx5ghonlf8kc2r8rdhkeyp?expand=markdown_full&expand=text_full "HTTP/1.1 200 OK"
2026-05-07 04:12:12,541 | INFO | httpx | HTTP Request: POST https://api.cloud.llamaindex.ai/api/v1/beta/files "HTTP/1.1 201 Created"
2026-05-07 04:12:12,961 | INFO | httpx | HTTP Request: POST https://api.cloud.llamaindex.ai/api/v2/parse "HTTP/1.1 200 OK"
2026-05-07 04:12:14,264 | INFO | httpx | HTTP Request: GET https://api.cloud.llamaindex.ai/api/v2/parse/pjb-vh95fip7st11yojrp2dqo74sjdzv "HTTP/1.1 200 OK"
2026-05-07 04:12:16,601 | INFO | httpx | HTTP Request: GET https://api.cloud.llamaindex.ai/api/v2/parse/pjb-vh95fip7st11yojrp2dqo74sjdzv "HTTP/1.1 200 OK"
2026-05-07 04:12:19,940 | INFO | httpx | HTTP Request: GET https://api.cloud.llamaindex.ai/api/v2/parse/pjb-vh95fip7st11yojrp2dqo74sjdzv "HTTP/1.1 200 OK"
2026-05-07 04:12:24,277 | INFO | httpx | HTTP Request: GET https://api.cloud.llamaindex.ai/api/v2/parse/pjb-vh95fip7st11yojrp2dqo74sjdzv "HTTP/1.1 200 OK"
2026-05-07 04:12:30,123 | INFO | httpx | HTTP Request: GET https://api.cloud.llamaindex.ai/api/v2/parse/pjb-vh95fip7st11yojrp2dqo74sjdzv "HTTP/1.1 200 OK"
2026-05-07 04:12:35,476 | INFO | httpx | HTTP Request: GET https://api.cloud.llamaindex.ai/api/v2/parse/pjb-vh95fip7st11yojrp2dqo74sjdzv "HTTP/1.1 200 OK"
2026-05-07 04:12:35,955 | INFO | httpx | HTTP Request: GET https://api.cloud.llamaindex.ai/api/v2/parse/pjb-vh95fip7st11yojrp2dqo74sjdzv?expand=markdown_full&expand=text_full "HTTP/1.1 200 OK"
2026-05-07 04:12:38,345 | INFO | httpx | HTTP Request: POST https://api.cloud.llamaindex.ai/api/v1/beta/files "HTTP/1.1 201 Created"
2026-05-07 04:12:38,878 | INFO | httpx | HTTP Request: POST https://api.cloud.llamaindex.ai/api/v2/parse "HTTP/1.1 200 OK"
2026-05-07 04:12:40,191 | INFO | httpx | HTTP Request: GET https://api.cloud.llamaindex.ai/api/v2/parse/pjb-s7hr1rcgwk9v7lolim4q2sotmlqo "HTTP/1.1 200 OK"
2026-05-07 04:12:42,534 | INFO | httpx | HTTP Request: GET https://api.cloud.llamaindex.ai/api/v2/parse/pjb-s7hr1rcgwk9v7lolim4q2sotmlqo "HTTP/1.1 200 OK"
2026-05-07 04:12:45,868 | INFO | httpx | HTTP Request: GET https://api.cloud.llamaindex.ai/api/v2/parse/pjb-s7hr1rcgwk9v7lolim4q2sotmlqo "HTTP/1.1 200 OK"
2026-05-07 04:12:50,224 | INFO | httpx | HTTP Request: GET https://api.cloud.llamaindex.ai/api/v2/parse/pjb-s7hr1rcgwk9v7lolim4q2sotmlqo "HTTP/1.1 200 OK"
2026-05-07 04:12:55,541 | INFO | httpx | HTTP Request: GET https://api.cloud.llamaindex.ai/api/v2/parse/pjb-s7hr1rcgwk9v7lolim4q2sotmlqo "HTTP/1.1 200 OK"
2026-05-07 04:13:01,457 | INFO | httpx | HTTP Request: GET https://api.cloud.llamaindex.ai/api/v2/parse/pjb-s7hr1rcgwk9v7lolim4q2sotmlqo "HTTP/1.1 200 OK"
2026-05-07 04:13:01,930 | INFO | httpx | HTTP Request: GET https://api.cloud.llamaindex.ai/api/v2/parse/pjb-s7hr1rcgwk9v7lolim4q2sotmlqo?expand=markdown_full&expand=text_full "HTTP/1.1 200 OK"
2026-05-07 04:13:04,480 | INFO | httpx | HTTP Request: POST https://api.cloud.llamaindex.ai/api/v1/beta/files "HTTP/1.1 201 Created"
2026-05-07 04:13:05,073 | INFO | httpx | HTTP Request: POST https://api.cloud.llamaindex.ai/api/v2/parse "HTTP/1.1 200 OK"
2026-05-07 04:13:06,496 | INFO | httpx | HTTP Request: GET https://api.cloud.llamaindex.ai/api/v2/parse/pjb-fjid9964iykt9b9m3bxywj3hv6aw "HTTP/1.1 200 OK"
2026-05-07 04:13:08,861 | INFO | httpx | HTTP Request: GET https://api.cloud.llamaindex.ai/api/v2/parse/pjb-fjid9964iykt9b9m3bxywj3hv6aw "HTTP/1.1 200 OK"
2026-05-07 04:13:12,243 | INFO | httpx | HTTP Request: GET https://api.cloud.llamaindex.ai/api/v2/parse/pjb-fjid9964iykt9b9m3bxywj3hv6aw "HTTP/1.1 200 OK"
2026-05-07 04:13:16,577 | INFO | httpx | HTTP Request: GET https://api.cloud.llamaindex.ai/api/v2/parse/pjb-fjid9964iykt9b9m3bxywj3hv6aw "HTTP/1.1 200 OK"
2026-05-07 04:13:21,965 | INFO | httpx | HTTP Request: GET https://api.cloud.llamaindex.ai/api/v2/parse/pjb-fjid9964iykt9b9m3bxywj3hv6aw "HTTP/1.1 200 OK"
2026-05-07 04:13:28,059 | INFO | httpx | HTTP Request: GET https://api.cloud.llamaindex.ai/api/v2/parse/pjb-fjid9964iykt9b9m3bxywj3hv6aw "HTTP/1.1 200 OK"
2026-05-07 04:13:28,702 | INFO | httpx | HTTP Request: GET https://api.cloud.llamaindex.ai/api/v2/parse/pjb-fjid9964iykt9b9m3bxywj3hv6aw?expand=markdown_full&expand=text_full "HTTP/1.1 200 OK"
2026-05-07 04:13:31,697 | INFO | httpx | HTTP Request: POST https://api.cloud.llamaindex.ai/api/v1/beta/files "HTTP/1.1 201 Created"
2026-05-07 04:13:32,305 | INFO | httpx | HTTP Request: POST https://api.cloud.llamaindex.ai/api/v2/parse "HTTP/1.1 200 OK"
2026-05-07 04:13:33,735 | INFO | httpx | HTTP Request: GET https://api.cloud.llamaindex.ai/api/v2/parse/pjb-e5emyibkrv625ma55ep4plfaq2iz "HTTP/1.1 200 OK"
2026-05-07 04:13:36,203 | INFO | httpx | HTTP Request: GET https://api.cloud.llamaindex.ai/api/v2/parse/pjb-e5emyibkrv625ma55ep4plfaq2iz "HTTP/1.1 200 OK"
2026-05-07 04:13:39,589 | INFO | httpx | HTTP Request: GET https://api.cloud.llamaindex.ai/api/v2/parse/pjb-e5emyibkrv625ma55ep4plfaq2iz "HTTP/1.1 200 OK"
2026-05-07 04:13:44,078 | INFO | httpx | HTTP Request: GET https://api.cloud.llamaindex.ai/api/v2/parse/pjb-e5emyibkrv625ma55ep4plfaq2iz "HTTP/1.1 200 OK"
2026-05-07 04:13:49,960 | INFO | httpx | HTTP Request: GET https://api.cloud.llamaindex.ai/api/v2/parse/pjb-e5emyibkrv625ma55ep4plfaq2iz "HTTP/1.1 200 OK"
2026-05-07 04:13:56,088 | INFO | httpx | HTTP Request: GET https://api.cloud.llamaindex.ai/api/v2/parse/pjb-e5emyibkrv625ma55ep4plfaq2iz "HTTP/1.1 200 OK"
2026-05-07 04:13:56,648 | INFO | httpx | HTTP Request: GET https://api.cloud.llamaindex.ai/api/v2/parse/pjb-e5emyibkrv625ma55ep4plfaq2iz?expand=markdown_full&expand=text_full "HTTP/1.1 200 OK"
2026-05-07 04:13:59,854 | INFO | httpx | HTTP Request: POST https://api.cloud.llamaindex.ai/api/v1/beta/files "HTTP/1.1 201 Created"
2026-05-07 04:14:00,372 | INFO | httpx | HTTP Request: POST https://api.cloud.llamaindex.ai/api/v2/parse "HTTP/1.1 200 OK"
2026-05-07 04:14:01,763 | INFO | httpx | HTTP Request: GET https://api.cloud.llamaindex.ai/api/v2/parse/pjb-16si3wk7zrx1pfka5dfezyjkgliu "HTTP/1.1 200 OK"
2026-05-07 04:14:04,251 | INFO | httpx | HTTP Request: GET https://api.cloud.llamaindex.ai/api/v2/parse/pjb-16si3wk7zrx1pfka5dfezyjkgliu "HTTP/1.1 200 OK"
2026-05-07 04:14:07,736 | INFO | httpx | HTTP Request: GET https://api.cloud.llamaindex.ai/api/v2/parse/pjb-16si3wk7zrx1pfka5dfezyjkgliu "HTTP/1.1 200 OK"
2026-05-07 04:14:12,248 | INFO | httpx | HTTP Request: GET https://api.cloud.llamaindex.ai/api/v2/parse/pjb-16si3wk7zrx1pfka5dfezyjkgliu "HTTP/1.1 200 OK"
2026-05-07 04:14:17,678 | INFO | httpx | HTTP Request: GET https://api.cloud.llamaindex.ai/api/v2/parse/pjb-16si3wk7zrx1pfka5dfezyjkgliu "HTTP/1.1 200 OK"
2026-05-07 04:14:23,602 | INFO | httpx | HTTP Request: GET https://api.cloud.llamaindex.ai/api/v2/parse/pjb-16si3wk7zrx1pfka5dfezyjkgliu "HTTP/1.1 200 OK"
2026-05-07 04:14:29,713 | INFO | httpx | HTTP Request: GET https://api.cloud.llamaindex.ai/api/v2/parse/pjb-16si3wk7zrx1pfka5dfezyjkgliu "HTTP/1.1 200 OK"
2026-05-07 04:14:30,468 | INFO | httpx | HTTP Request: GET https://api.cloud.llamaindex.ai/api/v2/parse/pjb-16si3wk7zrx1pfka5dfezyjkgliu?expand=markdown_full&expand=text_full "HTTP/1.1 200 OK"
2026-05-07 04:14:33,545 | INFO | httpx | HTTP Request: POST https://api.cloud.llamaindex.ai/api/v1/beta/files "HTTP/1.1 201 Created"
2026-05-07 04:14:34,153 | INFO | httpx | HTTP Request: POST https://api.cloud.llamaindex.ai/api/v2/parse "HTTP/1.1 200 OK"
2026-05-07 04:14:35,593 | INFO | httpx | HTTP Request: GET https://api.cloud.llamaindex.ai/api/v2/parse/pjb-4e5igolygsbe2gt6hf6ejf85i0kh "HTTP/1.1 200 OK"
2026-05-07 04:14:38,051 | INFO | httpx | HTTP Request: GET https://api.cloud.llamaindex.ai/api/v2/parse/pjb-4e5igolygsbe2gt6hf6ejf85i0kh "HTTP/1.1 200 OK"
2026-05-07 04:14:41,432 | INFO | httpx | HTTP Request: GET https://api.cloud.llamaindex.ai/api/v2/parse/pjb-4e5igolygsbe2gt6hf6ejf85i0kh "HTTP/1.1 200 OK"
2026-05-07 04:14:59,351 | INFO | httpx | HTTP Request: GET https://api.cloud.llamaindex.ai/api/v2/parse/pjb-4e5igolygsbe2gt6hf6ejf85i0kh "HTTP/1.1 200 OK"
2026-05-07 04:14:59,957 | INFO | httpx | HTTP Request: GET https://api.cloud.llamaindex.ai/api/v2/parse/pjb-4e5igolygsbe2gt6hf6ejf85i0kh?expand=markdown_full&expand=text_full "HTTP/1.1 200 OK"
2026-05-07 04:15:03,713 | INFO | httpx | HTTP Request: POST https://api.cloud.llamaindex.ai/api/v1/beta/files "HTTP/1.1 201 Created"
2026-05-07 04:15:04,356 | INFO | httpx | HTTP Request: POST https://api.cloud.llamaindex.ai/api/v2/parse "HTTP/1.1 200 OK"
2026-05-07 04:15:05,899 | INFO | httpx | HTTP Request: GET https://api.cloud.llamaindex.ai/api/v2/parse/pjb-2sw3pzd6a20qrtx8e07j36kds2up "HTTP/1.1 200 OK"
2026-05-07 04:15:08,356 | INFO | httpx | HTTP Request: GET https://api.cloud.llamaindex.ai/api/v2/parse/pjb-2sw3pzd6a20qrtx8e07j36kds2up "HTTP/1.1 200 OK"
2026-05-07 04:15:11,762 | INFO | httpx | HTTP Request: GET https://api.cloud.llamaindex.ai/api/v2/parse/pjb-2sw3pzd6a20qrtx8e07j36kds2up "HTTP/1.1 200 OK"
2026-05-07 04:15:16,167 | INFO | httpx | HTTP Request: GET https://api.cloud.llamaindex.ai/api/v2/parse/pjb-2sw3pzd6a20qrtx8e07j36kds2up "HTTP/1.1 200 OK"
2026-05-07 04:15:22,058 | INFO | httpx | HTTP Request: GET https://api.cloud.llamaindex.ai/api/v2/parse/pjb-2sw3pzd6a20qrtx8e07j36kds2up "HTTP/1.1 200 OK"
2026-05-07 04:15:27,385 | INFO | httpx | HTTP Request: GET https://api.cloud.llamaindex.ai/api/v2/parse/pjb-2sw3pzd6a20qrtx8e07j36kds2up "HTTP/1.1 200 OK"
2026-05-07 04:15:27,929 | INFO | httpx | HTTP Request: GET https://api.cloud.llamaindex.ai/api/v2/parse/pjb-2sw3pzd6a20qrtx8e07j36kds2up?expand=markdown_full&expand=text_full "HTTP/1.1 200 OK"
2026-05-07 04:15:30,416 | INFO | httpx | HTTP Request: POST https://api.cloud.llamaindex.ai/api/v1/beta/files "HTTP/1.1 201 Created"
2026-05-07 04:15:30,833 | INFO | httpx | HTTP Request: POST https://api.cloud.llamaindex.ai/api/v2/parse "HTTP/1.1 200 OK"
2026-05-07 04:15:32,148 | INFO | httpx | HTTP Request: GET https://api.cloud.llamaindex.ai/api/v2/parse/pjb-8n7il0s4cvkv4cuaolm88m6lemm2 "HTTP/1.1 200 OK"
2026-05-07 04:15:34,464 | INFO | httpx | HTTP Request: GET https://api.cloud.llamaindex.ai/api/v2/parse/pjb-8n7il0s4cvkv4cuaolm88m6lemm2 "HTTP/1.1 200 OK"
2026-05-07 04:15:37,763 | INFO | httpx | HTTP Request: GET https://api.cloud.llamaindex.ai/api/v2/parse/pjb-8n7il0s4cvkv4cuaolm88m6lemm2 "HTTP/1.1 200 OK"
2026-05-07 04:15:42,079 | INFO | httpx | HTTP Request: GET https://api.cloud.llamaindex.ai/api/v2/parse/pjb-8n7il0s4cvkv4cuaolm88m6lemm2 "HTTP/1.1 200 OK"
2026-05-07 04:15:47,435 | INFO | httpx | HTTP Request: GET https://api.cloud.llamaindex.ai/api/v2/parse/pjb-8n7il0s4cvkv4cuaolm88m6lemm2 "HTTP/1.1 200 OK"
2026-05-07 04:15:52,812 | INFO | httpx | HTTP Request: GET https://api.cloud.llamaindex.ai/api/v2/parse/pjb-8n7il0s4cvkv4cuaolm88m6lemm2 "HTTP/1.1 200 OK"
2026-05-07 04:15:53,259 | INFO | httpx | HTTP Request: GET https://api.cloud.llamaindex.ai/api/v2/parse/pjb-8n7il0s4cvkv4cuaolm88m6lemm2?expand=markdown_full&expand=text_full "HTTP/1.1 200 OK"
2026-05-07 04:15:55,917 | INFO | httpx | HTTP Request: POST https://api.cloud.llamaindex.ai/api/v1/beta/files "HTTP/1.1 201 Created"
2026-05-07 04:15:56,396 | INFO | httpx | HTTP Request: POST https://api.cloud.llamaindex.ai/api/v2/parse "HTTP/1.1 200 OK"
2026-05-07 04:15:57,756 | INFO | httpx | HTTP Request: GET https://api.cloud.llamaindex.ai/api/v2/parse/pjb-8akrvkfnmgjtmv681e9qy1ooamss "HTTP/1.1 200 OK"
2026-05-07 04:16:00,130 | INFO | httpx | HTTP Request: GET https://api.cloud.llamaindex.ai/api/v2/parse/pjb-8akrvkfnmgjtmv681e9qy1ooamss "HTTP/1.1 200 OK"
2026-05-07 04:16:03,459 | INFO | httpx | HTTP Request: GET https://api.cloud.llamaindex.ai/api/v2/parse/pjb-8akrvkfnmgjtmv681e9qy1ooamss "HTTP/1.1 200 OK"
2026-05-07 04:16:07,853 | INFO | httpx | HTTP Request: GET https://api.cloud.llamaindex.ai/api/v2/parse/pjb-8akrvkfnmgjtmv681e9qy1ooamss "HTTP/1.1 200 OK"
2026-05-07 04:16:13,705 | INFO | httpx | HTTP Request: GET https://api.cloud.llamaindex.ai/api/v2/parse/pjb-8akrvkfnmgjtmv681e9qy1ooamss "HTTP/1.1 200 OK"
2026-05-07 04:16:19,630 | INFO | httpx | HTTP Request: GET https://api.cloud.llamaindex.ai/api/v2/parse/pjb-8akrvkfnmgjtmv681e9qy1ooamss "HTTP/1.1 200 OK"
2026-05-07 04:16:20,127 | INFO | httpx | HTTP Request: GET https://api.cloud.llamaindex.ai/api/v2/parse/pjb-8akrvkfnmgjtmv681e9qy1ooamss?expand=markdown_full&expand=text_full "HTTP/1.1 200 OK"
2026-05-07 04:16:22,698 | INFO | httpx | HTTP Request: POST https://api.cloud.llamaindex.ai/api/v1/beta/files "HTTP/1.1 201 Created"
2026-05-07 04:16:28,659 | INFO | httpx | HTTP Request: POST https://api.cloud.llamaindex.ai/api/v2/parse "HTTP/1.1 200 OK"
2026-05-07 04:16:29,999 | INFO | httpx | HTTP Request: GET https://api.cloud.llamaindex.ai/api/v2/parse/pjb-pnk3ulg38qfxvz4kfggjr7214umu "HTTP/1.1 200 OK"
2026-05-07 04:16:32,373 | INFO | httpx | HTTP Request: GET https://api.cloud.llamaindex.ai/api/v2/parse/pjb-pnk3ulg38qfxvz4kfggjr7214umu "HTTP/1.1 200 OK"
2026-05-07 04:16:35,713 | INFO | httpx | HTTP Request: GET https://api.cloud.llamaindex.ai/api/v2/parse/pjb-pnk3ulg38qfxvz4kfggjr7214umu "HTTP/1.1 200 OK"
2026-05-07 04:16:40,398 | INFO | httpx | HTTP Request: GET https://api.cloud.llamaindex.ai/api/v2/parse/pjb-pnk3ulg38qfxvz4kfggjr7214umu "HTTP/1.1 200 OK"
2026-05-07 04:16:46,578 | INFO | httpx | HTTP Request: GET https://api.cloud.llamaindex.ai/api/v2/parse/pjb-pnk3ulg38qfxvz4kfggjr7214umu "HTTP/1.1 200 OK"
2026-05-07 04:16:52,001 | INFO | httpx | HTTP Request: GET https://api.cloud.llamaindex.ai/api/v2/parse/pjb-pnk3ulg38qfxvz4kfggjr7214umu "HTTP/1.1 200 OK"
2026-05-07 04:16:52,603 | INFO | httpx | HTTP Request: GET https://api.cloud.llamaindex.ai/api/v2/parse/pjb-pnk3ulg38qfxvz4kfggjr7214umu?expand=markdown_full&expand=text_full "HTTP/1.1 200 OK"
2026-05-07 04:16:55,582 | INFO | httpx | HTTP Request: POST https://api.cloud.llamaindex.ai/api/v1/beta/files "HTTP/1.1 201 Created"
2026-05-07 04:16:55,988 | INFO | httpx | HTTP Request: POST https://api.cloud.llamaindex.ai/api/v2/parse "HTTP/1.1 200 OK"
2026-05-07 04:16:57,313 | INFO | httpx | HTTP Request: GET https://api.cloud.llamaindex.ai/api/v2/parse/pjb-nc4d3pdzyoje81ak98358x0zvdcz "HTTP/1.1 200 OK"
2026-05-07 04:16:59,673 | INFO | httpx | HTTP Request: GET https://api.cloud.llamaindex.ai/api/v2/parse/pjb-nc4d3pdzyoje81ak98358x0zvdcz "HTTP/1.1 200 OK"
2026-05-07 04:17:03,094 | INFO | httpx | HTTP Request: GET https://api.cloud.llamaindex.ai/api/v2/parse/pjb-nc4d3pdzyoje81ak98358x0zvdcz "HTTP/1.1 200 OK"
2026-05-07 04:17:07,423 | INFO | httpx | HTTP Request: GET https://api.cloud.llamaindex.ai/api/v2/parse/pjb-nc4d3pdzyoje81ak98358x0zvdcz "HTTP/1.1 200 OK"
2026-05-07 04:17:12,727 | INFO | httpx | HTTP Request: GET https://api.cloud.llamaindex.ai/api/v2/parse/pjb-nc4d3pdzyoje81ak98358x0zvdcz "HTTP/1.1 200 OK"
2026-05-07 04:17:18,950 | INFO | httpx | HTTP Request: GET https://api.cloud.llamaindex.ai/api/v2/parse/pjb-nc4d3pdzyoje81ak98358x0zvdcz "HTTP/1.1 200 OK"
2026-05-07 04:17:19,639 | INFO | httpx | HTTP Request: GET https://api.cloud.llamaindex.ai/api/v2/parse/pjb-nc4d3pdzyoje81ak98358x0zvdcz?expand=markdown_full&expand=text_full "HTTP/1.1 200 OK"
2026-05-07 04:17:22,610 | INFO | httpx | HTTP Request: POST https://api.cloud.llamaindex.ai/api/v1/beta/files "HTTP/1.1 201 Created"
2026-05-07 04:17:23,169 | INFO | httpx | HTTP Request: POST https://api.cloud.llamaindex.ai/api/v2/parse "HTTP/1.1 200 OK"
2026-05-07 04:17:24,667 | INFO | httpx | HTTP Request: GET https://api.cloud.llamaindex.ai/api/v2/parse/pjb-s5afw57f4vu3d0y9ooq94mnxumdg "HTTP/1.1 200 OK"
2026-05-07 04:17:27,088 | INFO | httpx | HTTP Request: GET https://api.cloud.llamaindex.ai/api/v2/parse/pjb-s5afw57f4vu3d0y9ooq94mnxumdg "HTTP/1.1 200 OK"
2026-05-07 04:17:30,549 | INFO | httpx | HTTP Request: GET https://api.cloud.llamaindex.ai/api/v2/parse/pjb-s5afw57f4vu3d0y9ooq94mnxumdg "HTTP/1.1 200 OK"
2026-05-07 04:17:35,008 | INFO | httpx | HTTP Request: GET https://api.cloud.llamaindex.ai/api/v2/parse/pjb-s5afw57f4vu3d0y9ooq94mnxumdg "HTTP/1.1 200 OK"
2026-05-07 04:17:40,439 | INFO | httpx | HTTP Request: GET https://api.cloud.llamaindex.ai/api/v2/parse/pjb-s5afw57f4vu3d0y9ooq94mnxumdg "HTTP/1.1 200 OK"
2026-05-07 04:17:45,967 | INFO | httpx | HTTP Request: GET https://api.cloud.llamaindex.ai/api/v2/parse/pjb-s5afw57f4vu3d0y9ooq94mnxumdg "HTTP/1.1 200 OK"
2026-05-07 04:17:46,778 | INFO | httpx | HTTP Request: GET https://api.cloud.llamaindex.ai/api/v2/parse/pjb-s5afw57f4vu3d0y9ooq94mnxumdg?expand=markdown_full&expand=text_full "HTTP/1.1 200 OK"
2026-05-07 04:17:49,647 | INFO | httpx | HTTP Request: POST https://api.cloud.llamaindex.ai/api/v1/beta/files "HTTP/1.1 201 Created"
2026-05-07 04:17:50,143 | INFO | httpx | HTTP Request: POST https://api.cloud.llamaindex.ai/api/v2/parse "HTTP/1.1 200 OK"
2026-05-07 04:17:51,557 | INFO | httpx | HTTP Request: GET https://api.cloud.llamaindex.ai/api/v2/parse/pjb-w0ez1fwc95drzgp5hrsnrczwbj17 "HTTP/1.1 200 OK"
2026-05-07 04:17:53,928 | INFO | httpx | HTTP Request: GET https://api.cloud.llamaindex.ai/api/v2/parse/pjb-w0ez1fwc95drzgp5hrsnrczwbj17 "HTTP/1.1 200 OK"
2026-05-07 04:17:57,327 | INFO | httpx | HTTP Request: GET https://api.cloud.llamaindex.ai/api/v2/parse/pjb-w0ez1fwc95drzgp5hrsnrczwbj17 "HTTP/1.1 200 OK"
2026-05-07 04:18:01,739 | INFO | httpx | HTTP Request: GET https://api.cloud.llamaindex.ai/api/v2/parse/pjb-w0ez1fwc95drzgp5hrsnrczwbj17 "HTTP/1.1 200 OK"
2026-05-07 04:18:07,616 | INFO | httpx | HTTP Request: GET https://api.cloud.llamaindex.ai/api/v2/parse/pjb-w0ez1fwc95drzgp5hrsnrczwbj17 "HTTP/1.1 200 OK"
2026-05-07 04:18:08,177 | INFO | httpx | HTTP Request: GET https://api.cloud.llamaindex.ai/api/v2/parse/pjb-w0ez1fwc95drzgp5hrsnrczwbj17?expand=markdown_full&expand=text_full "HTTP/1.1 200 OK"
2026-05-07 04:18:10,647 | INFO | httpx | HTTP Request: POST https://api.cloud.llamaindex.ai/api/v1/beta/files "HTTP/1.1 201 Created"
2026-05-07 04:18:11,135 | INFO | httpx | HTTP Request: POST https://api.cloud.llamaindex.ai/api/v2/parse "HTTP/1.1 200 OK"
2026-05-07 04:18:12,498 | INFO | httpx | HTTP Request: GET https://api.cloud.llamaindex.ai/api/v2/parse/pjb-6prn4sw32hp7eevjkn4i8w4xvwtm "HTTP/1.1 200 OK"
2026-05-07 04:18:14,812 | INFO | httpx | HTTP Request: GET https://api.cloud.llamaindex.ai/api/v2/parse/pjb-6prn4sw32hp7eevjkn4i8w4xvwtm "HTTP/1.1 200 OK"
2026-05-07 04:18:18,136 | INFO | httpx | HTTP Request: GET https://api.cloud.llamaindex.ai/api/v2/parse/pjb-6prn4sw32hp7eevjkn4i8w4xvwtm "HTTP/1.1 200 OK"
2026-05-07 04:18:22,500 | INFO | httpx | HTTP Request: GET https://api.cloud.llamaindex.ai/api/v2/parse/pjb-6prn4sw32hp7eevjkn4i8w4xvwtm "HTTP/1.1 200 OK"
2026-05-07 04:18:27,820 | INFO | httpx | HTTP Request: GET https://api.cloud.llamaindex.ai/api/v2/parse/pjb-6prn4sw32hp7eevjkn4i8w4xvwtm "HTTP/1.1 200 OK"
2026-05-07 04:18:33,679 | INFO | httpx | HTTP Request: GET https://api.cloud.llamaindex.ai/api/v2/parse/pjb-6prn4sw32hp7eevjkn4i8w4xvwtm "HTTP/1.1 200 OK"
2026-05-07 04:18:34,290 | INFO | httpx | HTTP Request: GET https://api.cloud.llamaindex.ai/api/v2/parse/pjb-6prn4sw32hp7eevjkn4i8w4xvwtm?expand=markdown_full&expand=text_full "HTTP/1.1 200 OK"
2026-05-07 04:18:36,826 | INFO | httpx | HTTP Request: POST https://api.cloud.llamaindex.ai/api/v1/beta/files "HTTP/1.1 201 Created"
2026-05-07 04:18:37,364 | INFO | httpx | HTTP Request: POST https://api.cloud.llamaindex.ai/api/v2/parse "HTTP/1.1 200 OK"
2026-05-07 04:18:39,211 | INFO | httpx | HTTP Request: GET https://api.cloud.llamaindex.ai/api/v2/parse/pjb-pcvo5tkto126gdhjlb4y2dax994l "HTTP/1.1 200 OK"
2026-05-07 04:18:41,568 | INFO | httpx | HTTP Request: GET https://api.cloud.llamaindex.ai/api/v2/parse/pjb-pcvo5tkto126gdhjlb4y2dax994l "HTTP/1.1 200 OK"
2026-05-07 04:18:44,931 | INFO | httpx | HTTP Request: GET https://api.cloud.llamaindex.ai/api/v2/parse/pjb-pcvo5tkto126gdhjlb4y2dax994l "HTTP/1.1 200 OK"
2026-05-07 04:18:49,241 | INFO | httpx | HTTP Request: GET https://api.cloud.llamaindex.ai/api/v2/parse/pjb-pcvo5tkto126gdhjlb4y2dax994l "HTTP/1.1 200 OK"
2026-05-07 04:18:54,577 | INFO | httpx | HTTP Request: GET https://api.cloud.llamaindex.ai/api/v2/parse/pjb-pcvo5tkto126gdhjlb4y2dax994l "HTTP/1.1 200 OK"
2026-05-07 04:18:59,866 | INFO | httpx | HTTP Request: GET https://api.cloud.llamaindex.ai/api/v2/parse/pjb-pcvo5tkto126gdhjlb4y2dax994l "HTTP/1.1 200 OK"
2026-05-07 04:19:00,413 | INFO | httpx | HTTP Request: GET https://api.cloud.llamaindex.ai/api/v2/parse/pjb-pcvo5tkto126gdhjlb4y2dax994l?expand=markdown_full&expand=text_full "HTTP/1.1 200 OK"
2026-05-07 04:19:02,968 | INFO | httpx | HTTP Request: POST https://api.cloud.llamaindex.ai/api/v1/beta/files "HTTP/1.1 201 Created"
2026-05-07 04:19:03,494 | INFO | httpx | HTTP Request: POST https://api.cloud.llamaindex.ai/api/v2/parse "HTTP/1.1 200 OK"
2026-05-07 04:19:04,901 | INFO | httpx | HTTP Request: GET https://api.cloud.llamaindex.ai/api/v2/parse/pjb-jye0mukc4ux2dlqnt0ivb6l508b4 "HTTP/1.1 200 OK"
2026-05-07 04:19:07,270 | INFO | httpx | HTTP Request: GET https://api.cloud.llamaindex.ai/api/v2/parse/pjb-jye0mukc4ux2dlqnt0ivb6l508b4 "HTTP/1.1 200 OK"
2026-05-07 04:19:10,743 | INFO | httpx | HTTP Request: GET https://api.cloud.llamaindex.ai/api/v2/parse/pjb-jye0mukc4ux2dlqnt0ivb6l508b4 "HTTP/1.1 200 OK"
2026-05-07 04:19:15,148 | INFO | httpx | HTTP Request: GET https://api.cloud.llamaindex.ai/api/v2/parse/pjb-jye0mukc4ux2dlqnt0ivb6l508b4 "HTTP/1.1 200 OK"
2026-05-07 04:19:20,993 | INFO | httpx | HTTP Request: GET https://api.cloud.llamaindex.ai/api/v2/parse/pjb-jye0mukc4ux2dlqnt0ivb6l508b4 "HTTP/1.1 200 OK"
2026-05-07 04:19:26,422 | INFO | httpx | HTTP Request: GET https://api.cloud.llamaindex.ai/api/v2/parse/pjb-jye0mukc4ux2dlqnt0ivb6l508b4 "HTTP/1.1 200 OK"
2026-05-07 04:19:26,878 | INFO | httpx | HTTP Request: GET https://api.cloud.llamaindex.ai/api/v2/parse/pjb-jye0mukc4ux2dlqnt0ivb6l508b4?expand=markdown_full&expand=text_full "HTTP/1.1 200 OK"
2026-05-07 04:19:30,007 | INFO | httpx | HTTP Request: POST https://api.cloud.llamaindex.ai/api/v1/beta/files "HTTP/1.1 201 Created"
2026-05-07 04:19:30,438 | INFO | httpx | HTTP Request: POST https://api.cloud.llamaindex.ai/api/v2/parse "HTTP/1.1 200 OK"
2026-05-07 04:19:31,754 | INFO | httpx | HTTP Request: GET https://api.cloud.llamaindex.ai/api/v2/parse/pjb-5yqcripj8j13ktymzkoopalyhoso "HTTP/1.1 200 OK"
2026-05-07 04:19:34,102 | INFO | httpx | HTTP Request: GET https://api.cloud.llamaindex.ai/api/v2/parse/pjb-5yqcripj8j13ktymzkoopalyhoso "HTTP/1.1 200 OK"
2026-05-07 04:19:37,471 | INFO | httpx | HTTP Request: GET https://api.cloud.llamaindex.ai/api/v2/parse/pjb-5yqcripj8j13ktymzkoopalyhoso "HTTP/1.1 200 OK"
2026-05-07 04:19:41,877 | INFO | httpx | HTTP Request: GET https://api.cloud.llamaindex.ai/api/v2/parse/pjb-5yqcripj8j13ktymzkoopalyhoso "HTTP/1.1 200 OK"
2026-05-07 04:19:47,730 | INFO | httpx | HTTP Request: GET https://api.cloud.llamaindex.ai/api/v2/parse/pjb-5yqcripj8j13ktymzkoopalyhoso "HTTP/1.1 200 OK"
2026-05-07 04:19:54,068 | INFO | httpx | HTTP Request: GET https://api.cloud.llamaindex.ai/api/v2/parse/pjb-5yqcripj8j13ktymzkoopalyhoso "HTTP/1.1 200 OK"
2026-05-07 04:19:54,579 | INFO | httpx | HTTP Request: GET https://api.cloud.llamaindex.ai/api/v2/parse/pjb-5yqcripj8j13ktymzkoopalyhoso?expand=markdown_full&expand=text_full "HTTP/1.1 200 OK"
2026-05-07 04:19:57,193 | INFO | httpx | HTTP Request: POST https://api.cloud.llamaindex.ai/api/v1/beta/files "HTTP/1.1 201 Created"
2026-05-07 04:19:57,746 | INFO | httpx | HTTP Request: POST https://api.cloud.llamaindex.ai/api/v2/parse "HTTP/1.1 200 OK"
2026-05-07 04:19:59,078 | INFO | httpx | HTTP Request: GET https://api.cloud.llamaindex.ai/api/v2/parse/pjb-isnh7wjxgdgtigxu6gbgrh08sx99 "HTTP/1.1 200 OK"
2026-05-07 04:20:01,389 | INFO | httpx | HTTP Request: GET https://api.cloud.llamaindex.ai/api/v2/parse/pjb-isnh7wjxgdgtigxu6gbgrh08sx99 "HTTP/1.1 200 OK"
2026-05-07 04:20:04,798 | INFO | httpx | HTTP Request: GET https://api.cloud.llamaindex.ai/api/v2/parse/pjb-isnh7wjxgdgtigxu6gbgrh08sx99 "HTTP/1.1 200 OK"
2026-05-07 04:20:09,125 | INFO | httpx | HTTP Request: GET https://api.cloud.llamaindex.ai/api/v2/parse/pjb-isnh7wjxgdgtigxu6gbgrh08sx99 "HTTP/1.1 200 OK"
2026-05-07 04:20:15,361 | INFO | httpx | HTTP Request: GET https://api.cloud.llamaindex.ai/api/v2/parse/pjb-isnh7wjxgdgtigxu6gbgrh08sx99 "HTTP/1.1 200 OK"
2026-05-07 04:20:20,767 | INFO | httpx | HTTP Request: GET https://api.cloud.llamaindex.ai/api/v2/parse/pjb-isnh7wjxgdgtigxu6gbgrh08sx99 "HTTP/1.1 200 OK"
2026-05-07 04:20:21,369 | INFO | httpx | HTTP Request: GET https://api.cloud.llamaindex.ai/api/v2/parse/pjb-isnh7wjxgdgtigxu6gbgrh08sx99?expand=markdown_full&expand=text_full "HTTP/1.1 200 OK"
2026-05-07 04:20:25,087 | INFO | httpx | HTTP Request: POST https://api.cloud.llamaindex.ai/api/v1/beta/files "HTTP/1.1 201 Created"
2026-05-07 04:20:25,607 | INFO | httpx | HTTP Request: POST https://api.cloud.llamaindex.ai/api/v2/parse "HTTP/1.1 200 OK"
2026-05-07 04:20:27,036 | INFO | httpx | HTTP Request: GET https://api.cloud.llamaindex.ai/api/v2/parse/pjb-6jz759oidgh7m00hake8bs3xblax "HTTP/1.1 200 OK"
2026-05-07 04:20:29,438 | INFO | httpx | HTTP Request: GET https://api.cloud.llamaindex.ai/api/v2/parse/pjb-6jz759oidgh7m00hake8bs3xblax "HTTP/1.1 200 OK"
2026-05-07 04:20:32,883 | INFO | httpx | HTTP Request: GET https://api.cloud.llamaindex.ai/api/v2/parse/pjb-6jz759oidgh7m00hake8bs3xblax "HTTP/1.1 200 OK"
2026-05-07 04:20:37,279 | INFO | httpx | HTTP Request: GET https://api.cloud.llamaindex.ai/api/v2/parse/pjb-6jz759oidgh7m00hake8bs3xblax "HTTP/1.1 200 OK"
2026-05-07 04:20:43,171 | INFO | httpx | HTTP Request: GET https://api.cloud.llamaindex.ai/api/v2/parse/pjb-6jz759oidgh7m00hake8bs3xblax "HTTP/1.1 200 OK"
2026-05-07 04:20:48,540 | INFO | httpx | HTTP Request: GET https://api.cloud.llamaindex.ai/api/v2/parse/pjb-6jz759oidgh7m00hake8bs3xblax "HTTP/1.1 200 OK"
2026-05-07 04:20:49,095 | INFO | httpx | HTTP Request: GET https://api.cloud.llamaindex.ai/api/v2/parse/pjb-6jz759oidgh7m00hake8bs3xblax?expand=markdown_full&expand=text_full "HTTP/1.1 200 OK"
2026-05-07 04:20:51,608 | INFO | httpx | HTTP Request: POST https://api.cloud.llamaindex.ai/api/v1/beta/files "HTTP/1.1 201 Created"
2026-05-07 04:20:52,127 | INFO | httpx | HTTP Request: POST https://api.cloud.llamaindex.ai/api/v2/parse "HTTP/1.1 200 OK"
2026-05-07 04:20:53,512 | INFO | httpx | HTTP Request: GET https://api.cloud.llamaindex.ai/api/v2/parse/pjb-a61fh0ze17wnm40jd6kfr8r0j91o "HTTP/1.1 200 OK"
2026-05-07 04:20:55,910 | INFO | httpx | HTTP Request: GET https://api.cloud.llamaindex.ai/api/v2/parse/pjb-a61fh0ze17wnm40jd6kfr8r0j91o "HTTP/1.1 200 OK"
2026-05-07 04:20:59,294 | INFO | httpx | HTTP Request: GET https://api.cloud.llamaindex.ai/api/v2/parse/pjb-a61fh0ze17wnm40jd6kfr8r0j91o "HTTP/1.1 200 OK"
2026-05-07 04:21:03,694 | INFO | httpx | HTTP Request: GET https://api.cloud.llamaindex.ai/api/v2/parse/pjb-a61fh0ze17wnm40jd6kfr8r0j91o "HTTP/1.1 200 OK"
2026-05-07 04:21:09,571 | INFO | httpx | HTTP Request: GET https://api.cloud.llamaindex.ai/api/v2/parse/pjb-a61fh0ze17wnm40jd6kfr8r0j91o "HTTP/1.1 200 OK"
2026-05-07 04:21:10,066 | INFO | httpx | HTTP Request: GET https://api.cloud.llamaindex.ai/api/v2/parse/pjb-a61fh0ze17wnm40jd6kfr8r0j91o?expand=markdown_full&expand=text_full "HTTP/1.1 200 OK"
2026-05-07 04:21:13,539 | INFO | httpx | HTTP Request: POST https://api.cloud.llamaindex.ai/api/v1/beta/files "HTTP/1.1 201 Created"
2026-05-07 04:21:14,083 | INFO | httpx | HTTP Request: POST https://api.cloud.llamaindex.ai/api/v2/parse "HTTP/1.1 200 OK"
2026-05-07 04:21:15,581 | INFO | httpx | HTTP Request: GET https://api.cloud.llamaindex.ai/api/v2/parse/pjb-z73uai56kgdizaumb0iaayw20aj2 "HTTP/1.1 200 OK"
2026-05-07 04:21:18,031 | INFO | httpx | HTTP Request: GET https://api.cloud.llamaindex.ai/api/v2/parse/pjb-z73uai56kgdizaumb0iaayw20aj2 "HTTP/1.1 200 OK"
2026-05-07 04:21:21,506 | INFO | httpx | HTTP Request: GET https://api.cloud.llamaindex.ai/api/v2/parse/pjb-z73uai56kgdizaumb0iaayw20aj2 "HTTP/1.1 200 OK"
2026-05-07 04:21:25,910 | INFO | httpx | HTTP Request: GET https://api.cloud.llamaindex.ai/api/v2/parse/pjb-z73uai56kgdizaumb0iaayw20aj2 "HTTP/1.1 200 OK"
2026-05-07 04:21:31,322 | INFO | httpx | HTTP Request: GET https://api.cloud.llamaindex.ai/api/v2/parse/pjb-z73uai56kgdizaumb0iaayw20aj2 "HTTP/1.1 200 OK"
2026-05-07 04:21:37,203 | INFO | httpx | HTTP Request: GET https://api.cloud.llamaindex.ai/api/v2/parse/pjb-z73uai56kgdizaumb0iaayw20aj2 "HTTP/1.1 200 OK"
2026-05-07 04:21:37,798 | INFO | httpx | HTTP Request: GET https://api.cloud.llamaindex.ai/api/v2/parse/pjb-z73uai56kgdizaumb0iaayw20aj2?expand=markdown_full&expand=text_full "HTTP/1.1 200 OK"
2026-05-07 04:21:40,364 | INFO | httpx | HTTP Request: POST https://api.cloud.llamaindex.ai/api/v1/beta/files "HTTP/1.1 201 Created"
2026-05-07 04:21:40,840 | INFO | httpx | HTTP Request: POST https://api.cloud.llamaindex.ai/api/v2/parse "HTTP/1.1 200 OK"
2026-05-07 04:21:42,201 | INFO | httpx | HTTP Request: GET https://api.cloud.llamaindex.ai/api/v2/parse/pjb-l6zs0953mopkdokbwlbdvxolrd2a "HTTP/1.1 200 OK"
2026-05-07 04:21:44,561 | INFO | httpx | HTTP Request: GET https://api.cloud.llamaindex.ai/api/v2/parse/pjb-l6zs0953mopkdokbwlbdvxolrd2a "HTTP/1.1 200 OK"
2026-05-07 04:21:47,915 | INFO | httpx | HTTP Request: GET https://api.cloud.llamaindex.ai/api/v2/parse/pjb-l6zs0953mopkdokbwlbdvxolrd2a "HTTP/1.1 200 OK"
2026-05-07 04:21:52,275 | INFO | httpx | HTTP Request: GET https://api.cloud.llamaindex.ai/api/v2/parse/pjb-l6zs0953mopkdokbwlbdvxolrd2a "HTTP/1.1 200 OK"
2026-05-07 04:21:58,121 | INFO | httpx | HTTP Request: GET https://api.cloud.llamaindex.ai/api/v2/parse/pjb-l6zs0953mopkdokbwlbdvxolrd2a "HTTP/1.1 200 OK"
2026-05-07 04:21:58,578 | INFO | httpx | HTTP Request: GET https://api.cloud.llamaindex.ai/api/v2/parse/pjb-l6zs0953mopkdokbwlbdvxolrd2a?expand=markdown_full&expand=text_full "HTTP/1.1 200 OK"
2026-05-07 04:22:00,959 | INFO | httpx | HTTP Request: POST https://api.cloud.llamaindex.ai/api/v1/beta/files "HTTP/1.1 201 Created"
2026-05-07 04:22:02,558 | INFO | httpx | HTTP Request: POST https://api.cloud.llamaindex.ai/api/v2/parse "HTTP/1.1 200 OK"
2026-05-07 04:22:03,868 | INFO | httpx | HTTP Request: GET https://api.cloud.llamaindex.ai/api/v2/parse/pjb-cpebbzd85gyxd9c8882m11nfb4g2 "HTTP/1.1 200 OK"
2026-05-07 04:22:06,193 | INFO | httpx | HTTP Request: GET https://api.cloud.llamaindex.ai/api/v2/parse/pjb-cpebbzd85gyxd9c8882m11nfb4g2 "HTTP/1.1 200 OK"
2026-05-07 04:22:09,656 | INFO | httpx | HTTP Request: GET https://api.cloud.llamaindex.ai/api/v2/parse/pjb-cpebbzd85gyxd9c8882m11nfb4g2 "HTTP/1.1 200 OK"
2026-05-07 04:22:13,967 | INFO | httpx | HTTP Request: GET https://api.cloud.llamaindex.ai/api/v2/parse/pjb-cpebbzd85gyxd9c8882m11nfb4g2 "HTTP/1.1 200 OK"
2026-05-07 04:22:19,910 | INFO | httpx | HTTP Request: GET https://api.cloud.llamaindex.ai/api/v2/parse/pjb-cpebbzd85gyxd9c8882m11nfb4g2 "HTTP/1.1 200 OK"
2026-05-07 04:22:20,509 | INFO | httpx | HTTP Request: GET https://api.cloud.llamaindex.ai/api/v2/parse/pjb-cpebbzd85gyxd9c8882m11nfb4g2?expand=markdown_full&expand=text_full "HTTP/1.1 200 OK"
2026-05-07 04:22:23,066 | INFO | httpx | HTTP Request: POST https://api.cloud.llamaindex.ai/api/v1/beta/files "HTTP/1.1 201 Created"
2026-05-07 04:22:23,580 | INFO | httpx | HTTP Request: POST https://api.cloud.llamaindex.ai/api/v2/parse "HTTP/1.1 200 OK"
2026-05-07 04:22:24,889 | INFO | httpx | HTTP Request: GET https://api.cloud.llamaindex.ai/api/v2/parse/pjb-0fa0yeuyzcxk0cp5ijgvmpeyr2ah "HTTP/1.1 200 OK"
2026-05-07 04:22:27,257 | INFO | httpx | HTTP Request: GET https://api.cloud.llamaindex.ai/api/v2/parse/pjb-0fa0yeuyzcxk0cp5ijgvmpeyr2ah "HTTP/1.1 200 OK"
2026-05-07 04:22:30,654 | INFO | httpx | HTTP Request: GET https://api.cloud.llamaindex.ai/api/v2/parse/pjb-0fa0yeuyzcxk0cp5ijgvmpeyr2ah "HTTP/1.1 200 OK"
2026-05-07 04:22:35,056 | INFO | httpx | HTTP Request: GET https://api.cloud.llamaindex.ai/api/v2/parse/pjb-0fa0yeuyzcxk0cp5ijgvmpeyr2ah "HTTP/1.1 200 OK"
2026-05-07 04:22:40,961 | INFO | httpx | HTTP Request: GET https://api.cloud.llamaindex.ai/api/v2/parse/pjb-0fa0yeuyzcxk0cp5ijgvmpeyr2ah "HTTP/1.1 200 OK"
2026-05-07 04:22:46,819 | INFO | httpx | HTTP Request: GET https://api.cloud.llamaindex.ai/api/v2/parse/pjb-0fa0yeuyzcxk0cp5ijgvmpeyr2ah "HTTP/1.1 200 OK"
2026-05-07 04:22:47,339 | INFO | httpx | HTTP Request: GET https://api.cloud.llamaindex.ai/api/v2/parse/pjb-0fa0yeuyzcxk0cp5ijgvmpeyr2ah?expand=markdown_full&expand=text_full "HTTP/1.1 200 OK"
2026-05-07 04:22:52,765 | INFO | httpx | HTTP Request: POST https://api.cloud.llamaindex.ai/api/v1/beta/files "HTTP/1.1 201 Created"
2026-05-07 04:22:53,326 | INFO | httpx | HTTP Request: POST https://api.cloud.llamaindex.ai/api/v2/parse "HTTP/1.1 200 OK"
2026-05-07 04:22:54,652 | INFO | httpx | HTTP Request: GET https://api.cloud.llamaindex.ai/api/v2/parse/pjb-h7c1n986y112gzyc8fu8vr457i7g "HTTP/1.1 200 OK"
2026-05-07 04:22:56,995 | INFO | httpx | HTTP Request: GET https://api.cloud.llamaindex.ai/api/v2/parse/pjb-h7c1n986y112gzyc8fu8vr457i7g "HTTP/1.1 200 OK"
2026-05-07 04:23:00,342 | INFO | httpx | HTTP Request: GET https://api.cloud.llamaindex.ai/api/v2/parse/pjb-h7c1n986y112gzyc8fu8vr457i7g "HTTP/1.1 200 OK"
2026-05-07 04:23:04,634 | INFO | httpx | HTTP Request: GET https://api.cloud.llamaindex.ai/api/v2/parse/pjb-h7c1n986y112gzyc8fu8vr457i7g "HTTP/1.1 200 OK"
2026-05-07 04:23:10,530 | INFO | httpx | HTTP Request: GET https://api.cloud.llamaindex.ai/api/v2/parse/pjb-h7c1n986y112gzyc8fu8vr457i7g "HTTP/1.1 200 OK"
2026-05-07 04:23:16,381 | INFO | httpx | HTTP Request: GET https://api.cloud.llamaindex.ai/api/v2/parse/pjb-h7c1n986y112gzyc8fu8vr457i7g "HTTP/1.1 200 OK"
2026-05-07 04:23:16,926 | INFO | httpx | HTTP Request: GET https://api.cloud.llamaindex.ai/api/v2/parse/pjb-h7c1n986y112gzyc8fu8vr457i7g?expand=markdown_full&expand=text_full "HTTP/1.1 200 OK"
2026-05-07 04:23:19,340 | INFO | httpx | HTTP Request: POST https://api.cloud.llamaindex.ai/api/v1/beta/files "HTTP/1.1 201 Created"
2026-05-07 04:23:20,000 | INFO | httpx | HTTP Request: POST https://api.cloud.llamaindex.ai/api/v2/parse "HTTP/1.1 200 OK"
2026-05-07 04:23:21,457 | INFO | httpx | HTTP Request: GET https://api.cloud.llamaindex.ai/api/v2/parse/pjb-3yg5bjtm7i8n9suumm2doo2n1exf "HTTP/1.1 200 OK"
2026-05-07 04:23:23,807 | INFO | httpx | HTTP Request: GET https://api.cloud.llamaindex.ai/api/v2/parse/pjb-3yg5bjtm7i8n9suumm2doo2n1exf "HTTP/1.1 200 OK"
2026-05-07 04:23:27,185 | INFO | httpx | HTTP Request: GET https://api.cloud.llamaindex.ai/api/v2/parse/pjb-3yg5bjtm7i8n9suumm2doo2n1exf "HTTP/1.1 200 OK"
2026-05-07 04:23:31,541 | INFO | httpx | HTTP Request: GET https://api.cloud.llamaindex.ai/api/v2/parse/pjb-3yg5bjtm7i8n9suumm2doo2n1exf "HTTP/1.1 200 OK"
2026-05-07 04:23:37,392 | INFO | httpx | HTTP Request: GET https://api.cloud.llamaindex.ai/api/v2/parse/pjb-3yg5bjtm7i8n9suumm2doo2n1exf "HTTP/1.1 200 OK"
2026-05-07 04:23:43,654 | INFO | httpx | HTTP Request: GET https://api.cloud.llamaindex.ai/api/v2/parse/pjb-3yg5bjtm7i8n9suumm2doo2n1exf "HTTP/1.1 200 OK"
2026-05-07 04:23:44,275 | INFO | httpx | HTTP Request: GET https://api.cloud.llamaindex.ai/api/v2/parse/pjb-3yg5bjtm7i8n9suumm2doo2n1exf?expand=markdown_full&expand=text_full "HTTP/1.1 200 OK"
2026-05-07 04:23:47,187 | INFO | httpx | HTTP Request: POST https://api.cloud.llamaindex.ai/api/v1/beta/files "HTTP/1.1 201 Created"
2026-05-07 04:23:47,718 | INFO | httpx | HTTP Request: POST https://api.cloud.llamaindex.ai/api/v2/parse "HTTP/1.1 200 OK"
2026-05-07 04:23:49,086 | INFO | httpx | HTTP Request: GET https://api.cloud.llamaindex.ai/api/v2/parse/pjb-uhf9zzb83fkgqqivj31j36h97dnm "HTTP/1.1 200 OK"
2026-05-07 04:23:51,414 | INFO | httpx | HTTP Request: GET https://api.cloud.llamaindex.ai/api/v2/parse/pjb-uhf9zzb83fkgqqivj31j36h97dnm "HTTP/1.1 200 OK"
2026-05-07 04:23:54,816 | INFO | httpx | HTTP Request: GET https://api.cloud.llamaindex.ai/api/v2/parse/pjb-uhf9zzb83fkgqqivj31j36h97dnm "HTTP/1.1 200 OK"
2026-05-07 04:23:59,164 | INFO | httpx | HTTP Request: GET https://api.cloud.llamaindex.ai/api/v2/parse/pjb-uhf9zzb83fkgqqivj31j36h97dnm "HTTP/1.1 200 OK"
2026-05-07 04:24:05,047 | INFO | httpx | HTTP Request: GET https://api.cloud.llamaindex.ai/api/v2/parse/pjb-uhf9zzb83fkgqqivj31j36h97dnm "HTTP/1.1 200 OK"
2026-05-07 04:24:10,385 | INFO | httpx | HTTP Request: GET https://api.cloud.llamaindex.ai/api/v2/parse/pjb-uhf9zzb83fkgqqivj31j36h97dnm "HTTP/1.1 200 OK"
2026-05-07 04:24:10,895 | INFO | httpx | HTTP Request: GET https://api.cloud.llamaindex.ai/api/v2/parse/pjb-uhf9zzb83fkgqqivj31j36h97dnm?expand=markdown_full&expand=text_full "HTTP/1.1 200 OK"
2026-05-07 04:24:11,438 | INFO | ocr | Finished OCR for constituency: 40 records
2026-05-07 04:24:11,440 | INFO | ocr | Starting OCR for partylist with provider=llamaparse and 4 PDF(s)
2026-05-07 04:24:15,232 | INFO | httpx | HTTP Request: POST https://api.cloud.llamaindex.ai/api/v1/beta/files "HTTP/1.1 201 Created"
2026-05-07 04:24:16,021 | INFO | httpx | HTTP Request: POST https://api.cloud.llamaindex.ai/api/v2/parse "HTTP/1.1 200 OK"
2026-05-07 04:24:17,548 | INFO | httpx | HTTP Request: GET https://api.cloud.llamaindex.ai/api/v2/parse/pjb-2ortypssg51kwiyz5srgsnyglgkh "HTTP/1.1 200 OK"
2026-05-07 04:24:19,996 | INFO | httpx | HTTP Request: GET https://api.cloud.llamaindex.ai/api/v2/parse/pjb-2ortypssg51kwiyz5srgsnyglgkh "HTTP/1.1 200 OK"
2026-05-07 04:24:23,514 | INFO | httpx | HTTP Request: GET https://api.cloud.llamaindex.ai/api/v2/parse/pjb-2ortypssg51kwiyz5srgsnyglgkh "HTTP/1.1 200 OK"
2026-05-07 04:24:27,944 | INFO | httpx | HTTP Request: GET https://api.cloud.llamaindex.ai/api/v2/parse/pjb-2ortypssg51kwiyz5srgsnyglgkh "HTTP/1.1 200 OK"
2026-05-07 04:24:34,107 | INFO | httpx | HTTP Request: GET https://api.cloud.llamaindex.ai/api/v2/parse/pjb-2ortypssg51kwiyz5srgsnyglgkh "HTTP/1.1 200 OK"
2026-05-07 04:24:39,561 | INFO | httpx | HTTP Request: GET https://api.cloud.llamaindex.ai/api/v2/parse/pjb-2ortypssg51kwiyz5srgsnyglgkh "HTTP/1.1 200 OK"
2026-05-07 04:24:44,974 | INFO | httpx | HTTP Request: GET https://api.cloud.llamaindex.ai/api/v2/parse/pjb-2ortypssg51kwiyz5srgsnyglgkh "HTTP/1.1 200 OK"
2026-05-07 04:24:45,958 | INFO | httpx | HTTP Request: GET https://api.cloud.llamaindex.ai/api/v2/parse/pjb-2ortypssg51kwiyz5srgsnyglgkh?expand=markdown_full&expand=text_full "HTTP/1.1 200 OK"
2026-05-07 04:24:49,479 | INFO | httpx | HTTP Request: POST https://api.cloud.llamaindex.ai/api/v1/beta/files "HTTP/1.1 201 Created"
2026-05-07 04:24:50,120 | INFO | httpx | HTTP Request: POST https://api.cloud.llamaindex.ai/api/v2/parse "HTTP/1.1 200 OK"
2026-05-07 04:24:51,548 | INFO | httpx | HTTP Request: GET https://api.cloud.llamaindex.ai/api/v2/parse/pjb-x87k74g4cuvkmzryo9r8d2x2jdbe "HTTP/1.1 200 OK"
2026-05-07 04:24:53,954 | INFO | httpx | HTTP Request: GET https://api.cloud.llamaindex.ai/api/v2/parse/pjb-x87k74g4cuvkmzryo9r8d2x2jdbe "HTTP/1.1 200 OK"
2026-05-07 04:24:57,317 | INFO | httpx | HTTP Request: GET https://api.cloud.llamaindex.ai/api/v2/parse/pjb-x87k74g4cuvkmzryo9r8d2x2jdbe "HTTP/1.1 200 OK"
2026-05-07 04:25:01,790 | INFO | httpx | HTTP Request: GET https://api.cloud.llamaindex.ai/api/v2/parse/pjb-x87k74g4cuvkmzryo9r8d2x2jdbe "HTTP/1.1 200 OK"
2026-05-07 04:25:07,218 | INFO | httpx | HTTP Request: GET https://api.cloud.llamaindex.ai/api/v2/parse/pjb-x87k74g4cuvkmzryo9r8d2x2jdbe "HTTP/1.1 200 OK"
2026-05-07 04:25:12,626 | INFO | httpx | HTTP Request: GET https://api.cloud.llamaindex.ai/api/v2/parse/pjb-x87k74g4cuvkmzryo9r8d2x2jdbe "HTTP/1.1 200 OK"
2026-05-07 04:25:13,543 | INFO | httpx | HTTP Request: GET https://api.cloud.llamaindex.ai/api/v2/parse/pjb-x87k74g4cuvkmzryo9r8d2x2jdbe?expand=markdown_full&expand=text_full "HTTP/1.1 200 OK"
2026-05-07 04:25:16,631 | INFO | httpx | HTTP Request: POST https://api.cloud.llamaindex.ai/api/v1/beta/files "HTTP/1.1 201 Created"
2026-05-07 04:25:17,120 | INFO | httpx | HTTP Request: POST https://api.cloud.llamaindex.ai/api/v2/parse "HTTP/1.1 200 OK"
2026-05-07 04:25:18,472 | INFO | httpx | HTTP Request: GET https://api.cloud.llamaindex.ai/api/v2/parse/pjb-z0es6ldo6evhb4v9fqnkrkpoopp5 "HTTP/1.1 200 OK"
2026-05-07 04:25:21,357 | INFO | httpx | HTTP Request: GET https://api.cloud.llamaindex.ai/api/v2/parse/pjb-z0es6ldo6evhb4v9fqnkrkpoopp5 "HTTP/1.1 200 OK"
2026-05-07 04:25:24,825 | INFO | httpx | HTTP Request: GET https://api.cloud.llamaindex.ai/api/v2/parse/pjb-z0es6ldo6evhb4v9fqnkrkpoopp5 "HTTP/1.1 200 OK"
2026-05-07 04:25:29,155 | INFO | httpx | HTTP Request: GET https://api.cloud.llamaindex.ai/api/v2/parse/pjb-z0es6ldo6evhb4v9fqnkrkpoopp5 "HTTP/1.1 200 OK"
2026-05-07 04:25:34,572 | INFO | httpx | HTTP Request: GET https://api.cloud.llamaindex.ai/api/v2/parse/pjb-z0es6ldo6evhb4v9fqnkrkpoopp5 "HTTP/1.1 200 OK"
2026-05-07 04:25:40,481 | INFO | httpx | HTTP Request: GET https://api.cloud.llamaindex.ai/api/v2/parse/pjb-z0es6ldo6evhb4v9fqnkrkpoopp5 "HTTP/1.1 200 OK"
2026-05-07 04:25:41,251 | INFO | httpx | HTTP Request: GET https://api.cloud.llamaindex.ai/api/v2/parse/pjb-z0es6ldo6evhb4v9fqnkrkpoopp5?expand=markdown_full&expand=text_full "HTTP/1.1 200 OK"
2026-05-07 04:25:43,978 | INFO | httpx | HTTP Request: POST https://api.cloud.llamaindex.ai/api/v1/beta/files "HTTP/1.1 201 Created"
2026-05-07 04:25:44,491 | INFO | httpx | HTTP Request: POST https://api.cloud.llamaindex.ai/api/v2/parse "HTTP/1.1 200 OK"
2026-05-07 04:25:45,859 | INFO | httpx | HTTP Request: GET https://api.cloud.llamaindex.ai/api/v2/parse/pjb-rnvgoozxll3p2g2roolbg48kazq7 "HTTP/1.1 200 OK"
2026-05-07 04:25:48,182 | INFO | httpx | HTTP Request: GET https://api.cloud.llamaindex.ai/api/v2/parse/pjb-rnvgoozxll3p2g2roolbg48kazq7 "HTTP/1.1 200 OK"
2026-05-07 04:25:51,515 | INFO | httpx | HTTP Request: GET https://api.cloud.llamaindex.ai/api/v2/parse/pjb-rnvgoozxll3p2g2roolbg48kazq7 "HTTP/1.1 200 OK"
2026-05-07 04:25:55,843 | INFO | httpx | HTTP Request: GET https://api.cloud.llamaindex.ai/api/v2/parse/pjb-rnvgoozxll3p2g2roolbg48kazq7 "HTTP/1.1 200 OK"
2026-05-07 04:26:01,800 | INFO | httpx | HTTP Request: GET https://api.cloud.llamaindex.ai/api/v2/parse/pjb-rnvgoozxll3p2g2roolbg48kazq7 "HTTP/1.1 200 OK"
2026-05-07 04:26:07,250 | INFO | httpx | HTTP Request: GET https://api.cloud.llamaindex.ai/api/v2/parse/pjb-rnvgoozxll3p2g2roolbg48kazq7 "HTTP/1.1 200 OK"
2026-05-07 04:26:07,993 | INFO | httpx | HTTP Request: GET https://api.cloud.llamaindex.ai/api/v2/parse/pjb-rnvgoozxll3p2g2roolbg48kazq7?expand=markdown_full&expand=text_full "HTTP/1.1 200 OK"
2026-05-07 04:26:11,191 | INFO | httpx | HTTP Request: POST https://api.cloud.llamaindex.ai/api/v1/beta/files "HTTP/1.1 201 Created"
2026-05-07 04:26:11,731 | INFO | httpx | HTTP Request: POST https://api.cloud.llamaindex.ai/api/v2/parse "HTTP/1.1 200 OK"
2026-05-07 04:26:13,117 | INFO | httpx | HTTP Request: GET https://api.cloud.llamaindex.ai/api/v2/parse/pjb-9mqlsm2p1yu26zm9vefxbgcomw8c "HTTP/1.1 200 OK"
2026-05-07 04:26:15,438 | INFO | httpx | HTTP Request: GET https://api.cloud.llamaindex.ai/api/v2/parse/pjb-9mqlsm2p1yu26zm9vefxbgcomw8c "HTTP/1.1 200 OK"
2026-05-07 04:26:18,793 | INFO | httpx | HTTP Request: GET https://api.cloud.llamaindex.ai/api/v2/parse/pjb-9mqlsm2p1yu26zm9vefxbgcomw8c "HTTP/1.1 200 OK"
2026-05-07 04:26:23,108 | INFO | httpx | HTTP Request: GET https://api.cloud.llamaindex.ai/api/v2/parse/pjb-9mqlsm2p1yu26zm9vefxbgcomw8c "HTTP/1.1 200 OK"
2026-05-07 04:26:28,462 | INFO | httpx | HTTP Request: GET https://api.cloud.llamaindex.ai/api/v2/parse/pjb-9mqlsm2p1yu26zm9vefxbgcomw8c "HTTP/1.1 200 OK"
2026-05-07 04:26:34,333 | INFO | httpx | HTTP Request: GET https://api.cloud.llamaindex.ai/api/v2/parse/pjb-9mqlsm2p1yu26zm9vefxbgcomw8c "HTTP/1.1 200 OK"
2026-05-07 04:26:35,146 | INFO | httpx | HTTP Request: GET https://api.cloud.llamaindex.ai/api/v2/parse/pjb-9mqlsm2p1yu26zm9vefxbgcomw8c?expand=markdown_full&expand=text_full "HTTP/1.1 200 OK"
2026-05-07 04:26:38,386 | INFO | httpx | HTTP Request: POST https://api.cloud.llamaindex.ai/api/v1/beta/files "HTTP/1.1 201 Created"
2026-05-07 04:26:38,826 | INFO | httpx | HTTP Request: POST https://api.cloud.llamaindex.ai/api/v2/parse "HTTP/1.1 200 OK"
2026-05-07 04:26:40,195 | INFO | httpx | HTTP Request: GET https://api.cloud.llamaindex.ai/api/v2/parse/pjb-01dwt7zeg04iutmo4xnycs8he3fy "HTTP/1.1 200 OK"
2026-05-07 04:26:42,532 | INFO | httpx | HTTP Request: GET https://api.cloud.llamaindex.ai/api/v2/parse/pjb-01dwt7zeg04iutmo4xnycs8he3fy "HTTP/1.1 200 OK"
2026-05-07 04:26:45,930 | INFO | httpx | HTTP Request: GET https://api.cloud.llamaindex.ai/api/v2/parse/pjb-01dwt7zeg04iutmo4xnycs8he3fy "HTTP/1.1 200 OK"
2026-05-07 04:26:50,331 | INFO | httpx | HTTP Request: GET https://api.cloud.llamaindex.ai/api/v2/parse/pjb-01dwt7zeg04iutmo4xnycs8he3fy "HTTP/1.1 200 OK"
2026-05-07 04:26:56,182 | INFO | httpx | HTTP Request: GET https://api.cloud.llamaindex.ai/api/v2/parse/pjb-01dwt7zeg04iutmo4xnycs8he3fy "HTTP/1.1 200 OK"
2026-05-07 04:27:02,130 | INFO | httpx | HTTP Request: GET https://api.cloud.llamaindex.ai/api/v2/parse/pjb-01dwt7zeg04iutmo4xnycs8he3fy "HTTP/1.1 200 OK"
2026-05-07 04:27:03,135 | INFO | httpx | HTTP Request: GET https://api.cloud.llamaindex.ai/api/v2/parse/pjb-01dwt7zeg04iutmo4xnycs8he3fy?expand=markdown_full&expand=text_full "HTTP/1.1 200 OK"
2026-05-07 04:27:06,012 | INFO | httpx | HTTP Request: POST https://api.cloud.llamaindex.ai/api/v1/beta/files "HTTP/1.1 201 Created"
2026-05-07 04:27:06,620 | INFO | httpx | HTTP Request: POST https://api.cloud.llamaindex.ai/api/v2/parse "HTTP/1.1 200 OK"
2026-05-07 04:27:08,008 | INFO | httpx | HTTP Request: GET https://api.cloud.llamaindex.ai/api/v2/parse/pjb-farrr3dihjm7q4zy2qjkh86217xy "HTTP/1.1 200 OK"
2026-05-07 04:27:10,393 | INFO | httpx | HTTP Request: GET https://api.cloud.llamaindex.ai/api/v2/parse/pjb-farrr3dihjm7q4zy2qjkh86217xy "HTTP/1.1 200 OK"
2026-05-07 04:27:13,847 | INFO | httpx | HTTP Request: GET https://api.cloud.llamaindex.ai/api/v2/parse/pjb-farrr3dihjm7q4zy2qjkh86217xy "HTTP/1.1 200 OK"
2026-05-07 04:27:20,165 | INFO | httpx | HTTP Request: GET https://api.cloud.llamaindex.ai/api/v2/parse/pjb-farrr3dihjm7q4zy2qjkh86217xy "HTTP/1.1 200 OK"
2026-05-07 04:27:25,492 | INFO | httpx | HTTP Request: GET https://api.cloud.llamaindex.ai/api/v2/parse/pjb-farrr3dihjm7q4zy2qjkh86217xy "HTTP/1.1 200 OK"
2026-05-07 04:27:30,859 | INFO | httpx | HTTP Request: GET https://api.cloud.llamaindex.ai/api/v2/parse/pjb-farrr3dihjm7q4zy2qjkh86217xy "HTTP/1.1 200 OK"
2026-05-07 04:27:30,861 | ERROR | llama_cloud._polling | A job failed with error: Job pjb-farrr3dihjm7q4zy2qjkh86217xy failed with status: FAILED | Error: Job aborted: parent activity was cancelled or terminated.
2026-05-07 04:27:31,211 | INFO | httpx | HTTP Request: GET https://api.cloud.llamaindex.ai/api/v2/parse/pjb-farrr3dihjm7q4zy2qjkh86217xy?expand=markdown_full&expand=text_full "HTTP/1.1 200 OK"
2026-05-07 04:27:31,214 | WARNING | ocr | Llama Cloud parse call failed on attempt 1/3: Llama Cloud returned no markdown_full/text_full content. Retrying in 1s.
2026-05-07 04:27:34,780 | INFO | httpx | HTTP Request: POST https://api.cloud.llamaindex.ai/api/v1/beta/files "HTTP/1.1 201 Created"
2026-05-07 04:27:35,234 | INFO | httpx | HTTP Request: POST https://api.cloud.llamaindex.ai/api/v2/parse "HTTP/1.1 200 OK"
2026-05-07 04:27:36,554 | INFO | httpx | HTTP Request: GET https://api.cloud.llamaindex.ai/api/v2/parse/pjb-rchp7nkkjocjsavp01yeeo95pmh8 "HTTP/1.1 200 OK"
2026-05-07 04:27:38,950 | INFO | httpx | HTTP Request: GET https://api.cloud.llamaindex.ai/api/v2/parse/pjb-rchp7nkkjocjsavp01yeeo95pmh8 "HTTP/1.1 200 OK"
2026-05-07 04:27:42,269 | INFO | httpx | HTTP Request: GET https://api.cloud.llamaindex.ai/api/v2/parse/pjb-rchp7nkkjocjsavp01yeeo95pmh8 "HTTP/1.1 200 OK"
2026-05-07 04:27:46,714 | INFO | httpx | HTTP Request: GET https://api.cloud.llamaindex.ai/api/v2/parse/pjb-rchp7nkkjocjsavp01yeeo95pmh8 "HTTP/1.1 200 OK"
2026-05-07 04:27:52,589 | INFO | httpx | HTTP Request: GET https://api.cloud.llamaindex.ai/api/v2/parse/pjb-rchp7nkkjocjsavp01yeeo95pmh8 "HTTP/1.1 200 OK"
2026-05-07 04:27:58,500 | INFO | httpx | HTTP Request: GET https://api.cloud.llamaindex.ai/api/v2/parse/pjb-rchp7nkkjocjsavp01yeeo95pmh8 "HTTP/1.1 200 OK"
2026-05-07 04:27:59,302 | INFO | httpx | HTTP Request: GET https://api.cloud.llamaindex.ai/api/v2/parse/pjb-rchp7nkkjocjsavp01yeeo95pmh8?expand=markdown_full&expand=text_full "HTTP/1.1 200 OK"
2026-05-07 04:28:02,735 | INFO | httpx | HTTP Request: POST https://api.cloud.llamaindex.ai/api/v1/beta/files "HTTP/1.1 201 Created"
2026-05-07 04:28:03,285 | INFO | httpx | HTTP Request: POST https://api.cloud.llamaindex.ai/api/v2/parse "HTTP/1.1 200 OK"
2026-05-07 04:28:04,664 | INFO | httpx | HTTP Request: GET https://api.cloud.llamaindex.ai/api/v2/parse/pjb-6iqp40jl4kafq71vd3a4faifi890 "HTTP/1.1 200 OK"
2026-05-07 04:28:07,000 | INFO | httpx | HTTP Request: GET https://api.cloud.llamaindex.ai/api/v2/parse/pjb-6iqp40jl4kafq71vd3a4faifi890 "HTTP/1.1 200 OK"
2026-05-07 04:28:10,342 | INFO | httpx | HTTP Request: GET https://api.cloud.llamaindex.ai/api/v2/parse/pjb-6iqp40jl4kafq71vd3a4faifi890 "HTTP/1.1 200 OK"
2026-05-07 04:28:14,676 | INFO | httpx | HTTP Request: GET https://api.cloud.llamaindex.ai/api/v2/parse/pjb-6iqp40jl4kafq71vd3a4faifi890 "HTTP/1.1 200 OK"
2026-05-07 04:28:20,042 | INFO | httpx | HTTP Request: GET https://api.cloud.llamaindex.ai/api/v2/parse/pjb-6iqp40jl4kafq71vd3a4faifi890 "HTTP/1.1 200 OK"
2026-05-07 04:28:25,935 | INFO | httpx | HTTP Request: GET https://api.cloud.llamaindex.ai/api/v2/parse/pjb-6iqp40jl4kafq71vd3a4faifi890 "HTTP/1.1 200 OK"
2026-05-07 04:28:26,730 | INFO | httpx | HTTP Request: GET https://api.cloud.llamaindex.ai/api/v2/parse/pjb-6iqp40jl4kafq71vd3a4faifi890?expand=markdown_full&expand=text_full "HTTP/1.1 200 OK"
2026-05-07 04:28:29,419 | INFO | httpx | HTTP Request: POST https://api.cloud.llamaindex.ai/api/v1/beta/files "HTTP/1.1 201 Created"
2026-05-07 04:28:29,836 | INFO | httpx | HTTP Request: POST https://api.cloud.llamaindex.ai/api/v2/parse "HTTP/1.1 200 OK"
2026-05-07 04:28:31,217 | INFO | httpx | HTTP Request: GET https://api.cloud.llamaindex.ai/api/v2/parse/pjb-gqv2h3oh7mrl7srcnwb4lug60chy "HTTP/1.1 200 OK"
2026-05-07 04:28:33,554 | INFO | httpx | HTTP Request: GET https://api.cloud.llamaindex.ai/api/v2/parse/pjb-gqv2h3oh7mrl7srcnwb4lug60chy "HTTP/1.1 200 OK"
2026-05-07 04:28:36,988 | INFO | httpx | HTTP Request: GET https://api.cloud.llamaindex.ai/api/v2/parse/pjb-gqv2h3oh7mrl7srcnwb4lug60chy "HTTP/1.1 200 OK"
2026-05-07 04:28:41,345 | INFO | httpx | HTTP Request: GET https://api.cloud.llamaindex.ai/api/v2/parse/pjb-gqv2h3oh7mrl7srcnwb4lug60chy "HTTP/1.1 200 OK"
2026-05-07 04:28:47,220 | INFO | httpx | HTTP Request: GET https://api.cloud.llamaindex.ai/api/v2/parse/pjb-gqv2h3oh7mrl7srcnwb4lug60chy "HTTP/1.1 200 OK"
2026-05-07 04:28:53,115 | INFO | httpx | HTTP Request: GET https://api.cloud.llamaindex.ai/api/v2/parse/pjb-gqv2h3oh7mrl7srcnwb4lug60chy "HTTP/1.1 200 OK"
2026-05-07 04:28:53,873 | INFO | httpx | HTTP Request: GET https://api.cloud.llamaindex.ai/api/v2/parse/pjb-gqv2h3oh7mrl7srcnwb4lug60chy?expand=markdown_full&expand=text_full "HTTP/1.1 200 OK"
2026-05-07 04:28:56,806 | INFO | httpx | HTTP Request: POST https://api.cloud.llamaindex.ai/api/v1/beta/files "HTTP/1.1 201 Created"
2026-05-07 04:28:57,213 | INFO | httpx | HTTP Request: POST https://api.cloud.llamaindex.ai/api/v2/parse "HTTP/1.1 200 OK"
2026-05-07 04:28:58,544 | INFO | httpx | HTTP Request: GET https://api.cloud.llamaindex.ai/api/v2/parse/pjb-7hg5xkf05q3oo7okabppcgu3o33c "HTTP/1.1 200 OK"
2026-05-07 04:29:00,859 | INFO | httpx | HTTP Request: GET https://api.cloud.llamaindex.ai/api/v2/parse/pjb-7hg5xkf05q3oo7okabppcgu3o33c "HTTP/1.1 200 OK"
2026-05-07 04:29:04,194 | INFO | httpx | HTTP Request: GET https://api.cloud.llamaindex.ai/api/v2/parse/pjb-7hg5xkf05q3oo7okabppcgu3o33c "HTTP/1.1 200 OK"
2026-05-07 04:29:08,523 | INFO | httpx | HTTP Request: GET https://api.cloud.llamaindex.ai/api/v2/parse/pjb-7hg5xkf05q3oo7okabppcgu3o33c "HTTP/1.1 200 OK"
2026-05-07 04:29:14,455 | INFO | httpx | HTTP Request: GET https://api.cloud.llamaindex.ai/api/v2/parse/pjb-7hg5xkf05q3oo7okabppcgu3o33c "HTTP/1.1 200 OK"
2026-05-07 04:29:20,650 | INFO | httpx | HTTP Request: GET https://api.cloud.llamaindex.ai/api/v2/parse/pjb-7hg5xkf05q3oo7okabppcgu3o33c "HTTP/1.1 200 OK"
2026-05-07 04:29:21,533 | INFO | httpx | HTTP Request: GET https://api.cloud.llamaindex.ai/api/v2/parse/pjb-7hg5xkf05q3oo7okabppcgu3o33c?expand=markdown_full&expand=text_full "HTTP/1.1 200 OK"
2026-05-07 04:29:25,027 | INFO | httpx | HTTP Request: POST https://api.cloud.llamaindex.ai/api/v1/beta/files "HTTP/1.1 201 Created"
2026-05-07 04:29:25,604 | INFO | httpx | HTTP Request: POST https://api.cloud.llamaindex.ai/api/v2/parse "HTTP/1.1 200 OK"
2026-05-07 04:29:27,001 | INFO | httpx | HTTP Request: GET https://api.cloud.llamaindex.ai/api/v2/parse/pjb-i5z4rtjbz6301jc9wcstp464j3by "HTTP/1.1 200 OK"
2026-05-07 04:29:29,411 | INFO | httpx | HTTP Request: GET https://api.cloud.llamaindex.ai/api/v2/parse/pjb-i5z4rtjbz6301jc9wcstp464j3by "HTTP/1.1 200 OK"
2026-05-07 04:29:32,961 | INFO | httpx | HTTP Request: GET https://api.cloud.llamaindex.ai/api/v2/parse/pjb-i5z4rtjbz6301jc9wcstp464j3by "HTTP/1.1 200 OK"
2026-05-07 04:29:37,439 | INFO | httpx | HTTP Request: GET https://api.cloud.llamaindex.ai/api/v2/parse/pjb-i5z4rtjbz6301jc9wcstp464j3by "HTTP/1.1 200 OK"
2026-05-07 04:29:42,888 | INFO | httpx | HTTP Request: GET https://api.cloud.llamaindex.ai/api/v2/parse/pjb-i5z4rtjbz6301jc9wcstp464j3by "HTTP/1.1 200 OK"
2026-05-07 04:29:48,821 | INFO | httpx | HTTP Request: GET https://api.cloud.llamaindex.ai/api/v2/parse/pjb-i5z4rtjbz6301jc9wcstp464j3by "HTTP/1.1 200 OK"
2026-05-07 04:29:49,640 | INFO | httpx | HTTP Request: GET https://api.cloud.llamaindex.ai/api/v2/parse/pjb-i5z4rtjbz6301jc9wcstp464j3by?expand=markdown_full&expand=text_full "HTTP/1.1 200 OK"
2026-05-07 04:29:52,620 | INFO | httpx | HTTP Request: POST https://api.cloud.llamaindex.ai/api/v1/beta/files "HTTP/1.1 201 Created"
2026-05-07 04:29:53,029 | INFO | httpx | HTTP Request: POST https://api.cloud.llamaindex.ai/api/v2/parse "HTTP/1.1 200 OK"
2026-05-07 04:29:54,352 | INFO | httpx | HTTP Request: GET https://api.cloud.llamaindex.ai/api/v2/parse/pjb-pxidp2v7rf7a9cgtfdo8udj7w3yq "HTTP/1.1 200 OK"
2026-05-07 04:29:56,679 | INFO | httpx | HTTP Request: GET https://api.cloud.llamaindex.ai/api/v2/parse/pjb-pxidp2v7rf7a9cgtfdo8udj7w3yq "HTTP/1.1 200 OK"
2026-05-07 04:29:59,989 | INFO | httpx | HTTP Request: GET https://api.cloud.llamaindex.ai/api/v2/parse/pjb-pxidp2v7rf7a9cgtfdo8udj7w3yq "HTTP/1.1 200 OK"
2026-05-07 04:30:04,387 | INFO | httpx | HTTP Request: GET https://api.cloud.llamaindex.ai/api/v2/parse/pjb-pxidp2v7rf7a9cgtfdo8udj7w3yq "HTTP/1.1 200 OK"
2026-05-07 04:30:09,709 | INFO | httpx | HTTP Request: GET https://api.cloud.llamaindex.ai/api/v2/parse/pjb-pxidp2v7rf7a9cgtfdo8udj7w3yq "HTTP/1.1 200 OK"
2026-05-07 04:30:15,591 | INFO | httpx | HTTP Request: GET https://api.cloud.llamaindex.ai/api/v2/parse/pjb-pxidp2v7rf7a9cgtfdo8udj7w3yq "HTTP/1.1 200 OK"
2026-05-07 04:30:21,869 | INFO | httpx | HTTP Request: GET https://api.cloud.llamaindex.ai/api/v2/parse/pjb-pxidp2v7rf7a9cgtfdo8udj7w3yq "HTTP/1.1 200 OK"
2026-05-07 04:30:22,825 | INFO | httpx | HTTP Request: GET https://api.cloud.llamaindex.ai/api/v2/parse/pjb-pxidp2v7rf7a9cgtfdo8udj7w3yq?expand=markdown_full&expand=text_full "HTTP/1.1 200 OK"
2026-05-07 04:30:27,321 | INFO | httpx | HTTP Request: POST https://api.cloud.llamaindex.ai/api/v1/beta/files "HTTP/1.1 201 Created"
2026-05-07 04:30:27,914 | INFO | httpx | HTTP Request: POST https://api.cloud.llamaindex.ai/api/v2/parse "HTTP/1.1 200 OK"
2026-05-07 04:30:29,348 | INFO | httpx | HTTP Request: GET https://api.cloud.llamaindex.ai/api/v2/parse/pjb-j22rqyzh7lv374vpsm8bgfodtrhm "HTTP/1.1 200 OK"
2026-05-07 04:30:31,784 | INFO | httpx | HTTP Request: GET https://api.cloud.llamaindex.ai/api/v2/parse/pjb-j22rqyzh7lv374vpsm8bgfodtrhm "HTTP/1.1 200 OK"
2026-05-07 04:30:35,231 | INFO | httpx | HTTP Request: GET https://api.cloud.llamaindex.ai/api/v2/parse/pjb-j22rqyzh7lv374vpsm8bgfodtrhm "HTTP/1.1 200 OK"
2026-05-07 04:30:39,649 | INFO | httpx | HTTP Request: GET https://api.cloud.llamaindex.ai/api/v2/parse/pjb-j22rqyzh7lv374vpsm8bgfodtrhm "HTTP/1.1 200 OK"
2026-05-07 04:30:45,866 | INFO | httpx | HTTP Request: GET https://api.cloud.llamaindex.ai/api/v2/parse/pjb-j22rqyzh7lv374vpsm8bgfodtrhm "HTTP/1.1 200 OK"
2026-05-07 04:30:51,300 | INFO | httpx | HTTP Request: GET https://api.cloud.llamaindex.ai/api/v2/parse/pjb-j22rqyzh7lv374vpsm8bgfodtrhm "HTTP/1.1 200 OK"
2026-05-07 04:30:52,478 | INFO | httpx | HTTP Request: GET https://api.cloud.llamaindex.ai/api/v2/parse/pjb-j22rqyzh7lv374vpsm8bgfodtrhm?expand=markdown_full&expand=text_full "HTTP/1.1 200 OK"
2026-05-07 04:30:56,106 | INFO | httpx | HTTP Request: POST https://api.cloud.llamaindex.ai/api/v1/beta/files "HTTP/1.1 201 Created"
2026-05-07 04:30:56,638 | INFO | httpx | HTTP Request: POST https://api.cloud.llamaindex.ai/api/v2/parse "HTTP/1.1 200 OK"
2026-05-07 04:30:58,057 | INFO | httpx | HTTP Request: GET https://api.cloud.llamaindex.ai/api/v2/parse/pjb-ev5nmg4ii25ejrpgf8r7rkt0rkva "HTTP/1.1 200 OK"
2026-05-07 04:31:00,501 | INFO | httpx | HTTP Request: GET https://api.cloud.llamaindex.ai/api/v2/parse/pjb-ev5nmg4ii25ejrpgf8r7rkt0rkva "HTTP/1.1 200 OK"
2026-05-07 04:31:03,924 | INFO | httpx | HTTP Request: GET https://api.cloud.llamaindex.ai/api/v2/parse/pjb-ev5nmg4ii25ejrpgf8r7rkt0rkva "HTTP/1.1 200 OK"
2026-05-07 04:31:08,385 | INFO | httpx | HTTP Request: GET https://api.cloud.llamaindex.ai/api/v2/parse/pjb-ev5nmg4ii25ejrpgf8r7rkt0rkva "HTTP/1.1 200 OK"
2026-05-07 04:31:14,325 | INFO | httpx | HTTP Request: GET https://api.cloud.llamaindex.ai/api/v2/parse/pjb-ev5nmg4ii25ejrpgf8r7rkt0rkva "HTTP/1.1 200 OK"
2026-05-07 04:31:20,268 | INFO | httpx | HTTP Request: GET https://api.cloud.llamaindex.ai/api/v2/parse/pjb-ev5nmg4ii25ejrpgf8r7rkt0rkva "HTTP/1.1 200 OK"
2026-05-07 04:31:21,035 | INFO | httpx | HTTP Request: GET https://api.cloud.llamaindex.ai/api/v2/parse/pjb-ev5nmg4ii25ejrpgf8r7rkt0rkva?expand=markdown_full&expand=text_full "HTTP/1.1 200 OK"
2026-05-07 04:31:24,061 | INFO | httpx | HTTP Request: POST https://api.cloud.llamaindex.ai/api/v1/beta/files "HTTP/1.1 201 Created"
2026-05-07 04:31:24,575 | INFO | httpx | HTTP Request: POST https://api.cloud.llamaindex.ai/api/v2/parse "HTTP/1.1 200 OK"
2026-05-07 04:31:25,939 | INFO | httpx | HTTP Request: GET https://api.cloud.llamaindex.ai/api/v2/parse/pjb-srcnozbw5tk4c7vg0vob24pqz37d "HTTP/1.1 200 OK"
2026-05-07 04:31:28,266 | INFO | httpx | HTTP Request: GET https://api.cloud.llamaindex.ai/api/v2/parse/pjb-srcnozbw5tk4c7vg0vob24pqz37d "HTTP/1.1 200 OK"
2026-05-07 04:31:31,634 | INFO | httpx | HTTP Request: GET https://api.cloud.llamaindex.ai/api/v2/parse/pjb-srcnozbw5tk4c7vg0vob24pqz37d "HTTP/1.1 200 OK"
2026-05-07 04:31:35,970 | INFO | httpx | HTTP Request: GET https://api.cloud.llamaindex.ai/api/v2/parse/pjb-srcnozbw5tk4c7vg0vob24pqz37d "HTTP/1.1 200 OK"
2026-05-07 04:31:41,282 | INFO | httpx | HTTP Request: GET https://api.cloud.llamaindex.ai/api/v2/parse/pjb-srcnozbw5tk4c7vg0vob24pqz37d "HTTP/1.1 200 OK"
2026-05-07 04:31:46,687 | INFO | httpx | HTTP Request: GET https://api.cloud.llamaindex.ai/api/v2/parse/pjb-srcnozbw5tk4c7vg0vob24pqz37d "HTTP/1.1 200 OK"
2026-05-07 04:31:47,508 | INFO | httpx | HTTP Request: GET https://api.cloud.llamaindex.ai/api/v2/parse/pjb-srcnozbw5tk4c7vg0vob24pqz37d?expand=markdown_full&expand=text_full "HTTP/1.1 200 OK"
2026-05-07 04:31:51,008 | INFO | httpx | HTTP Request: POST https://api.cloud.llamaindex.ai/api/v1/beta/files "HTTP/1.1 201 Created"
2026-05-07 04:31:51,544 | INFO | httpx | HTTP Request: POST https://api.cloud.llamaindex.ai/api/v2/parse "HTTP/1.1 200 OK"
2026-05-07 04:31:53,043 | INFO | httpx | HTTP Request: GET https://api.cloud.llamaindex.ai/api/v2/parse/pjb-kwv62t85u2ax7h0g5nf3p0ftrztt "HTTP/1.1 200 OK"
2026-05-07 04:31:55,507 | INFO | httpx | HTTP Request: GET https://api.cloud.llamaindex.ai/api/v2/parse/pjb-kwv62t85u2ax7h0g5nf3p0ftrztt "HTTP/1.1 200 OK"
2026-05-07 04:31:58,994 | INFO | httpx | HTTP Request: GET https://api.cloud.llamaindex.ai/api/v2/parse/pjb-kwv62t85u2ax7h0g5nf3p0ftrztt "HTTP/1.1 200 OK"
2026-05-07 04:32:03,418 | INFO | httpx | HTTP Request: GET https://api.cloud.llamaindex.ai/api/v2/parse/pjb-kwv62t85u2ax7h0g5nf3p0ftrztt "HTTP/1.1 200 OK"
2026-05-07 04:32:09,264 | INFO | httpx | HTTP Request: GET https://api.cloud.llamaindex.ai/api/v2/parse/pjb-kwv62t85u2ax7h0g5nf3p0ftrztt "HTTP/1.1 200 OK"
2026-05-07 04:32:14,557 | INFO | httpx | HTTP Request: GET https://api.cloud.llamaindex.ai/api/v2/parse/pjb-kwv62t85u2ax7h0g5nf3p0ftrztt "HTTP/1.1 200 OK"
2026-05-07 04:32:20,409 | INFO | httpx | HTTP Request: GET https://api.cloud.llamaindex.ai/api/v2/parse/pjb-kwv62t85u2ax7h0g5nf3p0ftrztt "HTTP/1.1 200 OK"
2026-05-07 04:32:25,807 | INFO | httpx | HTTP Request: GET https://api.cloud.llamaindex.ai/api/v2/parse/pjb-kwv62t85u2ax7h0g5nf3p0ftrztt "HTTP/1.1 200 OK"
2026-05-07 04:32:26,565 | INFO | httpx | HTTP Request: GET https://api.cloud.llamaindex.ai/api/v2/parse/pjb-kwv62t85u2ax7h0g5nf3p0ftrztt?expand=markdown_full&expand=text_full "HTTP/1.1 200 OK"
2026-05-07 04:32:30,123 | INFO | httpx | HTTP Request: POST https://api.cloud.llamaindex.ai/api/v1/beta/files "HTTP/1.1 201 Created"
2026-05-07 04:32:30,585 | INFO | httpx | HTTP Request: POST https://api.cloud.llamaindex.ai/api/v2/parse "HTTP/1.1 200 OK"
2026-05-07 04:32:31,962 | INFO | httpx | HTTP Request: GET https://api.cloud.llamaindex.ai/api/v2/parse/pjb-4dckinixduq331qri51jkfwmkwdd "HTTP/1.1 200 OK"
2026-05-07 04:32:34,303 | INFO | httpx | HTTP Request: GET https://api.cloud.llamaindex.ai/api/v2/parse/pjb-4dckinixduq331qri51jkfwmkwdd "HTTP/1.1 200 OK"
2026-05-07 04:32:37,716 | INFO | httpx | HTTP Request: GET https://api.cloud.llamaindex.ai/api/v2/parse/pjb-4dckinixduq331qri51jkfwmkwdd "HTTP/1.1 200 OK"
2026-05-07 04:32:42,017 | INFO | httpx | HTTP Request: GET https://api.cloud.llamaindex.ai/api/v2/parse/pjb-4dckinixduq331qri51jkfwmkwdd "HTTP/1.1 200 OK"
2026-05-07 04:32:47,421 | INFO | httpx | HTTP Request: GET https://api.cloud.llamaindex.ai/api/v2/parse/pjb-4dckinixduq331qri51jkfwmkwdd "HTTP/1.1 200 OK"
2026-05-07 04:32:53,277 | INFO | httpx | HTTP Request: GET https://api.cloud.llamaindex.ai/api/v2/parse/pjb-4dckinixduq331qri51jkfwmkwdd "HTTP/1.1 200 OK"
2026-05-07 04:32:54,085 | INFO | httpx | HTTP Request: GET https://api.cloud.llamaindex.ai/api/v2/parse/pjb-4dckinixduq331qri51jkfwmkwdd?expand=markdown_full&expand=text_full "HTTP/1.1 200 OK"
2026-05-07 04:32:56,940 | INFO | httpx | HTTP Request: POST https://api.cloud.llamaindex.ai/api/v1/beta/files "HTTP/1.1 201 Created"
2026-05-07 04:32:57,358 | INFO | httpx | HTTP Request: POST https://api.cloud.llamaindex.ai/api/v2/parse "HTTP/1.1 200 OK"
2026-05-07 04:32:58,675 | INFO | httpx | HTTP Request: GET https://api.cloud.llamaindex.ai/api/v2/parse/pjb-u382dkn30v78khheb6oedfhw743j "HTTP/1.1 200 OK"
2026-05-07 04:33:01,029 | INFO | httpx | HTTP Request: GET https://api.cloud.llamaindex.ai/api/v2/parse/pjb-u382dkn30v78khheb6oedfhw743j "HTTP/1.1 200 OK"
2026-05-07 04:33:04,328 | INFO | httpx | HTTP Request: GET https://api.cloud.llamaindex.ai/api/v2/parse/pjb-u382dkn30v78khheb6oedfhw743j "HTTP/1.1 200 OK"
2026-05-07 04:33:08,634 | INFO | httpx | HTTP Request: GET https://api.cloud.llamaindex.ai/api/v2/parse/pjb-u382dkn30v78khheb6oedfhw743j "HTTP/1.1 200 OK"
2026-05-07 04:33:14,477 | INFO | httpx | HTTP Request: GET https://api.cloud.llamaindex.ai/api/v2/parse/pjb-u382dkn30v78khheb6oedfhw743j "HTTP/1.1 200 OK"
2026-05-07 04:33:19,875 | INFO | httpx | HTTP Request: GET https://api.cloud.llamaindex.ai/api/v2/parse/pjb-u382dkn30v78khheb6oedfhw743j "HTTP/1.1 200 OK"
2026-05-07 04:33:20,659 | INFO | httpx | HTTP Request: GET https://api.cloud.llamaindex.ai/api/v2/parse/pjb-u382dkn30v78khheb6oedfhw743j?expand=markdown_full&expand=text_full "HTTP/1.1 200 OK"
2026-05-07 04:33:23,513 | INFO | httpx | HTTP Request: POST https://api.cloud.llamaindex.ai/api/v1/beta/files "HTTP/1.1 201 Created"
2026-05-07 04:33:24,057 | INFO | httpx | HTTP Request: POST https://api.cloud.llamaindex.ai/api/v2/parse "HTTP/1.1 200 OK"
2026-05-07 04:33:25,409 | INFO | httpx | HTTP Request: GET https://api.cloud.llamaindex.ai/api/v2/parse/pjb-3dnc74foiyhjv70n9qyqz6xlmqv1 "HTTP/1.1 200 OK"
2026-05-07 04:33:27,757 | INFO | httpx | HTTP Request: GET https://api.cloud.llamaindex.ai/api/v2/parse/pjb-3dnc74foiyhjv70n9qyqz6xlmqv1 "HTTP/1.1 200 OK"
2026-05-07 04:33:31,136 | INFO | httpx | HTTP Request: GET https://api.cloud.llamaindex.ai/api/v2/parse/pjb-3dnc74foiyhjv70n9qyqz6xlmqv1 "HTTP/1.1 200 OK"
2026-05-07 04:33:35,447 | INFO | httpx | HTTP Request: GET https://api.cloud.llamaindex.ai/api/v2/parse/pjb-3dnc74foiyhjv70n9qyqz6xlmqv1 "HTTP/1.1 200 OK"
2026-05-07 04:33:41,328 | INFO | httpx | HTTP Request: GET https://api.cloud.llamaindex.ai/api/v2/parse/pjb-3dnc74foiyhjv70n9qyqz6xlmqv1 "HTTP/1.1 200 OK"
2026-05-07 04:33:47,195 | INFO | httpx | HTTP Request: GET https://api.cloud.llamaindex.ai/api/v2/parse/pjb-3dnc74foiyhjv70n9qyqz6xlmqv1 "HTTP/1.1 200 OK"
2026-05-07 04:33:47,965 | INFO | httpx | HTTP Request: GET https://api.cloud.llamaindex.ai/api/v2/parse/pjb-3dnc74foiyhjv70n9qyqz6xlmqv1?expand=markdown_full&expand=text_full "HTTP/1.1 200 OK"
2026-05-07 04:33:50,771 | INFO | httpx | HTTP Request: POST https://api.cloud.llamaindex.ai/api/v1/beta/files "HTTP/1.1 201 Created"
2026-05-07 04:33:51,169 | INFO | httpx | HTTP Request: POST https://api.cloud.llamaindex.ai/api/v2/parse "HTTP/1.1 200 OK"
2026-05-07 04:33:52,535 | INFO | httpx | HTTP Request: GET https://api.cloud.llamaindex.ai/api/v2/parse/pjb-z18hc5ctzl4ef1mip6uek7646k3o "HTTP/1.1 200 OK"
2026-05-07 04:33:54,854 | INFO | httpx | HTTP Request: GET https://api.cloud.llamaindex.ai/api/v2/parse/pjb-z18hc5ctzl4ef1mip6uek7646k3o "HTTP/1.1 200 OK"
2026-05-07 04:33:58,183 | INFO | httpx | HTTP Request: GET https://api.cloud.llamaindex.ai/api/v2/parse/pjb-z18hc5ctzl4ef1mip6uek7646k3o "HTTP/1.1 200 OK"
2026-05-07 04:34:02,585 | INFO | httpx | HTTP Request: GET https://api.cloud.llamaindex.ai/api/v2/parse/pjb-z18hc5ctzl4ef1mip6uek7646k3o "HTTP/1.1 200 OK"
2026-05-07 04:34:08,371 | INFO | httpx | HTTP Request: GET https://api.cloud.llamaindex.ai/api/v2/parse/pjb-z18hc5ctzl4ef1mip6uek7646k3o "HTTP/1.1 200 OK"
2026-05-07 04:34:14,221 | INFO | httpx | HTTP Request: GET https://api.cloud.llamaindex.ai/api/v2/parse/pjb-z18hc5ctzl4ef1mip6uek7646k3o "HTTP/1.1 200 OK"
2026-05-07 04:34:14,987 | INFO | httpx | HTTP Request: GET https://api.cloud.llamaindex.ai/api/v2/parse/pjb-z18hc5ctzl4ef1mip6uek7646k3o?expand=markdown_full&expand=text_full "HTTP/1.1 200 OK"
2026-05-07 04:34:17,935 | INFO | httpx | HTTP Request: POST https://api.cloud.llamaindex.ai/api/v1/beta/files "HTTP/1.1 201 Created"
2026-05-07 04:34:18,404 | INFO | httpx | HTTP Request: POST https://api.cloud.llamaindex.ai/api/v2/parse "HTTP/1.1 200 OK"
2026-05-07 04:34:19,725 | INFO | httpx | HTTP Request: GET https://api.cloud.llamaindex.ai/api/v2/parse/pjb-znr5ma6rgszjjz0f9ubtck1cf8s8 "HTTP/1.1 200 OK"
2026-05-07 04:34:22,050 | INFO | httpx | HTTP Request: GET https://api.cloud.llamaindex.ai/api/v2/parse/pjb-znr5ma6rgszjjz0f9ubtck1cf8s8 "HTTP/1.1 200 OK"
2026-05-07 04:34:25,416 | INFO | httpx | HTTP Request: GET https://api.cloud.llamaindex.ai/api/v2/parse/pjb-znr5ma6rgszjjz0f9ubtck1cf8s8 "HTTP/1.1 200 OK"
2026-05-07 04:34:29,824 | INFO | httpx | HTTP Request: GET https://api.cloud.llamaindex.ai/api/v2/parse/pjb-znr5ma6rgszjjz0f9ubtck1cf8s8 "HTTP/1.1 200 OK"
2026-05-07 04:34:35,685 | INFO | httpx | HTTP Request: GET https://api.cloud.llamaindex.ai/api/v2/parse/pjb-znr5ma6rgszjjz0f9ubtck1cf8s8 "HTTP/1.1 200 OK"
2026-05-07 04:34:41,572 | INFO | httpx | HTTP Request: GET https://api.cloud.llamaindex.ai/api/v2/parse/pjb-znr5ma6rgszjjz0f9ubtck1cf8s8 "HTTP/1.1 200 OK"
2026-05-07 04:34:42,348 | INFO | httpx | HTTP Request: GET https://api.cloud.llamaindex.ai/api/v2/parse/pjb-znr5ma6rgszjjz0f9ubtck1cf8s8?expand=markdown_full&expand=text_full "HTTP/1.1 200 OK"
2026-05-07 04:34:45,083 | INFO | httpx | HTTP Request: POST https://api.cloud.llamaindex.ai/api/v1/beta/files "HTTP/1.1 201 Created"
2026-05-07 04:34:45,499 | INFO | httpx | HTTP Request: POST https://api.cloud.llamaindex.ai/api/v2/parse "HTTP/1.1 200 OK"
2026-05-07 04:34:46,810 | INFO | httpx | HTTP Request: GET https://api.cloud.llamaindex.ai/api/v2/parse/pjb-03fpzxyyys0xn4pieyv0b54o4xek "HTTP/1.1 200 OK"
2026-05-07 04:34:49,169 | INFO | httpx | HTTP Request: GET https://api.cloud.llamaindex.ai/api/v2/parse/pjb-03fpzxyyys0xn4pieyv0b54o4xek "HTTP/1.1 200 OK"
2026-05-07 04:34:52,532 | INFO | httpx | HTTP Request: GET https://api.cloud.llamaindex.ai/api/v2/parse/pjb-03fpzxyyys0xn4pieyv0b54o4xek "HTTP/1.1 200 OK"
2026-05-07 04:34:56,864 | INFO | httpx | HTTP Request: GET https://api.cloud.llamaindex.ai/api/v2/parse/pjb-03fpzxyyys0xn4pieyv0b54o4xek "HTTP/1.1 200 OK"
2026-05-07 04:35:02,666 | INFO | httpx | HTTP Request: GET https://api.cloud.llamaindex.ai/api/v2/parse/pjb-03fpzxyyys0xn4pieyv0b54o4xek "HTTP/1.1 200 OK"
2026-05-07 04:35:08,515 | INFO | httpx | HTTP Request: GET https://api.cloud.llamaindex.ai/api/v2/parse/pjb-03fpzxyyys0xn4pieyv0b54o4xek "HTTP/1.1 200 OK"
2026-05-07 04:35:09,251 | INFO | httpx | HTTP Request: GET https://api.cloud.llamaindex.ai/api/v2/parse/pjb-03fpzxyyys0xn4pieyv0b54o4xek?expand=markdown_full&expand=text_full "HTTP/1.1 200 OK"
2026-05-07 04:35:12,231 | INFO | httpx | HTTP Request: POST https://api.cloud.llamaindex.ai/api/v1/beta/files "HTTP/1.1 201 Created"
2026-05-07 04:35:12,713 | INFO | httpx | HTTP Request: POST https://api.cloud.llamaindex.ai/api/v2/parse "HTTP/1.1 200 OK"
2026-05-07 04:35:14,047 | INFO | httpx | HTTP Request: GET https://api.cloud.llamaindex.ai/api/v2/parse/pjb-mrmqar7zc0arue3jhy2p2hdb94ei "HTTP/1.1 200 OK"
2026-05-07 04:35:16,401 | INFO | httpx | HTTP Request: GET https://api.cloud.llamaindex.ai/api/v2/parse/pjb-mrmqar7zc0arue3jhy2p2hdb94ei "HTTP/1.1 200 OK"
2026-05-07 04:35:19,771 | INFO | httpx | HTTP Request: GET https://api.cloud.llamaindex.ai/api/v2/parse/pjb-mrmqar7zc0arue3jhy2p2hdb94ei "HTTP/1.1 200 OK"
2026-05-07 04:35:24,085 | INFO | httpx | HTTP Request: GET https://api.cloud.llamaindex.ai/api/v2/parse/pjb-mrmqar7zc0arue3jhy2p2hdb94ei "HTTP/1.1 200 OK"
2026-05-07 04:35:29,426 | INFO | httpx | HTTP Request: GET https://api.cloud.llamaindex.ai/api/v2/parse/pjb-mrmqar7zc0arue3jhy2p2hdb94ei "HTTP/1.1 200 OK"
2026-05-07 04:35:34,717 | INFO | httpx | HTTP Request: GET https://api.cloud.llamaindex.ai/api/v2/parse/pjb-mrmqar7zc0arue3jhy2p2hdb94ei "HTTP/1.1 200 OK"
2026-05-07 04:35:35,419 | INFO | httpx | HTTP Request: GET https://api.cloud.llamaindex.ai/api/v2/parse/pjb-mrmqar7zc0arue3jhy2p2hdb94ei?expand=markdown_full&expand=text_full "HTTP/1.1 200 OK"
2026-05-07 04:35:38,694 | INFO | httpx | HTTP Request: POST https://api.cloud.llamaindex.ai/api/v1/beta/files "HTTP/1.1 201 Created"
2026-05-07 04:35:39,165 | INFO | httpx | HTTP Request: POST https://api.cloud.llamaindex.ai/api/v2/parse "HTTP/1.1 200 OK"
2026-05-07 04:35:40,486 | INFO | httpx | HTTP Request: GET https://api.cloud.llamaindex.ai/api/v2/parse/pjb-u5locq2mb0g7uzhssv3afd2ojnjv "HTTP/1.1 200 OK"
2026-05-07 04:35:42,891 | INFO | httpx | HTTP Request: GET https://api.cloud.llamaindex.ai/api/v2/parse/pjb-u5locq2mb0g7uzhssv3afd2ojnjv "HTTP/1.1 200 OK"
2026-05-07 04:35:46,198 | INFO | httpx | HTTP Request: GET https://api.cloud.llamaindex.ai/api/v2/parse/pjb-u5locq2mb0g7uzhssv3afd2ojnjv "HTTP/1.1 200 OK"
2026-05-07 04:35:50,525 | INFO | httpx | HTTP Request: GET https://api.cloud.llamaindex.ai/api/v2/parse/pjb-u5locq2mb0g7uzhssv3afd2ojnjv "HTTP/1.1 200 OK"
2026-05-07 04:35:56,670 | INFO | httpx | HTTP Request: GET https://api.cloud.llamaindex.ai/api/v2/parse/pjb-u5locq2mb0g7uzhssv3afd2ojnjv "HTTP/1.1 200 OK"
2026-05-07 04:36:02,101 | INFO | httpx | HTTP Request: GET https://api.cloud.llamaindex.ai/api/v2/parse/pjb-u5locq2mb0g7uzhssv3afd2ojnjv "HTTP/1.1 200 OK"
2026-05-07 04:36:03,095 | INFO | httpx | HTTP Request: GET https://api.cloud.llamaindex.ai/api/v2/parse/pjb-u5locq2mb0g7uzhssv3afd2ojnjv?expand=markdown_full&expand=text_full "HTTP/1.1 200 OK"
2026-05-07 04:36:06,889 | INFO | httpx | HTTP Request: POST https://api.cloud.llamaindex.ai/api/v1/beta/files "HTTP/1.1 201 Created"
2026-05-07 04:36:07,407 | INFO | httpx | HTTP Request: POST https://api.cloud.llamaindex.ai/api/v2/parse "HTTP/1.1 200 OK"
2026-05-07 04:36:08,818 | INFO | httpx | HTTP Request: GET https://api.cloud.llamaindex.ai/api/v2/parse/pjb-wtwvk6cot02skntgh2xdubtnr1en "HTTP/1.1 200 OK"
2026-05-07 04:36:11,230 | INFO | httpx | HTTP Request: GET https://api.cloud.llamaindex.ai/api/v2/parse/pjb-wtwvk6cot02skntgh2xdubtnr1en "HTTP/1.1 200 OK"
2026-05-07 04:36:14,646 | INFO | httpx | HTTP Request: GET https://api.cloud.llamaindex.ai/api/v2/parse/pjb-wtwvk6cot02skntgh2xdubtnr1en "HTTP/1.1 200 OK"
2026-05-07 04:36:19,042 | INFO | httpx | HTTP Request: GET https://api.cloud.llamaindex.ai/api/v2/parse/pjb-wtwvk6cot02skntgh2xdubtnr1en "HTTP/1.1 200 OK"
2026-05-07 04:36:24,899 | INFO | httpx | HTTP Request: GET https://api.cloud.llamaindex.ai/api/v2/parse/pjb-wtwvk6cot02skntgh2xdubtnr1en "HTTP/1.1 200 OK"
2026-05-07 04:36:30,213 | INFO | httpx | HTTP Request: GET https://api.cloud.llamaindex.ai/api/v2/parse/pjb-wtwvk6cot02skntgh2xdubtnr1en "HTTP/1.1 200 OK"
2026-05-07 04:36:36,092 | INFO | httpx | HTTP Request: GET https://api.cloud.llamaindex.ai/api/v2/parse/pjb-wtwvk6cot02skntgh2xdubtnr1en "HTTP/1.1 200 OK"
2026-05-07 04:36:41,434 | INFO | httpx | HTTP Request: GET https://api.cloud.llamaindex.ai/api/v2/parse/pjb-wtwvk6cot02skntgh2xdubtnr1en "HTTP/1.1 200 OK"
2026-05-07 04:36:46,837 | INFO | httpx | HTTP Request: GET https://api.cloud.llamaindex.ai/api/v2/parse/pjb-wtwvk6cot02skntgh2xdubtnr1en "HTTP/1.1 200 OK"
2026-05-07 04:36:52,723 | INFO | httpx | HTTP Request: GET https://api.cloud.llamaindex.ai/api/v2/parse/pjb-wtwvk6cot02skntgh2xdubtnr1en "HTTP/1.1 200 OK"
2026-05-07 04:36:53,513 | INFO | httpx | HTTP Request: GET https://api.cloud.llamaindex.ai/api/v2/parse/pjb-wtwvk6cot02skntgh2xdubtnr1en?expand=markdown_full&expand=text_full "HTTP/1.1 200 OK"
2026-05-07 04:36:56,701 | INFO | httpx | HTTP Request: POST https://api.cloud.llamaindex.ai/api/v1/beta/files "HTTP/1.1 201 Created"
2026-05-07 04:36:57,166 | INFO | httpx | HTTP Request: POST https://api.cloud.llamaindex.ai/api/v2/parse "HTTP/1.1 200 OK"
2026-05-07 04:36:58,477 | INFO | httpx | HTTP Request: GET https://api.cloud.llamaindex.ai/api/v2/parse/pjb-b4q5owphzftmytlnn6ss8uy5rqvn "HTTP/1.1 200 OK"
2026-05-07 04:37:00,803 | INFO | httpx | HTTP Request: GET https://api.cloud.llamaindex.ai/api/v2/parse/pjb-b4q5owphzftmytlnn6ss8uy5rqvn "HTTP/1.1 200 OK"
2026-05-07 04:37:04,130 | INFO | httpx | HTTP Request: GET https://api.cloud.llamaindex.ai/api/v2/parse/pjb-b4q5owphzftmytlnn6ss8uy5rqvn "HTTP/1.1 200 OK"
2026-05-07 04:37:08,457 | INFO | httpx | HTTP Request: GET https://api.cloud.llamaindex.ai/api/v2/parse/pjb-b4q5owphzftmytlnn6ss8uy5rqvn "HTTP/1.1 200 OK"
2026-05-07 04:37:14,336 | INFO | httpx | HTTP Request: GET https://api.cloud.llamaindex.ai/api/v2/parse/pjb-b4q5owphzftmytlnn6ss8uy5rqvn "HTTP/1.1 200 OK"
2026-05-07 04:37:20,242 | INFO | httpx | HTTP Request: GET https://api.cloud.llamaindex.ai/api/v2/parse/pjb-b4q5owphzftmytlnn6ss8uy5rqvn "HTTP/1.1 200 OK"
2026-05-07 04:37:20,993 | INFO | httpx | HTTP Request: GET https://api.cloud.llamaindex.ai/api/v2/parse/pjb-b4q5owphzftmytlnn6ss8uy5rqvn?expand=markdown_full&expand=text_full "HTTP/1.1 200 OK"
2026-05-07 04:37:23,860 | INFO | httpx | HTTP Request: POST https://api.cloud.llamaindex.ai/api/v1/beta/files "HTTP/1.1 201 Created"
2026-05-07 04:37:24,366 | INFO | httpx | HTTP Request: POST https://api.cloud.llamaindex.ai/api/v2/parse "HTTP/1.1 200 OK"
2026-05-07 04:37:25,693 | INFO | httpx | HTTP Request: GET https://api.cloud.llamaindex.ai/api/v2/parse/pjb-pgzkgeoj7smqyxsjrbwkgdv7os0d "HTTP/1.1 200 OK"
2026-05-07 04:37:28,021 | INFO | httpx | HTTP Request: GET https://api.cloud.llamaindex.ai/api/v2/parse/pjb-pgzkgeoj7smqyxsjrbwkgdv7os0d "HTTP/1.1 200 OK"
2026-05-07 04:37:31,351 | INFO | httpx | HTTP Request: GET https://api.cloud.llamaindex.ai/api/v2/parse/pjb-pgzkgeoj7smqyxsjrbwkgdv7os0d "HTTP/1.1 200 OK"
2026-05-07 04:37:35,696 | INFO | httpx | HTTP Request: GET https://api.cloud.llamaindex.ai/api/v2/parse/pjb-pgzkgeoj7smqyxsjrbwkgdv7os0d "HTTP/1.1 200 OK"
2026-05-07 04:37:41,548 | INFO | httpx | HTTP Request: GET https://api.cloud.llamaindex.ai/api/v2/parse/pjb-pgzkgeoj7smqyxsjrbwkgdv7os0d "HTTP/1.1 200 OK"
2026-05-07 04:37:46,935 | INFO | httpx | HTTP Request: GET https://api.cloud.llamaindex.ai/api/v2/parse/pjb-pgzkgeoj7smqyxsjrbwkgdv7os0d "HTTP/1.1 200 OK"
2026-05-07 04:37:47,710 | INFO | httpx | HTTP Request: GET https://api.cloud.llamaindex.ai/api/v2/parse/pjb-pgzkgeoj7smqyxsjrbwkgdv7os0d?expand=markdown_full&expand=text_full "HTTP/1.1 200 OK"
2026-05-07 04:37:50,728 | INFO | httpx | HTTP Request: POST https://api.cloud.llamaindex.ai/api/v1/beta/files "HTTP/1.1 201 Created"
2026-05-07 04:37:51,200 | INFO | httpx | HTTP Request: POST https://api.cloud.llamaindex.ai/api/v2/parse "HTTP/1.1 200 OK"
2026-05-07 04:37:52,509 | INFO | httpx | HTTP Request: GET https://api.cloud.llamaindex.ai/api/v2/parse/pjb-hjymd5oeotch8hoj59ily4dgdzgr "HTTP/1.1 200 OK"
2026-05-07 04:37:54,833 | INFO | httpx | HTTP Request: GET https://api.cloud.llamaindex.ai/api/v2/parse/pjb-hjymd5oeotch8hoj59ily4dgdzgr "HTTP/1.1 200 OK"
2026-05-07 04:37:58,156 | INFO | httpx | HTTP Request: GET https://api.cloud.llamaindex.ai/api/v2/parse/pjb-hjymd5oeotch8hoj59ily4dgdzgr "HTTP/1.1 200 OK"
2026-05-07 04:38:02,475 | INFO | httpx | HTTP Request: GET https://api.cloud.llamaindex.ai/api/v2/parse/pjb-hjymd5oeotch8hoj59ily4dgdzgr "HTTP/1.1 200 OK"
2026-05-07 04:38:07,794 | INFO | httpx | HTTP Request: GET https://api.cloud.llamaindex.ai/api/v2/parse/pjb-hjymd5oeotch8hoj59ily4dgdzgr "HTTP/1.1 200 OK"
2026-05-07 04:38:13,119 | INFO | httpx | HTTP Request: GET https://api.cloud.llamaindex.ai/api/v2/parse/pjb-hjymd5oeotch8hoj59ily4dgdzgr "HTTP/1.1 200 OK"
2026-05-07 04:38:19,009 | INFO | httpx | HTTP Request: GET https://api.cloud.llamaindex.ai/api/v2/parse/pjb-hjymd5oeotch8hoj59ily4dgdzgr "HTTP/1.1 200 OK"
2026-05-07 04:38:19,761 | INFO | httpx | HTTP Request: GET https://api.cloud.llamaindex.ai/api/v2/parse/pjb-hjymd5oeotch8hoj59ily4dgdzgr?expand=markdown_full&expand=text_full "HTTP/1.1 200 OK"
2026-05-07 04:38:22,524 | INFO | httpx | HTTP Request: POST https://api.cloud.llamaindex.ai/api/v1/beta/files "HTTP/1.1 201 Created"
2026-05-07 04:38:22,967 | INFO | httpx | HTTP Request: POST https://api.cloud.llamaindex.ai/api/v2/parse "HTTP/1.1 200 OK"
2026-05-07 04:38:24,263 | INFO | httpx | HTTP Request: GET https://api.cloud.llamaindex.ai/api/v2/parse/pjb-r1oxxc4y4lpgkks1kdti6b6wm9o7 "HTTP/1.1 200 OK"
2026-05-07 04:38:26,562 | INFO | httpx | HTTP Request: GET https://api.cloud.llamaindex.ai/api/v2/parse/pjb-r1oxxc4y4lpgkks1kdti6b6wm9o7 "HTTP/1.1 200 OK"
2026-05-07 04:38:29,847 | INFO | httpx | HTTP Request: GET https://api.cloud.llamaindex.ai/api/v2/parse/pjb-r1oxxc4y4lpgkks1kdti6b6wm9o7 "HTTP/1.1 200 OK"
2026-05-07 04:38:34,166 | INFO | httpx | HTTP Request: GET https://api.cloud.llamaindex.ai/api/v2/parse/pjb-r1oxxc4y4lpgkks1kdti6b6wm9o7 "HTTP/1.1 200 OK"
2026-05-07 04:38:39,988 | INFO | httpx | HTTP Request: GET https://api.cloud.llamaindex.ai/api/v2/parse/pjb-r1oxxc4y4lpgkks1kdti6b6wm9o7 "HTTP/1.1 200 OK"
2026-05-07 04:38:45,283 | INFO | httpx | HTTP Request: GET https://api.cloud.llamaindex.ai/api/v2/parse/pjb-r1oxxc4y4lpgkks1kdti6b6wm9o7 "HTTP/1.1 200 OK"
2026-05-07 04:38:50,655 | INFO | httpx | HTTP Request: GET https://api.cloud.llamaindex.ai/api/v2/parse/pjb-r1oxxc4y4lpgkks1kdti6b6wm9o7 "HTTP/1.1 200 OK"
2026-05-07 04:38:51,396 | INFO | httpx | HTTP Request: GET https://api.cloud.llamaindex.ai/api/v2/parse/pjb-r1oxxc4y4lpgkks1kdti6b6wm9o7?expand=markdown_full&expand=text_full "HTTP/1.1 200 OK"
2026-05-07 04:38:54,067 | INFO | httpx | HTTP Request: POST https://api.cloud.llamaindex.ai/api/v1/beta/files "HTTP/1.1 201 Created"
2026-05-07 04:38:54,547 | INFO | httpx | HTTP Request: POST https://api.cloud.llamaindex.ai/api/v2/parse "HTTP/1.1 200 OK"
2026-05-07 04:38:55,853 | INFO | httpx | HTTP Request: GET https://api.cloud.llamaindex.ai/api/v2/parse/pjb-1t2gd89k345v0lffbkxkmqs1w9lu "HTTP/1.1 200 OK"
2026-05-07 04:38:58,163 | INFO | httpx | HTTP Request: GET https://api.cloud.llamaindex.ai/api/v2/parse/pjb-1t2gd89k345v0lffbkxkmqs1w9lu "HTTP/1.1 200 OK"
2026-05-07 04:39:01,468 | INFO | httpx | HTTP Request: GET https://api.cloud.llamaindex.ai/api/v2/parse/pjb-1t2gd89k345v0lffbkxkmqs1w9lu "HTTP/1.1 200 OK"
2026-05-07 04:39:05,794 | INFO | httpx | HTTP Request: GET https://api.cloud.llamaindex.ai/api/v2/parse/pjb-1t2gd89k345v0lffbkxkmqs1w9lu "HTTP/1.1 200 OK"
2026-05-07 04:39:11,603 | INFO | httpx | HTTP Request: GET https://api.cloud.llamaindex.ai/api/v2/parse/pjb-1t2gd89k345v0lffbkxkmqs1w9lu "HTTP/1.1 200 OK"
2026-05-07 04:39:17,430 | INFO | httpx | HTTP Request: GET https://api.cloud.llamaindex.ai/api/v2/parse/pjb-1t2gd89k345v0lffbkxkmqs1w9lu "HTTP/1.1 200 OK"
2026-05-07 04:39:18,896 | INFO | httpx | HTTP Request: GET https://api.cloud.llamaindex.ai/api/v2/parse/pjb-1t2gd89k345v0lffbkxkmqs1w9lu?expand=markdown_full&expand=text_full "HTTP/1.1 200 OK"
2026-05-07 04:39:22,123 | INFO | httpx | HTTP Request: POST https://api.cloud.llamaindex.ai/api/v1/beta/files "HTTP/1.1 201 Created"
2026-05-07 04:39:22,544 | INFO | httpx | HTTP Request: POST https://api.cloud.llamaindex.ai/api/v2/parse "HTTP/1.1 200 OK"
2026-05-07 04:39:23,903 | INFO | httpx | HTTP Request: GET https://api.cloud.llamaindex.ai/api/v2/parse/pjb-vvm64zkyqbmen2szi6ityzi9vamo "HTTP/1.1 200 OK"
2026-05-07 04:39:26,223 | INFO | httpx | HTTP Request: GET https://api.cloud.llamaindex.ai/api/v2/parse/pjb-vvm64zkyqbmen2szi6ityzi9vamo "HTTP/1.1 200 OK"
2026-05-07 04:39:29,547 | INFO | httpx | HTTP Request: GET https://api.cloud.llamaindex.ai/api/v2/parse/pjb-vvm64zkyqbmen2szi6ityzi9vamo "HTTP/1.1 200 OK"
2026-05-07 04:39:33,870 | INFO | httpx | HTTP Request: GET https://api.cloud.llamaindex.ai/api/v2/parse/pjb-vvm64zkyqbmen2szi6ityzi9vamo "HTTP/1.1 200 OK"
2026-05-07 04:39:39,742 | INFO | httpx | HTTP Request: GET https://api.cloud.llamaindex.ai/api/v2/parse/pjb-vvm64zkyqbmen2szi6ityzi9vamo "HTTP/1.1 200 OK"
2026-05-07 04:39:50,344 | INFO | httpx | HTTP Request: GET https://api.cloud.llamaindex.ai/api/v2/parse/pjb-vvm64zkyqbmen2szi6ityzi9vamo "HTTP/1.1 200 OK"
2026-05-07 04:39:51,215 | INFO | httpx | HTTP Request: GET https://api.cloud.llamaindex.ai/api/v2/parse/pjb-vvm64zkyqbmen2szi6ityzi9vamo?expand=markdown_full&expand=text_full "HTTP/1.1 200 OK"
2026-05-07 04:39:54,240 | INFO | httpx | HTTP Request: POST https://api.cloud.llamaindex.ai/api/v1/beta/files "HTTP/1.1 201 Created"
2026-05-07 04:39:54,696 | INFO | httpx | HTTP Request: POST https://api.cloud.llamaindex.ai/api/v2/parse "HTTP/1.1 200 OK"
2026-05-07 04:39:56,019 | INFO | httpx | HTTP Request: GET https://api.cloud.llamaindex.ai/api/v2/parse/pjb-5zalemvqzs1uhqe4uffy5plbmvvm "HTTP/1.1 200 OK"
2026-05-07 04:39:58,350 | INFO | httpx | HTTP Request: GET https://api.cloud.llamaindex.ai/api/v2/parse/pjb-5zalemvqzs1uhqe4uffy5plbmvvm "HTTP/1.1 200 OK"
2026-05-07 04:40:01,694 | INFO | httpx | HTTP Request: GET https://api.cloud.llamaindex.ai/api/v2/parse/pjb-5zalemvqzs1uhqe4uffy5plbmvvm "HTTP/1.1 200 OK"
2026-05-07 04:40:06,553 | INFO | httpx | HTTP Request: GET https://api.cloud.llamaindex.ai/api/v2/parse/pjb-5zalemvqzs1uhqe4uffy5plbmvvm "HTTP/1.1 200 OK"
2026-05-07 04:40:12,436 | INFO | httpx | HTTP Request: GET https://api.cloud.llamaindex.ai/api/v2/parse/pjb-5zalemvqzs1uhqe4uffy5plbmvvm "HTTP/1.1 200 OK"
2026-05-07 04:40:17,805 | INFO | httpx | HTTP Request: GET https://api.cloud.llamaindex.ai/api/v2/parse/pjb-5zalemvqzs1uhqe4uffy5plbmvvm "HTTP/1.1 200 OK"
2026-05-07 04:40:18,569 | INFO | httpx | HTTP Request: GET https://api.cloud.llamaindex.ai/api/v2/parse/pjb-5zalemvqzs1uhqe4uffy5plbmvvm?expand=markdown_full&expand=text_full "HTTP/1.1 200 OK"
2026-05-07 04:40:21,391 | INFO | httpx | HTTP Request: POST https://api.cloud.llamaindex.ai/api/v1/beta/files "HTTP/1.1 201 Created"
2026-05-07 04:40:21,869 | INFO | httpx | HTTP Request: POST https://api.cloud.llamaindex.ai/api/v2/parse "HTTP/1.1 200 OK"
2026-05-07 04:40:23,168 | INFO | httpx | HTTP Request: GET https://api.cloud.llamaindex.ai/api/v2/parse/pjb-dioug7igk202c1le1cbauswf9a3c "HTTP/1.1 200 OK"
2026-05-07 04:40:25,504 | INFO | httpx | HTTP Request: GET https://api.cloud.llamaindex.ai/api/v2/parse/pjb-dioug7igk202c1le1cbauswf9a3c "HTTP/1.1 200 OK"
2026-05-07 04:40:28,820 | INFO | httpx | HTTP Request: GET https://api.cloud.llamaindex.ai/api/v2/parse/pjb-dioug7igk202c1le1cbauswf9a3c "HTTP/1.1 200 OK"
2026-05-07 04:40:33,106 | INFO | httpx | HTTP Request: GET https://api.cloud.llamaindex.ai/api/v2/parse/pjb-dioug7igk202c1le1cbauswf9a3c "HTTP/1.1 200 OK"
2026-05-07 04:40:38,902 | INFO | httpx | HTTP Request: GET https://api.cloud.llamaindex.ai/api/v2/parse/pjb-dioug7igk202c1le1cbauswf9a3c "HTTP/1.1 200 OK"
2026-05-07 04:40:44,705 | INFO | httpx | HTTP Request: GET https://api.cloud.llamaindex.ai/api/v2/parse/pjb-dioug7igk202c1le1cbauswf9a3c "HTTP/1.1 200 OK"
2026-05-07 04:40:45,221 | INFO | httpx | HTTP Request: GET https://api.cloud.llamaindex.ai/api/v2/parse/pjb-dioug7igk202c1le1cbauswf9a3c?expand=markdown_full&expand=text_full "HTTP/1.1 200 OK"
2026-05-07 04:41:08,836 | INFO | httpx | HTTP Request: POST https://api.cloud.llamaindex.ai/api/v1/beta/files "HTTP/1.1 201 Created"
2026-05-07 04:41:09,281 | INFO | httpx | HTTP Request: POST https://api.cloud.llamaindex.ai/api/v2/parse "HTTP/1.1 200 OK"
2026-05-07 04:41:10,620 | INFO | httpx | HTTP Request: GET https://api.cloud.llamaindex.ai/api/v2/parse/pjb-unwpzzxwou35brh28z5pixpm5psk "HTTP/1.1 200 OK"
2026-05-07 04:41:12,923 | INFO | httpx | HTTP Request: GET https://api.cloud.llamaindex.ai/api/v2/parse/pjb-unwpzzxwou35brh28z5pixpm5psk "HTTP/1.1 200 OK"
2026-05-07 04:41:16,221 | INFO | httpx | HTTP Request: GET https://api.cloud.llamaindex.ai/api/v2/parse/pjb-unwpzzxwou35brh28z5pixpm5psk "HTTP/1.1 200 OK"
2026-05-07 04:41:20,536 | INFO | httpx | HTTP Request: GET https://api.cloud.llamaindex.ai/api/v2/parse/pjb-unwpzzxwou35brh28z5pixpm5psk "HTTP/1.1 200 OK"
2026-05-07 04:41:26,336 | INFO | httpx | HTTP Request: GET https://api.cloud.llamaindex.ai/api/v2/parse/pjb-unwpzzxwou35brh28z5pixpm5psk "HTTP/1.1 200 OK"
2026-05-07 04:41:32,138 | INFO | httpx | HTTP Request: GET https://api.cloud.llamaindex.ai/api/v2/parse/pjb-unwpzzxwou35brh28z5pixpm5psk "HTTP/1.1 200 OK"
2026-05-07 04:41:37,450 | INFO | httpx | HTTP Request: GET https://api.cloud.llamaindex.ai/api/v2/parse/pjb-unwpzzxwou35brh28z5pixpm5psk "HTTP/1.1 200 OK"
2026-05-07 04:41:38,280 | INFO | httpx | HTTP Request: GET https://api.cloud.llamaindex.ai/api/v2/parse/pjb-unwpzzxwou35brh28z5pixpm5psk?expand=markdown_full&expand=text_full "HTTP/1.1 200 OK"
2026-05-07 04:41:41,077 | INFO | httpx | HTTP Request: POST https://api.cloud.llamaindex.ai/api/v1/beta/files "HTTP/1.1 201 Created"
2026-05-07 04:41:41,580 | INFO | httpx | HTTP Request: POST https://api.cloud.llamaindex.ai/api/v2/parse "HTTP/1.1 200 OK"
2026-05-07 04:41:42,906 | INFO | httpx | HTTP Request: GET https://api.cloud.llamaindex.ai/api/v2/parse/pjb-qhoojasj5kfb0hrpy0f2jyhsk6lv "HTTP/1.1 200 OK"
2026-05-07 04:41:45,226 | INFO | httpx | HTTP Request: GET https://api.cloud.llamaindex.ai/api/v2/parse/pjb-qhoojasj5kfb0hrpy0f2jyhsk6lv "HTTP/1.1 200 OK"
2026-05-07 04:41:48,572 | INFO | httpx | HTTP Request: GET https://api.cloud.llamaindex.ai/api/v2/parse/pjb-qhoojasj5kfb0hrpy0f2jyhsk6lv "HTTP/1.1 200 OK"
2026-05-07 04:41:52,896 | INFO | httpx | HTTP Request: GET https://api.cloud.llamaindex.ai/api/v2/parse/pjb-qhoojasj5kfb0hrpy0f2jyhsk6lv "HTTP/1.1 200 OK"
2026-05-07 04:41:58,221 | INFO | httpx | HTTP Request: GET https://api.cloud.llamaindex.ai/api/v2/parse/pjb-qhoojasj5kfb0hrpy0f2jyhsk6lv "HTTP/1.1 200 OK"
2026-05-07 04:42:03,534 | INFO | httpx | HTTP Request: GET https://api.cloud.llamaindex.ai/api/v2/parse/pjb-qhoojasj5kfb0hrpy0f2jyhsk6lv "HTTP/1.1 200 OK"
2026-05-07 04:42:04,281 | INFO | httpx | HTTP Request: GET https://api.cloud.llamaindex.ai/api/v2/parse/pjb-qhoojasj5kfb0hrpy0f2jyhsk6lv?expand=markdown_full&expand=text_full "HTTP/1.1 200 OK"
2026-05-07 04:42:07,227 | INFO | httpx | HTTP Request: POST https://api.cloud.llamaindex.ai/api/v1/beta/files "HTTP/1.1 201 Created"
2026-05-07 04:42:07,668 | INFO | httpx | HTTP Request: POST https://api.cloud.llamaindex.ai/api/v2/parse "HTTP/1.1 200 OK"
2026-05-07 04:42:09,022 | INFO | httpx | HTTP Request: GET https://api.cloud.llamaindex.ai/api/v2/parse/pjb-xf8p00s1pkwob6nr0i94ifvyvoq8 "HTTP/1.1 200 OK"
2026-05-07 04:42:11,364 | INFO | httpx | HTTP Request: GET https://api.cloud.llamaindex.ai/api/v2/parse/pjb-xf8p00s1pkwob6nr0i94ifvyvoq8 "HTTP/1.1 200 OK"
2026-05-07 04:42:14,683 | INFO | httpx | HTTP Request: GET https://api.cloud.llamaindex.ai/api/v2/parse/pjb-xf8p00s1pkwob6nr0i94ifvyvoq8 "HTTP/1.1 200 OK"
2026-05-07 04:42:18,991 | INFO | httpx | HTTP Request: GET https://api.cloud.llamaindex.ai/api/v2/parse/pjb-xf8p00s1pkwob6nr0i94ifvyvoq8 "HTTP/1.1 200 OK"
2026-05-07 04:42:24,873 | INFO | httpx | HTTP Request: GET https://api.cloud.llamaindex.ai/api/v2/parse/pjb-xf8p00s1pkwob6nr0i94ifvyvoq8 "HTTP/1.1 200 OK"
2026-05-07 04:42:39,654 | INFO | httpx | HTTP Request: GET https://api.cloud.llamaindex.ai/api/v2/parse/pjb-xf8p00s1pkwob6nr0i94ifvyvoq8 "HTTP/1.1 200 OK"
2026-05-07 04:42:40,453 | INFO | httpx | HTTP Request: GET https://api.cloud.llamaindex.ai/api/v2/parse/pjb-xf8p00s1pkwob6nr0i94ifvyvoq8?expand=markdown_full&expand=text_full "HTTP/1.1 200 OK"
2026-05-07 04:42:43,422 | INFO | httpx | HTTP Request: POST https://api.cloud.llamaindex.ai/api/v1/beta/files "HTTP/1.1 201 Created"
2026-05-07 04:42:43,875 | INFO | httpx | HTTP Request: POST https://api.cloud.llamaindex.ai/api/v2/parse "HTTP/1.1 200 OK"
2026-05-07 04:42:45,191 | INFO | httpx | HTTP Request: GET https://api.cloud.llamaindex.ai/api/v2/parse/pjb-3zborlkhjdx66b36w48lq97colbq "HTTP/1.1 200 OK"
2026-05-07 04:42:47,507 | INFO | httpx | HTTP Request: GET https://api.cloud.llamaindex.ai/api/v2/parse/pjb-3zborlkhjdx66b36w48lq97colbq "HTTP/1.1 200 OK"
2026-05-07 04:42:50,836 | INFO | httpx | HTTP Request: GET https://api.cloud.llamaindex.ai/api/v2/parse/pjb-3zborlkhjdx66b36w48lq97colbq "HTTP/1.1 200 OK"
2026-05-07 04:42:55,158 | INFO | httpx | HTTP Request: GET https://api.cloud.llamaindex.ai/api/v2/parse/pjb-3zborlkhjdx66b36w48lq97colbq "HTTP/1.1 200 OK"
2026-05-07 04:43:01,039 | INFO | httpx | HTTP Request: GET https://api.cloud.llamaindex.ai/api/v2/parse/pjb-3zborlkhjdx66b36w48lq97colbq "HTTP/1.1 200 OK"
2026-05-07 04:43:06,924 | INFO | httpx | HTTP Request: GET https://api.cloud.llamaindex.ai/api/v2/parse/pjb-3zborlkhjdx66b36w48lq97colbq "HTTP/1.1 200 OK"
2026-05-07 04:43:07,722 | INFO | httpx | HTTP Request: GET https://api.cloud.llamaindex.ai/api/v2/parse/pjb-3zborlkhjdx66b36w48lq97colbq?expand=markdown_full&expand=text_full "HTTP/1.1 200 OK"
2026-05-07 04:43:10,566 | INFO | httpx | HTTP Request: POST https://api.cloud.llamaindex.ai/api/v1/beta/files "HTTP/1.1 201 Created"
2026-05-07 04:43:11,004 | INFO | httpx | HTTP Request: POST https://api.cloud.llamaindex.ai/api/v2/parse "HTTP/1.1 200 OK"
2026-05-07 04:43:12,376 | INFO | httpx | HTTP Request: GET https://api.cloud.llamaindex.ai/api/v2/parse/pjb-cmt9b4p3q5e7n95m9dudqz1j63r6 "HTTP/1.1 200 OK"
2026-05-07 04:43:14,704 | INFO | httpx | HTTP Request: GET https://api.cloud.llamaindex.ai/api/v2/parse/pjb-cmt9b4p3q5e7n95m9dudqz1j63r6 "HTTP/1.1 200 OK"
2026-05-07 04:43:18,020 | INFO | httpx | HTTP Request: GET https://api.cloud.llamaindex.ai/api/v2/parse/pjb-cmt9b4p3q5e7n95m9dudqz1j63r6 "HTTP/1.1 200 OK"
2026-05-07 04:43:22,344 | INFO | httpx | HTTP Request: GET https://api.cloud.llamaindex.ai/api/v2/parse/pjb-cmt9b4p3q5e7n95m9dudqz1j63r6 "HTTP/1.1 200 OK"
2026-05-07 04:43:27,667 | INFO | httpx | HTTP Request: GET https://api.cloud.llamaindex.ai/api/v2/parse/pjb-cmt9b4p3q5e7n95m9dudqz1j63r6 "HTTP/1.1 200 OK"
2026-05-07 04:43:33,530 | INFO | httpx | HTTP Request: GET https://api.cloud.llamaindex.ai/api/v2/parse/pjb-cmt9b4p3q5e7n95m9dudqz1j63r6 "HTTP/1.1 200 OK"
2026-05-07 04:43:34,282 | INFO | httpx | HTTP Request: GET https://api.cloud.llamaindex.ai/api/v2/parse/pjb-cmt9b4p3q5e7n95m9dudqz1j63r6?expand=markdown_full&expand=text_full "HTTP/1.1 200 OK"
2026-05-07 04:43:37,134 | INFO | httpx | HTTP Request: POST https://api.cloud.llamaindex.ai/api/v1/beta/files "HTTP/1.1 201 Created"
2026-05-07 04:43:37,646 | INFO | httpx | HTTP Request: POST https://api.cloud.llamaindex.ai/api/v2/parse "HTTP/1.1 200 OK"
2026-05-07 04:43:38,970 | INFO | httpx | HTTP Request: GET https://api.cloud.llamaindex.ai/api/v2/parse/pjb-pf09ufy9yoayrgad14110trsfimb "HTTP/1.1 200 OK"
2026-05-07 04:43:41,304 | INFO | httpx | HTTP Request: GET https://api.cloud.llamaindex.ai/api/v2/parse/pjb-pf09ufy9yoayrgad14110trsfimb "HTTP/1.1 200 OK"
2026-05-07 04:43:44,625 | INFO | httpx | HTTP Request: GET https://api.cloud.llamaindex.ai/api/v2/parse/pjb-pf09ufy9yoayrgad14110trsfimb "HTTP/1.1 200 OK"
2026-05-07 04:43:48,941 | INFO | httpx | HTTP Request: GET https://api.cloud.llamaindex.ai/api/v2/parse/pjb-pf09ufy9yoayrgad14110trsfimb "HTTP/1.1 200 OK"
2026-05-07 04:43:54,250 | INFO | httpx | HTTP Request: GET https://api.cloud.llamaindex.ai/api/v2/parse/pjb-pf09ufy9yoayrgad14110trsfimb "HTTP/1.1 200 OK"
2026-05-07 04:43:59,573 | INFO | httpx | HTTP Request: GET https://api.cloud.llamaindex.ai/api/v2/parse/pjb-pf09ufy9yoayrgad14110trsfimb "HTTP/1.1 200 OK"
2026-05-07 04:44:05,484 | INFO | httpx | HTTP Request: GET https://api.cloud.llamaindex.ai/api/v2/parse/pjb-pf09ufy9yoayrgad14110trsfimb "HTTP/1.1 200 OK"
2026-05-07 04:44:11,384 | INFO | httpx | HTTP Request: GET https://api.cloud.llamaindex.ai/api/v2/parse/pjb-pf09ufy9yoayrgad14110trsfimb "HTTP/1.1 200 OK"
2026-05-07 04:44:12,112 | INFO | httpx | HTTP Request: GET https://api.cloud.llamaindex.ai/api/v2/parse/pjb-pf09ufy9yoayrgad14110trsfimb?expand=markdown_full&expand=text_full "HTTP/1.1 200 OK"
2026-05-07 04:44:15,212 | INFO | httpx | HTTP Request: POST https://api.cloud.llamaindex.ai/api/v1/beta/files "HTTP/1.1 201 Created"
2026-05-07 04:44:15,731 | INFO | httpx | HTTP Request: POST https://api.cloud.llamaindex.ai/api/v2/parse "HTTP/1.1 200 OK"
2026-05-07 04:44:17,094 | INFO | httpx | HTTP Request: GET https://api.cloud.llamaindex.ai/api/v2/parse/pjb-t3jhl8ndr16azg7iyzkl9ybsaozg "HTTP/1.1 200 OK"
2026-05-07 04:44:19,401 | INFO | httpx | HTTP Request: GET https://api.cloud.llamaindex.ai/api/v2/parse/pjb-t3jhl8ndr16azg7iyzkl9ybsaozg "HTTP/1.1 200 OK"
2026-05-07 04:44:22,711 | INFO | httpx | HTTP Request: GET https://api.cloud.llamaindex.ai/api/v2/parse/pjb-t3jhl8ndr16azg7iyzkl9ybsaozg "HTTP/1.1 200 OK"
2026-05-07 04:44:27,036 | INFO | httpx | HTTP Request: GET https://api.cloud.llamaindex.ai/api/v2/parse/pjb-t3jhl8ndr16azg7iyzkl9ybsaozg "HTTP/1.1 200 OK"
2026-05-07 04:44:32,905 | INFO | httpx | HTTP Request: GET https://api.cloud.llamaindex.ai/api/v2/parse/pjb-t3jhl8ndr16azg7iyzkl9ybsaozg "HTTP/1.1 200 OK"
2026-05-07 04:44:38,228 | INFO | httpx | HTTP Request: GET https://api.cloud.llamaindex.ai/api/v2/parse/pjb-t3jhl8ndr16azg7iyzkl9ybsaozg "HTTP/1.1 200 OK"
2026-05-07 04:44:38,739 | INFO | httpx | HTTP Request: GET https://api.cloud.llamaindex.ai/api/v2/parse/pjb-t3jhl8ndr16azg7iyzkl9ybsaozg?expand=markdown_full&expand=text_full "HTTP/1.1 200 OK"
2026-05-07 04:44:39,592 | INFO | ocr | Finished OCR for partylist: 40 records
2026-05-07 04:44:43,425 | INFO | root | Finished pipeline step: all
