district,subdistrict,unit_index,form_type,vote_phase,ballot_total,ballot_valid,ballot_invalid,ballot_no_vote,กรีน,กล้าธรรม,ก้าวอิสระ,ครูไทยเพื่อประชาชน,คลองไทย,ความหวังใหม่,ทางเลือกไทย,ท้องที่ไทย,ประชากรไทย,ประชาชน,ประชาชาติ,ประชาธิปัตย์,ประชาธิปไดยใหม่,ประชาอาสาชาติ,ประชาไทย,ปวงชนไทย,พร้อม,พลวัต,พลังธรรมใหม่,พลังประชารัฐ,พลังสังคมใหม่,พลังเพื่อไทย,พลังไทยรักชาติ,ฟิวชัน,ภูมิใจไทย,มิติใหม่,รวมพลังประชาชน,รวมใจไทย,รวมไทยสร้างชาติ,รักชาติ,วิชชั่นใหม่,สร้างอนาคตไทย,สังคมประชาธิปไดยไทย,อนาคตไทย,เครือข่ายชาวนาแห่งประเทศไทย,เป็นธรรม,เพื่อชาติไทย,เพื่อชีวิตใหม่,เพื่อบ้านเมือง,เพื่อไทย,เศรษฐกิจ,เสรีรวมไทย,แผ่นดินธรรม,แรงงานสร้างชาติ,โอกาสใหม่,ใหม่,ไทยก้าวหน้า,ไทยก้าวใหม่,ไทยชนะ,ไทยทรัพย์ทวี,ไทยธรรม,ไทยพร้อม,ไทยพิทักษ์ธรรม,ไทยภักดี,ไทยรวมไทย,ไทยสร้างไทย,ไทรวมพลัง,pdf_page,pdf_sequence,unit_district,source_subdistrict_pdf,polling_unit_no,moo,polling_place_pdf,registered_voters_66,province,registrar,latlong_subdistrict,latlong_location,latitude,longitude,electorate,latlong_row_id,latlong_match_method,latlong_match_score,coordinate_reused_count,merge_key_subdistrict_unit,latlong_merge_status
ควนขนุน,ควนขนุน(เทศบาล),0,partylist,election_day,256,238,11,7,0,0,0,0,4,0,0,0,0,34,0,108,1,0,0,0,0,0,0,1,0,0,0,0,56,0,1,0,9,0,0,0,0,0,0,0,2,1,1,12,1,1,0,0,0,0,1,1,0,1,0,0,0,3,0,0,0,4.0,377.0,ควนขนุน,ควนขนุน(เทศบาล),1.0,5,อาคารอเนกประสงค์ ส านักงานเทศบาลต าบลควนขนุน,349.0,พัทลุง,ท้องถิ่นเทศบาลตำบลควนขนุน,ควนขนุน,อาคารอเนกประสงค์ สำนักงานเทศบาลตำบลควนขนุน,7.734476799999999,100.0124479,2.0,268.0,location_exact_normalized,1.0,1.0,ควนขนุน(เทศบาล)|0,matched
ควนขนุน,ควนขนุน(เทศบาล),1,partylist,election_day,337,320,8,9,0,1,0,0,0,0,1,0,0,45,0,137,2,0,0,0,1,0,0,0,0,0,0,0,87,0,0,0,8,1,0,1,0,0,0,0,2,0,0,15,7,0,0,0,1,0,0,2,0,1,0,0,0,8,0,0,0,4.0,378.0,ควนขนุน,ควนขนุน(เทศบาล),2.0,9,อาคารหอประชุมโรงเรียนบ้านควนขนุน,479.0,พัทลุง,ท้องถิ่นเทศบาลตำบลควนขนุน,ควนขนุน,อาคารหอประชุม โรงเรียนบ้านควนขนุน,7.733656099999999,100.007411,2.0,269.0,location_exact_normalized,1.0,1.0,ควนขนุน(เทศบาล)|1,matched
ควนขนุน,ควนขนุน(เทศบาล),2,partylist,election_day,403,390,8,5,0,0,0,0,1,0,0,0,0,51,0,146,4,0,0,0,0,1,0,0,0,0,0,0,117,0,0,0,11,0,0,1,0,0,0,0,2,0,2,31,5,3,0,0,0,2,0,1,0,3,0,0,0,8,0,1,0,4.0,379.0,ควนขนุน,ควนขนุน(เทศบาล),3.0,9,ศาลาการเปรียญวัดสุวรรณวิชัย,599.0,พัทลุง,ท้องถิ่นเทศบาลตำบลควนขนุน,ควนขนุน,ศาลาการเปรียญ วัดสุวรรณวิชัย,7.737481399999999,100.0066003,2.0,270.0,location_exact_normalized,1.0,1.0,ควนขนุน(เทศบาล)|2,matched
ควนขนุน,ควนขนุน(เทศบาล),3,partylist,election_day,206,199,3,4,0,2,0,0,0,0,1,0,0,34,0,79,2,0,0,0,0,0,1,0,0,0,0,0,51,0,0,0,6,0,0,0,1,0,0,0,1,0,0,13,2,1,0,0,0,0,0,0,0,1,0,0,0,4,0,0,0,4.0,380.0,ควนขนุน,ควนขนุน(เทศบาล),4.0,9,อาคารพ่อท่านนะ  วัดสุวรรณวิชัย,296.0,พัทลุง,ท้องถิ่นเทศบาลตำบลควนขนุน,ควนขนุน,อาคารพ่อท่านนะ วัดสุวรรณวิชัย,7.7484794,100.0080005,2.0,271.0,location_exact_normalized,1.0,1.0,ควนขนุน(เทศบาล)|3,matched
ควนขนุน,ควนขนุน,0,partylist,election_day,384,365,11,8,0,0,0,0,2,0,1,0,0,46,0,215,3,0,0,1,0,1,1,0,0,1,0,0,41,0,1,2,6,0,0,0,0,0,0,0,3,2,0,29,2,1,0,0,1,1,0,0,5,0,0,0,0,0,0,0,0,4.0,381.0,ควนขนุน,ควนขนุน,1.0,1,ศาลาประจ าหมู่บ้านบ้านควนบก,447.0,พัทลุง,อำเภอควนขนุน,ควนขนุน,ศาลาประจำหมู่บ้านบ้านควนบก,7.7485644,100.007979,2.0,8.0,location_exact_normalized,1.0,1.0,ควนขนุน|0,matched
ควนขนุน,ควนขนุน,1,partylist,election_day,305,301,4,0,0,1,0,0,1,6,0,0,0,15,0,202,8,0,0,0,0,2,0,0,0,1,0,0,30,0,0,2,5,0,0,0,1,0,0,0,2,0,0,10,4,1,0,0,0,0,1,0,1,7,0,0,0,0,0,0,1,4.0,382.0,ควนขนุน,ควนขนุน,2.0,2,ศาลา อพป.บ้านดอนนูด,399.0,พัทลุง,อำเภอควนขนุน,ควนขนุน,ศาลา อพป.บ้านดอนนูด,7.7484794,100.0080005,2.0,9.0,location_exact_normalized,1.0,1.0,ควนขนุน|1,matched
ควนขนุน,ควนขนุน,2,partylist,election_day,639,612,17,10,0,0,0,2,0,0,0,0,0,70,1,371,7,0,0,0,0,4,1,2,0,1,0,0,99,2,0,0,5,0,1,0,1,0,0,0,3,0,2,23,3,2,0,0,0,1,0,3,0,3,0,0,0,4,0,1,0,4.0,383.0,ควนขนุน,ควนขนุน,3.0,3,ศาลาประจ าหมู่บ้านบ้านโคกวัด,761.0,พัทลุง,อำเภอควนขนุน,ควนขนุน,ศาลาประจำหมู่บ้านบ้านโคกวัด,7.747440399999999,99.9966606,2.0,10.0,location_exact_normalized,1.0,1.0,ควนขนุน|2,matched
ควนขนุน,ควนขนุน,3,partylist,election_day,707,671,32,4,0,1,0,0,1,4,5,0,1,89,0,371,12,0,2,0,0,4,0,0,0,0,1,1,99,0,1,3,2,0,0,1,1,1,0,0,7,1,1,27,11,2,0,1,0,1,2,0,1,12,0,1,0,4,0,0,0,4.0,384.0,ควนขนุน,ควนขนุน,4.0,4,ศาลาประจ าหมู่บ้านบ้านโคกวา,909.0,พัทลุง,อำเภอควนขนุน,ควนขนุน,ศาลาประจำหมู่บ้านบ้านโคกวา,7.7516832,100.0132899,2.0,11.0,location_exact_normalized,1.0,1.0,ควนขนุน|3,matched
ควนขนุน,ควนขนุน,4,partylist,election_day,381,368,8,5,0,1,0,0,1,0,1,0,1,33,0,214,2,0,1,0,0,10,0,0,0,0,0,0,61,0,0,0,11,0,0,0,0,0,0,0,0,1,0,19,3,0,0,0,0,3,1,1,2,1,0,0,0,1,0,0,0,4.0,385.0,ควนขนุน,ควนขนุน,5.0,5,ศาลาประจ าหมู่บ้านบ้านเพิง,465.0,พัทลุง,อำเภอควนขนุน,ควนขนุน,ศาลาประจำหมู่บ้านบ้านเพิง,7.764699,100.0024084,2.0,12.0,location_exact_normalized,1.0,1.0,ควนขนุน|4,matched
ควนขนุน,ควนขนุน,5,partylist,election_day,623,599,22,2,2,0,0,0,1,0,1,0,0,87,3,347,2,0,0,0,0,5,0,1,0,1,2,1,74,0,3,1,3,1,1,0,0,0,0,0,4,0,1,40,4,4,0,0,0,1,0,0,1,5,0,0,0,1,0,1,1,4.0,386.0,ควนขนุน,ควนขนุน,6.0,6,ศาลาประจ าหมู่บ้านบ้านควนพลี,735.0,พัทลุง,อำเภอควนขนุน,ควนขนุน,ศาลาประจำหมู่บ้านบ้านควนพลี,7.7625474,100.0007649,2.0,13.0,location_exact_normalized,1.0,1.0,ควนขนุน|5,matched
ควนขนุน,ควนขนุน,6,partylist,election_day,374,361,8,5,0,0,0,0,1,1,2,0,0,62,2,157,5,0,1,1,0,2,1,0,0,0,0,0,89,0,1,0,4,0,0,0,0,0,0,0,3,0,0,17,4,1,0,0,0,0,1,0,0,3,0,1,0,2,0,0,0,4.0,387.0,ควนขนุน,ควนขนุน,7.0,7,ศาลาประจ าหมู่บ้านบ้านโพธิ์,489.0,พัทลุง,อำเภอควนขนุน,ควนขนุน,ศาลาประจำหมู่บ้านบ้านโพธิ์,7.764699,100.0024084,2.0,14.0,location_exact_normalized,1.0,1.0,ควนขนุน|6,matched
ควนขนุน,ควนขนุน,7,partylist,election_day,208,204,4,0,0,0,0,0,0,0,2,0,0,20,0,101,0,0,0,0,1,1,0,0,0,0,0,0,48,0,0,2,6,0,0,0,0,0,0,0,3,0,1,11,3,0,0,0,0,0,0,0,1,0,0,0,0,4,0,0,0,4.0,388.0,ควนขนุน,ควนขนุน,8.0,8,ศาลาประจ าหมู่บ้านบ้านข่อยม้า,256.0,พัทลุง,อำเภอควนขนุน,ควนขนุน,ศาลาประจำหมู่บ้านบ้านข่อยม้า,7.764699,100.0024084,2.0,15.0,location_exact_normalized,1.0,1.0,ควนขนุน|7,matched
ควนขนุน,ควนขนุน,8,partylist,election_day,80,78,1,1,0,0,0,0,0,0,0,0,0,15,0,23,2,1,0,0,0,0,0,0,0,0,0,0,24,0,0,0,4,0,0,0,0,0,0,0,0,0,0,6,2,0,0,0,0,0,0,0,0,0,0,0,0,1,0,0,0,4.0,389.0,ควนขนุน,ควนขนุน,9.0,9,ศาลาประจ าหมู่บ้าน หมู่ที่ 9 บ้านควนขนุน,104.0,พัทลุง,อำเภอควนขนุน,ควนขนุน,ศาลาประจำหมู่บ้าน หมู่ที่ 9 บ้านควนขนุน,7.735698699999999,100.0077949,2.0,16.0,location_exact_normalized,1.0,1.0,ควนขนุน|8,matched
ควนขนุน,ชะมวง,0,partylist,election_day,573,564,7,2,0,0,0,0,0,0,0,0,0,80,0,316,2,0,3,0,0,6,0,1,1,0,1,0,101,1,0,2,10,0,0,0,0,0,0,0,0,0,3,22,0,1,0,1,0,2,0,1,0,6,0,0,0,4,0,0,0,2.0,310.0,ควนขนุน,ชะมวง,1.0,1,ศาลาประจ าหมู่บ้านบ้านชะมวง,715.0,พัทลุง,อำเภอควนขนุน,ชะมวง,ศาลาประจำหมู่บ้านบ้านชะมวง,7.3838149,100.2598974,2.0,114.0,location_exact_normalized,1.0,1.0,ชะมวง|0,matched
ควนขนุน,ชะมวง,1,partylist,election_day,194,177,11,6,0,0,0,0,0,0,1,0,0,14,0,83,3,0,0,0,0,2,0,0,0,0,0,0,46,0,0,0,6,0,0,0,0,0,0,0,3,0,0,12,2,1,0,0,0,0,0,0,0,2,0,2,0,0,0,0,0,2.0,311.0,ควนขนุน,ชะมวง,2.0,2|4,ศาลาการเปรียญวัดพิกุลทอง,257.0,พัทลุง,อำเภอควนขนุน,ชะมวง,ศาลาการเปรียญวัดพิกุลทอง,7.7408104,99.9839132,2.0,115.0,location_exact_normalized,1.0,1.0,ชะมวง|1,matched
ควนขนุน,ชะมวง,2,partylist,election_day,545,523,13,9,0,1,0,0,0,0,1,0,1,51,1,305,0,0,0,0,0,7,0,0,0,1,0,0,96,0,1,1,2,1,0,1,0,0,0,0,2,1,0,26,5,5,0,0,0,1,0,0,0,9,0,0,0,4,0,0,0,2.0,312.0,ควนขนุน,ชะมวง,3.0,3,ศาลาประจ าหมู่บ้านบ้านศาลาต าเสา,646.0,พัทลุง,อำเภอควนขนุน,ชะมวง,ศาลาประจำหมู่บ้านบ้านศาลาตำเสา,7.7885424,99.9643809,2.0,116.0,location_exact_normalized,1.0,1.0,ชะมวง|2,matched
ควนขนุน,ชะมวง,3,partylist,election_day,185,180,2,3,1,0,0,0,0,0,2,0,0,27,2,80,3,0,0,1,0,2,0,0,0,0,0,0,53,0,1,0,0,0,0,0,0,0,0,0,0,0,1,4,0,0,0,0,0,0,1,0,0,2,0,0,0,0,0,0,0,2.0,313.0,ควนขนุน,ชะมวง,4.0,5,ศาลาประจ าหมู่บ้านบ้านหนักขัน,226.0,พัทลุง,อำเภอควนขนุน,ชะมวง,ศาลาประจำหมู่บ้านบ้านหนักขัน,7.7419453,99.9723573,2.0,117.0,location_exact_normalized,1.0,1.0,ชะมวง|3,matched
ควนขนุน,ชะมวง,4,partylist,election_day,511,490,16,5,0,2,0,0,1,0,0,0,0,45,0,278,4,0,1,1,0,4,0,0,0,0,0,0,91,0,0,4,2,1,0,0,1,0,0,0,3,0,2,38,2,1,0,0,0,0,0,0,0,7,0,0,0,1,0,1,0,2.0,314.0,ควนขนุน,ชะมวง,5.0,6,ศาลาประจ าหมู่บ้านบ้านไสเตียน,605.0,พัทลุง,อำเภอควนขนุน,ชะมวง,ศาลาประจำหมู่บ้านบ้านไสเตียน,7.753196000000001,99.9551971,2.0,118.0,location_exact_normalized,1.0,1.0,ชะมวง|4,matched
ควนขนุน,ชะมวง,5,partylist,election_day,326,317,4,5,0,0,0,0,1,0,1,0,0,33,2,162,1,0,0,0,0,6,1,0,0,1,0,0,77,1,0,0,0,0,0,0,0,0,0,0,1,0,3,7,5,1,0,1,0,0,0,0,1,6,0,2,0,3,0,1,0,2.0,315.0,ควนขนุน,ชะมวง,6.0,7,ศาลาประจ าหมู่บ้านบ้านค่ายไพออก,387.0,พัทลุง,อำเภอควนขนุน,ชะมวง,ศาลาประจำหมู่บ้านบ้านค่ายไพออก,7.3838149,100.2598974,2.0,119.0,location_exact_normalized,1.0,1.0,ชะมวง|5,matched
ควนขนุน,ชะมวง,6,partylist,election_day,394,376,13,5,0,0,0,0,1,0,1,0,0,36,0,201,3,0,0,0,0,1,1,0,0,0,0,0,100,0,2,2,3,0,0,0,1,0,0,0,5,0,0,10,4,0,0,0,0,0,0,0,0,4,0,1,0,0,0,0,0,2.0,316.0,ควนขนุน,ชะมวง,7.0,8,ศาลาประจ าหมู่บ้านบ้านค่ายไพตก,448.0,พัทลุง,อำเภอควนขนุน,ชะมวง,ศาลาประจำหมู่บ้านบ้านค่ายไพตก,7.3838149,100.2598974,2.0,120.0,location_exact_normalized,1.0,1.0,ชะมวง|6,matched
ควนขนุน,ชะมวง,7,partylist,election_day,360,342,16,2,0,1,0,0,0,0,1,0,0,83,3,135,0,0,0,1,1,3,2,2,0,0,0,1,70,1,0,1,7,0,0,0,0,0,0,0,2,0,0,12,2,1,0,0,0,1,0,0,0,10,0,0,0,2,0,0,0,2.0,317.0,ควนขนุน,ชะมวง,8.0,9,ศาลาประจ าหมู่บ้านบ้านไทรโกบ,468.0,พัทลุง,อำเภอควนขนุน,ชะมวง,ศาลาประจำหมู่บ้านบ้านไทรโกบ,7.7372374,99.973056,2.0,121.0,location_exact_normalized,1.0,1.0,ชะมวง|7,matched
ควนขนุน,ชะมวง,8,partylist,election_day,328,316,8,4,0,0,0,0,1,1,1,0,0,59,0,114,2,0,0,0,0,1,0,1,0,0,0,0,84,0,0,1,6,1,0,0,0,0,0,0,0,0,0,30,2,2,0,1,0,1,0,1,2,1,0,1,0,2,0,1,0,2.0,318.0,ควนขนุน,ชะมวง,9.0,10,ศาลาประจ าหมู่บ้านบ้านหัวถนน,420.0,พัทลุง,อำเภอควนขนุน,ชะมวง,ศาลาประจำหมู่บ้านบ้านหัวถนน,7.736974900000001,99.9842367,2.0,122.0,location_exact_normalized,1.0,1.0,ชะมวง|8,matched
ควนขนุน,ชะมวง,9,partylist,election_day,196,188,6,2,0,2,0,0,0,0,1,0,0,43,0,51,3,0,1,0,0,1,0,1,0,0,0,0,52,0,0,0,3,0,1,0,0,0,0,0,0,0,0,25,1,1,0,0,0,0,0,1,0,0,1,0,0,0,0,0,0,2.0,319.0,ควนขนุน,ชะมวง,10.0,11,ศาลาประจ าหมู่บ้านบ้านปาบ,257.0,พัทลุง,อำเภอควนขนุน,ชะมวง,ศาลาประจำหมู่บ้านบ้านปาบ,7.737530199999998,99.9891287,2.0,123.0,location_exact_normalized,1.0,1.0,ชะมวง|9,matched
ควนขนุน,ชะมวง,10,partylist,election_day,486,463,18,5,0,1,0,0,0,0,3,0,0,49,0,244,2,0,1,1,0,6,0,0,0,0,0,0,100,0,0,3,0,0,0,0,0,0,0,0,2,0,2,37,1,0,1,0,0,0,1,1,2,4,0,1,1,0,0,0,0,2.0,320.0,ควนขนุน,ชะมวง,11.0,12,ศาลาประจ าหมู่บ้านบ้านสามหนอง,539.0,พัทลุง,อำเภอควนขนุน,ชะมวง,ศาลาประจำหมู่บ้านบ้านสามหนอง,7.771804299999999,99.9381744,2.0,124.0,location_exact_normalized,1.0,1.0,ชะมวง|10,matched
ควนขนุน,ชะมวง,11,partylist,election_day,296,276,13,7,0,0,0,1,0,0,2,0,0,35,0,150,2,0,1,0,0,2,0,0,0,0,0,0,50,0,1,0,2,0,0,0,0,0,0,0,5,0,0,16,0,0,0,1,0,0,0,0,2,6,0,0,0,0,0,0,0,2.0,321.0,ควนขนุน,ชะมวง,12.0,13,ศาลาประจ าหมู่บ้านบ้านศาลาม่วง,336.0,พัทลุง,อำเภอควนขนุน,ชะมวง,ศาลาประจำหมู่บ้านบ้านศาลาม่วง,7.7427958,99.9646715,2.0,125.0,location_exact_normalized,1.0,1.0,ชะมวง|11,matched
ควนขนุน,ชะมวง,12,partylist,election_day,462,445,10,7,0,0,0,0,3,0,1,0,0,51,2,274,11,0,0,0,0,3,1,0,0,1,0,0,43,0,2,0,5,0,0,0,0,0,0,0,1,0,3,26,4,1,0,0,0,0,1,0,0,12,0,0,0,0,0,0,0,2.0,322.0,ควนขนุน,ชะมวง,13.0,14,ศาลาประจ าหมู่บ้านบ้านไสตอ,552.0,พัทลุง,อำเภอควนขนุน,ชะมวง,ศาลาประจำหมู่บ้านบ้านไสตอ,7.7851689,99.9546944,2.0,126.0,location_exact_normalized,1.0,1.0,ชะมวง|12,matched
ควนขนุน,ชะมวง,13,partylist,election_day,588,555,28,5,0,0,0,1,0,0,2,0,0,85,0,315,3,0,0,0,0,4,0,0,0,0,0,0,88,1,2,2,5,0,0,0,0,0,0,0,2,0,1,27,11,1,0,0,0,0,0,0,2,2,0,0,0,0,0,1,0,3.0,323.0,ควนขนุน,ชะมวง,14.0,15,ศาลาประจ าหมู่บ้านบ้านหยีใน,668.0,พัทลุง,อำเภอควนขนุน,ชะมวง,ศาลาประจำหมู่บ้านบ้านหยีใน,7.769434400000001,99.9700718,2.0,127.0,location_exact_normalized,1.0,1.0,ชะมวง|13,matched
ควนขนุน,ชะมวง,14,partylist,election_day,366,351,9,6,0,0,0,0,1,0,0,0,1,35,0,227,3,0,0,0,0,3,0,0,0,0,0,1,39,0,0,1,1,0,1,0,0,0,0,0,6,0,2,16,1,1,0,0,0,0,0,1,1,4,0,3,0,3,0,0,0,3.0,324.0,ควนขนุน,ชะมวง,15.0,16,ศาลาประจ าหมู่บ้านบ้านไสตอตก,425.0,พัทลุง,อำเภอควนขนุน,ชะมวง,ศาลาประจำหมู่บ้านบ้านไสตอตก,7.7851689,99.9546944,2.0,128.0,location_exact_normalized,1.0,1.0,ชะมวง|14,matched
กงหรา2,ชะรัด,0,partylist,election_day,593,562,17,14,0,0,0,0,0,0,2,0,3,48,2,357,4,1,1,0,0,4,0,1,0,0,0,0,78,5,0,1,3,1,0,0,1,0,0,0,4,0,5,14,6,0,0,1,0,0,0,0,6,11,0,2,0,0,0,0,1,,,,,,,,,,,,,,,,,,,,,unmatched
กงหรา2,ชะรัด,1,partylist,election_day,419,398,20,1,0,1,0,0,0,0,1,0,1,66,2,210,5,0,0,0,0,7,1,0,0,0,0,0,75,1,1,0,1,0,3,0,1,0,0,0,0,0,3,8,1,1,0,0,0,1,0,0,3,4,0,0,0,0,1,0,0,,,,,,,,,,,,,,,,,,,,,unmatched
กงหรา2,ชะรัด,2,partylist,election_day,655,631,16,8,0,0,0,0,3,1,2,0,2,90,5,390,7,0,3,0,0,5,1,0,0,1,0,0,55,0,0,1,5,0,2,0,1,0,0,1,4,0,3,27,2,2,0,2,0,0,0,0,0,12,0,2,0,2,0,0,0,,,,,,,,,,,,,,,,,,,,,unmatched
กงหรา2,ชะรัด,3,partylist,election_day,331,308,16,7,0,2,0,0,0,0,1,0,0,44,6,171,4,0,0,1,0,2,1,0,0,0,0,0,37,0,0,1,4,0,0,0,0,0,0,0,0,0,1,23,3,0,0,0,0,0,0,0,3,2,0,2,0,0,0,0,0,,,,,,,,,,,,,,,,,,,,,unmatched
กงหรา2,ชะรัด,4,partylist,election_day,399,383,14,2,0,0,0,0,0,0,0,0,0,69,7,170,0,0,3,0,1,7,0,0,0,0,1,0,55,2,2,2,3,0,0,0,0,0,0,0,5,2,1,41,7,0,0,1,0,1,0,0,0,2,0,0,0,0,1,0,0,,,,,,,,,,,,,,,,,,,,,unmatched
กงหรา2,ชะรัด,5,partylist,election_day,429,412,15,2,0,8,0,0,0,0,4,0,0,74,1,172,3,0,1,0,0,13,1,0,0,0,0,0,75,0,1,2,2,0,0,0,0,0,0,0,4,0,0,37,4,0,0,0,0,1,0,0,1,4,0,1,0,2,0,0,1,,,,,,,,,,,,,,,,,,,,,unmatched
กงหรา2,ชะรัด,6,partylist,election_day,277,271,3,3,0,1,0,0,1,0,0,0,0,26,0,153,3,0,0,0,0,0,0,0,0,1,0,0,65,0,0,1,3,0,1,0,1,0,0,0,1,0,0,9,0,1,0,0,0,0,1,0,0,3,0,0,0,0,0,0,0,,,,,,,,,,,,,,,,,,,,,unmatched
กงหรา2,ชะรัด,7,partylist,election_day,617,592,15,10,0,1,0,0,3,0,2,0,0,69,1,359,6,0,1,0,0,5,1,0,0,1,0,0,99,0,2,1,5,2,1,0,0,0,0,0,2,2,1,8,4,0,0,0,0,1,2,1,2,7,0,1,0,1,1,0,0,,,,,,,,,,,,,,,,,,,,,unmatched
กงหรา2,ชะรัด,8,partylist,election_day,383,360,13,10,0,0,0,0,1,0,0,0,0,49,2,222,5,0,0,0,0,7,0,1,0,0,0,0,43,0,0,1,4,0,1,0,0,0,0,0,2,0,1,11,3,0,0,0,0,1,0,0,1,3,0,1,0,0,0,1,0,,,,,,,,,,,,,,,,,,,,,unmatched
กงหรา2,ชะรัด,9,partylist,election_day,517,490,22,5,0,0,0,0,1,1,3,1,3,42,3,313,1,1,0,1,0,5,0,0,1,0,0,0,69,1,1,0,5,0,2,0,0,0,0,0,4,0,2,11,5,1,0,0,1,1,0,1,0,7,0,1,0,1,1,0,0,,,,,,,,,,,,,,,,,,,,,unmatched
ศรีนครินทร์,ชุมพล,0,partylist,election_day,645,596,25,24,0,0,0,0,0,0,3,0,1,89,1,341,3,0,0,1,0,7,0,0,0,2,1,1,63,0,3,3,7,0,2,0,2,0,0,0,2,1,2,35,8,2,0,1,1,2,0,0,5,2,0,3,1,0,0,1,0,,,,,,,,,,,,,,,,,,,,,unmatched
ศรีนครินทร์,ชุมพล,1,partylist,election_day,345,328,12,5,1,1,1,0,0,0,1,0,1,45,1,212,4,0,0,0,0,6,0,0,0,0,1,0,15,0,1,1,2,0,0,0,0,0,0,0,2,0,0,19,5,2,0,0,0,0,1,1,1,3,0,0,0,0,0,1,0,,,,,,,,,,,,,,,,,,,,,unmatched
ศรีนครินทร์,ชุมพล,2,partylist,election_day,363,339,16,8,0,2,0,1,0,0,0,0,0,71,0,153,5,0,2,0,0,4,1,1,0,1,0,0,30,0,2,2,7,0,0,0,0,1,0,2,1,0,1,37,7,1,0,1,0,1,0,0,2,1,0,0,0,2,0,0,0,,,,,,,,,,,,,,,,,,,,,unmatched
ศรีนครินทร์,ชุมพล,3,partylist,election_day,418,375,19,24,1,6,2,0,0,0,13,1,1,66,1,85,5,0,0,1,0,11,0,0,0,3,0,0,45,3,3,8,8,0,0,1,0,2,0,0,24,0,0,38,18,1,0,0,0,0,1,0,1,23,0,0,0,2,0,1,0,,,,,,,,,,,,,,,,,,,,,unmatched
ศรีนครินทร์,ชุมพล,4,partylist,election_day,402,384,13,5,0,1,1,0,1,0,3,0,1,50,0,248,5,0,1,0,0,6,0,1,0,1,0,0,27,0,1,1,2,0,0,0,1,0,0,0,2,0,0,22,1,1,0,0,0,1,1,0,0,4,0,1,0,0,0,0,0,,,,,,,,,,,,,,,,,,,,,unmatched
ศรีนครินทร์,ชุมพล,5,partylist,election_day,493,455,22,16,0,0,0,0,1,0,1,0,0,56,1,269,7,0,0,2,0,8,2,1,0,1,0,0,53,1,2,0,6,1,0,2,0,0,0,1,1,1,0,25,2,5,0,0,0,1,0,0,1,3,0,0,0,0,0,1,0,,,,,,,,,,,,,,,,,,,,,unmatched
ศรีนครินทร์,ชุมพล,6,partylist,election_day,274,259,5,10,0,0,0,0,0,0,1,0,0,41,0,150,2,0,0,0,0,3,0,0,0,1,1,0,25,0,0,3,2,0,1,0,0,0,0,0,1,0,1,14,8,0,0,0,0,0,1,0,0,4,0,0,0,0,0,0,0,,,,,,,,,,,,,,,,,,,,,unmatched
ศรีนครินทร์,ชุมพล,7,partylist,election_day,637,604,20,13,0,1,0,0,0,0,11,1,0,134,0,301,3,0,3,0,0,3,1,2,0,0,0,0,66,1,2,3,5,0,0,0,1,1,0,0,5,0,0,36,4,3,0,2,0,1,0,2,1,2,0,1,0,6,0,2,0,,,,,,,,,,,,,,,,,,,,,unmatched
ศรีนครินทร์,ชุมพล,8,partylist,election_day,290,274,9,7,0,0,0,0,1,0,0,0,1,35,0,176,3,0,1,0,0,2,0,0,0,0,0,0,31,0,0,1,0,0,0,0,0,0,0,0,1,0,1,16,3,0,0,0,0,0,0,0,0,2,0,0,0,0,0,0,0,,,,,,,,,,,,,,,,,,,,,unmatched
ศรีนครินทร์,ชุมพล,9,partylist,election_day,349,331,9,9,0,1,0,1,1,0,1,0,1,35,0,206,1,0,1,0,0,5,0,0,0,0,0,0,31,1,1,0,4,0,0,0,1,0,0,0,2,0,1,26,3,0,0,0,0,0,0,0,0,4,0,0,0,0,0,4,0,,,,,,,,,,,,,,,,,,,,,unmatched
ศรีนครินทร์,ชุมพล,10,partylist,election_day,547,526,21,0,0,0,0,1,1,0,7,0,0,75,0,310,6,0,1,0,0,10,0,2,1,1,0,0,44,0,0,0,4,0,0,0,0,0,0,0,3,0,4,37,3,0,0,1,0,1,0,0,1,7,0,0,0,3,0,0,3,,,,,,,,,,,,,,,,,,,,,unmatched
ศรีนครินทร์,ชุมพล,11,partylist,election_day,244,224,11,9,0,1,0,0,0,0,0,1,0,35,0,118,3,0,0,0,0,7,0,1,0,1,0,0,20,0,1,1,2,0,1,0,0,0,0,0,0,0,1,22,6,1,0,0,0,0,0,1,1,0,0,0,0,0,0,0,0,,,,,,,,,,,,,,,,,,,,,unmatched
ศรีนครินทร์,ชุมพล,12,partylist,election_day,254,245,3,6,2,0,0,0,0,0,2,1,0,24,0,179,1,0,0,0,0,1,0,0,0,0,1,0,7,0,1,0,3,1,0,1,0,0,0,0,0,0,0,12,4,0,0,0,0,0,0,2,2,1,0,0,0,0,0,0,0,,,,,,,,,,,,,,,,,,,,,unmatched
ศรีนครินทร์,ชุมพล,13,partylist,election_day,275,260,10,5,0,0,0,0,1,0,1,0,0,28,0,166,2,0,1,1,0,3,0,0,0,0,0,0,20,0,3,4,0,0,0,0,0,0,1,0,3,0,0,18,1,3,0,0,0,0,0,0,0,0,0,0,0,0,0,4,0,,,,,,,,,,,,,,,,,,,,,unmatched
ศรีนครินทร์,ชุมพล,14,partylist,election_day,247,242,5,0,0,0,0,0,1,0,4,0,0,33,0,154,2,1,1,0,0,2,1,0,0,0,0,0,17,0,0,1,1,0,0,1,0,0,0,0,2,1,1,14,1,0,0,0,0,0,0,0,0,3,0,0,0,0,0,1,0,,,,,,,,,,,,,,,,,,,,,unmatched
ควนขนุน,ดอนทราย,0,partylist,election_day,206,202,2,2,0,1,0,0,1,0,0,0,0,27,0,105,1,0,0,0,0,0,1,1,0,0,0,0,42,0,0,1,3,1,0,0,0,0,0,0,0,0,0,10,1,1,0,0,1,0,0,0,1,0,0,0,0,4,0,0,0,3.0,325.0,ควนขนุน,ดอนทราย,1.0,1,ศาลาประจ าหมู่บ้านบ้านเขากอย,254.0,พัทลุง,อำเภอควนขนุน,ดอนทราย,ศาลาประจำหมู่บ้านบ้านเขากอย,7.7173634,99.9632741,2.0,80.0,location_exact_normalized,1.0,1.0,ดอนทราย|0,matched
ควนขนุน,ดอนทราย,1,partylist,election_day,372,357,10,5,1,1,0,0,1,0,3,0,0,68,0,193,4,0,1,0,0,1,0,0,0,0,0,1,52,0,0,1,3,0,0,0,1,0,0,0,0,1,1,14,3,1,0,0,0,0,1,1,0,3,0,0,0,1,0,0,0,3.0,326.0,ควนขนุน,ดอนทราย,2.0,2,ศาลาประจ าหมู่บ้านบ้านหม้อ,437.0,พัทลุง,อำเภอควนขนุน,ดอนทราย,ศาลาประจำหมู่บ้านบ้านหม้อ,7.7253162,99.9828919,2.0,81.0,location_exact_normalized,1.0,1.0,ดอนทราย|1,matched
ควนขนุน,ดอนทราย,2,partylist,election_day,301,286,11,4,0,3,0,0,0,0,0,0,0,26,0,196,2,0,1,0,0,1,0,0,0,0,0,0,27,0,1,0,5,0,0,0,0,1,0,0,0,1,2,7,4,2,0,0,0,2,1,0,1,2,0,0,0,1,0,0,0,3.0,327.0,ควนขนุน,ดอนทราย,3.0,3,ศาลาประจ าหมู่บ้านบ้านเขาวัง,356.0,พัทลุง,อำเภอควนขนุน,ดอนทราย,ศาลาประจำหมู่บ้านบ้านเขาวัง,7.7066667,99.9511111,2.0,82.0,location_exact_normalized,1.0,1.0,ดอนทราย|2,matched
ควนขนุน,ดอนทราย,3,partylist,election_day,255,246,3,6,0,1,0,0,2,0,1,0,0,30,0,109,3,0,0,0,0,1,0,0,0,0,0,0,70,0,1,2,10,0,1,0,0,0,0,0,2,0,0,3,1,1,0,0,0,0,1,0,0,3,0,2,0,2,0,0,0,3.0,328.0,ควนขนุน,ดอนทราย,4.0,4,ศาลาประจ าหมู่บ้านบ้านล ารุณ,303.0,พัทลุง,อำเภอควนขนุน,ดอนทราย,ศาลาประจำหมู่บ้านบ้านลำรุณ,7.7173634,99.9632741,2.0,83.0,location_exact_normalized,1.0,1.0,ดอนทราย|3,matched
ควนขนุน,ดอนทราย,4,partylist,election_day,475,456,15,4,1,2,0,0,0,0,1,0,0,43,2,281,8,0,0,0,0,3,0,0,0,0,0,0,75,0,2,1,2,0,0,0,1,1,0,0,1,0,1,6,11,0,0,0,4,2,1,0,0,2,0,2,0,3,0,0,0,3.0,329.0,ควนขนุน,ดอนทราย,5.0,5,ศาลาประจ าหมู่บ้านบ้านควนเหลง,568.0,พัทลุง,อำเภอควนขนุน,ดอนทราย,ศาลาประจำหมู่บ้านบ้านควนเหลง,7.7173634,99.9632741,2.0,84.0,location_exact_normalized,1.0,1.0,ดอนทราย|4,matched
ควนขนุน,ดอนทราย,5,partylist,election_day,284,279,2,3,0,1,0,0,1,0,1,0,0,32,0,126,1,0,1,0,0,1,0,0,0,1,0,0,76,1,1,1,8,0,0,0,0,0,0,0,3,0,1,8,1,1,0,0,0,0,0,0,0,3,0,2,0,7,0,0,1,3.0,330.0,ควนขนุน,ดอนทราย,6.0,6,ศาลาประจ าหมู่บ้านบ้านเกาะทอง,345.0,พัทลุง,อำเภอควนขนุน,ดอนทราย,ศาลาประจำหมู่บ้านบ้านเกาะทอง,7.722331100000001,99.9800438,2.0,85.0,location_exact_normalized,1.0,1.0,ดอนทราย|5,matched
ควนขนุน,ดอนทราย,6,partylist,election_day,528,504,20,4,0,0,1,0,1,1,5,1,1,68,0,257,2,0,0,2,0,1,1,0,0,1,0,1,114,0,1,2,9,0,0,0,0,0,0,0,1,0,0,16,6,2,0,0,0,0,0,1,0,3,1,1,0,1,0,1,2,3.0,331.0,ควนขนุน,ดอนทราย,7.0,7,ศาลาประจ าหมู่บ้านบ้านควนดินแดง,668.0,พัทลุง,อำเภอควนขนุน,ดอนทราย,ศาลาประจำหมู่บ้านบ้านควนดินแดง,7.7186105,99.9665503,2.0,86.0,location_exact_normalized,1.0,1.0,ดอนทราย|6,matched
ควนขนุน,ดอนทราย,7,partylist,election_day,262,255,5,2,0,0,0,0,0,0,0,0,0,34,1,120,3,0,0,0,0,3,0,0,0,0,0,0,63,1,0,0,2,0,0,0,1,0,0,1,0,0,0,15,3,1,0,1,0,0,0,0,0,4,0,0,0,2,0,0,0,3.0,332.0,ควนขนุน,ดอนทราย,8.0,8,ศาลาประจ าหมู่บ้านบ้านจันนา,319.0,พัทลุง,อำเภอควนขนุน,ดอนทราย,ศาลาประจำหมู่บ้านบ้านจันนา,7.7290582,99.9418062,2.0,87.0,location_exact_normalized,1.0,1.0,ดอนทราย|7,matched
ควนขนุน,ดอนทราย,8,partylist,election_day,586,568,15,3,1,9,1,0,1,0,1,0,0,68,0,368,5,0,0,0,0,3,0,0,0,0,0,0,68,1,2,1,1,0,0,0,2,2,0,0,1,1,2,15,2,2,0,1,0,2,1,0,1,3,0,0,0,3,0,0,0,3.0,333.0,ควนขนุน,ดอนทราย,9.0,9,ศาลาประจ าหมู่บ้านบ้านไสอ้อย,698.0,พัทลุง,อำเภอควนขนุน,ดอนทราย,ศาลาประจำหมู่บ้านบ้านไสอ้อย,7.706008700000001,99.9771524,2.0,88.0,location_exact_normalized,1.0,1.0,ดอนทราย|8,matched
ควนขนุน,ดอนทราย,9,partylist,election_day,379,367,6,6,0,0,0,0,0,0,1,0,0,42,0,214,1,0,0,0,0,0,0,1,0,0,0,0,74,1,0,0,2,0,0,0,0,0,0,0,1,0,2,10,6,1,0,0,0,0,0,0,0,8,0,0,0,3,0,0,0,3.0,334.0,ควนขนุน,ดอนทราย,10.0,10,ศาลาประจ าหมู่บ้านบ้านไสโพธิ์,463.0,พัทลุง,อำเภอควนขนุน,ดอนทราย,ศาลาประจำหมู่บ้านบ้านไสโพธิ์,7.7714851,100.0555474,2.0,89.0,location_exact_normalized,1.0,1.0,ดอนทราย|9,matched
ควนขนุน,ดอนทราย,10,partylist,election_day,264,252,10,2,1,0,0,0,2,0,0,0,0,23,0,151,1,0,1,0,0,3,0,0,0,0,0,0,36,0,0,1,8,0,0,0,0,0,0,0,0,0,0,5,8,0,0,0,0,1,0,2,0,5,0,1,0,3,0,0,0,3.0,335.0,ควนขนุน,ดอนทราย,11.0,11,ศาลาประจ าหมู่บ้านบ้านจันนาตก,325.0,พัทลุง,อำเภอควนขนุน,ดอนทราย,ศาลาประจำหมู่บ้านบ้านจันนาตก,7.7290582,99.9418062,2.0,90.0,location_exact_normalized,1.0,1.0,ดอนทราย|10,matched
ศรีบรรพต,ตะแพน,0,partylist,election_day,340,329,9,2,0,2,0,0,0,0,2,0,1,31,0,208,3,0,2,0,0,3,0,0,0,0,0,0,40,0,0,0,3,0,0,1,0,0,0,1,2,0,0,19,5,0,0,0,0,0,1,1,0,4,0,0,0,0,0,0,0,6.0,455.0,ศรีบรรพต,ตะแพน,1.0,1,ศาลาประจ าหมู่บ้าน บ้านสวนโหนด,397.0,พัทลุง,อำเภอศรีบรรพต,ตะแพน,ศาลาประจำหมู่บ้าน บ้านสวนโหนด หมู่ที่ 1,7.6514478,99.9629591,2.0,158.0,location_fuzzy,0.875,1.0,ตะแพน|0,matched
ศรีบรรพต,ตะแพน,1,partylist,election_day,603,582,15,6,0,0,0,0,0,0,2,0,0,98,2,272,4,0,0,0,0,4,0,0,0,0,0,0,121,0,1,1,3,1,0,1,0,0,0,0,3,2,0,40,9,0,0,2,0,0,0,1,2,8,0,0,0,3,0,1,1,6.0,456.0,ศรีบรรพต,ตะแพน,2.0,2,โรงอาหารโรงเรียนวัดตะแพน,713.0,พัทลุง,อำเภอศรีบรรพต,ตะแพน,โรงอาหารโรงเรียนวัดตะแพน,7.6554624,99.8766586,2.0,159.0,location_exact_normalized,1.0,1.0,ตะแพน|1,matched
ศรีบรรพต,ตะแพน,2,partylist,election_day,335,323,4,8,0,0,0,1,1,0,0,0,0,55,2,208,3,0,0,0,0,8,0,0,0,0,0,0,15,0,0,1,1,0,0,0,0,0,0,0,1,0,2,15,2,2,0,1,0,0,0,0,0,3,0,0,0,1,0,0,1,6.0,457.0,ศรีบรรพต,ตะแพน,3.0,3,ศาลาประจ าหมู่บ้าน บ้านวังยาว,398.0,พัทลุง,อำเภอศรีบรรพต,ตะแพน,ศาลาประจำหมู่บ้าน บ้านวังยาว หมู่ที่ 3,7.639195399999998,99.8683073,2.0,160.0,location_fuzzy,0.871,1.0,ตะแพน|2,matched
ศรีบรรพต,ตะแพน,3,partylist,election_day,144,143,1,0,0,0,0,0,0,0,1,0,0,24,0,86,1,0,0,0,0,0,1,0,0,0,0,0,23,0,0,0,0,0,0,0,0,0,0,0,0,0,0,6,0,0,1,0,0,0,0,0,0,0,0,0,0,0,0,0,0,6.0,458.0,ศรีบรรพต,ตะแพน,4.0,4,ศาลาประจ าหมู่บ้าน บ้านห้วยครก,161.0,พัทลุง,อำเภอศรีบรรพต,ตะแพน,ศาลาประจำหมู่บ้าน บ้านห้วยครก หมู่ที่ 4,7.6452374,99.8090063,2.0,161.0,location_fuzzy,0.875,1.0,ตะแพน|3,matched
ศรีบรรพต,ตะแพน,4,partylist,election_day,549,522,18,9,0,5,0,1,0,1,3,0,0,111,0,297,5,0,1,0,1,6,0,0,0,0,0,0,40,0,1,1,3,2,1,0,0,0,0,0,2,1,1,20,5,1,0,0,1,0,0,1,2,7,0,0,0,2,0,0,0,6.0,459.0,ศรีบรรพต,ตะแพน,5.0,5,ศาลาประจ าหมู่บ้าน บ้านท่ายูง,633.0,พัทลุง,อำเภอศรีบรรพต,ตะแพน,ศาลาประจำหมู่บ้าน บ้านท่ายูง หมู่ที่ 5,7.618795599999999,99.8236533,2.0,162.0,location_fuzzy,0.871,1.0,ตะแพน|4,matched
ศรีบรรพต,ตะแพน,5,partylist,election_day,376,369,5,2,0,1,0,0,2,0,2,0,0,50,0,227,0,0,0,0,0,8,0,0,0,0,0,1,36,0,1,3,4,0,2,0,1,0,0,1,0,2,0,11,5,1,0,2,0,0,0,0,0,6,0,0,0,2,0,1,0,6.0,460.0,ศรีบรรพต,ตะแพน,6.0,6,ศาลาประจ าหมู่บ้าน บ้านหน้าควน,460.0,พัทลุง,อำเภอศรีบรรพต,ตะแพน,ศาลาประจำหมู่บ้าน บ้านหน้าควน หมู่ที่ 6,7.6508473,99.9437136,2.0,163.0,location_fuzzy,0.875,1.0,ตะแพน|5,matched
ศรีบรรพต,ตะแพน,6,partylist,election_day,614,602,6,6,0,0,0,0,0,0,1,0,0,65,0,435,3,1,1,0,2,5,0,0,0,0,0,0,46,2,1,1,4,0,1,1,0,0,0,0,2,0,2,16,5,1,0,0,0,0,0,0,0,6,0,0,0,0,1,0,0,6.0,461.0,ศรีบรรพต,ตะแพน,7.0,7,โรงอาหารโรงเรียนบ้านหัสคุณ,742.0,พัทลุง,อำเภอศรีบรรพต,ตะแพน,โรงอาหารโรงเรียนบ้านหัสคุณ,7.6497788,99.9285556,2.0,164.0,location_exact_normalized,1.0,1.0,ตะแพน|6,matched
ศรีบรรพต,ตะแพน,7,partylist,election_day,343,336,5,2,0,2,0,0,1,0,1,1,0,32,1,202,5,0,0,0,0,1,0,0,0,0,0,0,42,0,0,0,0,0,1,0,1,0,0,0,1,3,4,28,1,2,0,0,0,0,0,1,2,3,0,0,0,0,1,0,0,6.0,462.0,ศรีบรรพต,ตะแพน,8.0,8,ส านักสงฆ์บ้านท่าข้าม,389.0,พัทลุง,อำเภอศรีบรรพต,ตะแพน,สำนักสงฆ์บ้านท่าข้าม,7.6775386,99.8988081,2.0,165.0,location_exact_normalized,1.0,1.0,ตะแพน|7,matched
ศรีบรรพต,ตะแพน,8,partylist,election_day,339,320,12,7,0,1,0,0,0,0,2,0,1,54,0,196,2,0,0,1,0,2,0,0,0,0,0,0,36,0,1,0,8,0,0,0,1,0,0,0,0,1,0,7,3,0,0,0,0,0,1,0,0,1,0,2,0,0,0,0,0,7.0,463.0,ศรีบรรพต,ตะแพน,9.0,9,อาคารโรงเรียนบ้านสวนโหนด,429.0,พัทลุง,อำเภอศรีบรรพต,ตะแพน,อาคารโรงเรียนบ้านสวนโหนด,7.6514478,99.9629591,2.0,166.0,location_exact_normalized,1.0,1.0,ตะแพน|8,matched
ควนขนุน,ทะเลน้อย,0,partylist,election_day,614,578,30,6,0,2,0,1,1,0,4,0,0,56,0,287,6,0,2,0,1,10,1,0,0,2,1,0,110,1,1,2,4,1,1,0,2,0,0,0,6,1,1,59,2,1,0,0,0,0,0,0,0,7,0,0,0,2,0,2,1,1.0,262.0,ควนขนุน,ทะเลน้อย,1.0,1,ศาลาประจ าหมู่บ้านบ้านทะเลน้อย,857.0,พัทลุง,อำเภอควนขนุน,ทะเลน้อย,ศาลาประจำหมู่บ้านบ้านทะเลน้อย,7.7777536,100.1167953,2.0,17.0,location_exact_normalized,1.0,1.0,ทะเลน้อย|0,matched
ควนขนุน,ทะเลน้อย,1,partylist,election_day,330,314,12,4,0,0,0,0,3,0,0,0,0,46,0,130,0,0,0,0,0,4,1,0,0,0,1,0,98,0,0,0,2,0,0,0,0,0,0,0,0,0,0,15,2,1,0,0,0,1,0,0,0,7,0,2,0,1,0,0,0,1.0,263.0,ควนขนุน,ทะเลน้อย,2.0,2,ศาลากลางบ้านหัวเลี้ยว,402.0,พัทลุง,อำเภอควนขนุน,ทะเลน้อย,ศาลากลางบ้านหัวเลี้ยว,7.782416400000001,100.1591213,2.0,18.0,location_exact_normalized,1.0,1.0,ทะเลน้อย|1,matched
ควนขนุน,ทะเลน้อย,2,partylist,election_day,341,320,17,4,0,0,0,2,0,0,2,0,0,41,0,138,1,0,2,0,0,1,1,0,0,0,0,0,63,0,1,1,1,0,1,0,0,0,0,1,0,0,0,49,3,0,0,1,0,1,0,0,0,7,0,0,0,3,0,0,0,1.0,264.0,ควนขนุน,ทะเลน้อย,3.0,3,ศาลาทวดวิรุฬเจ้าแม่อุบล,480.0,พัทลุง,อำเภอควนขนุน,ทะเลน้อย,ศาลาทวดวิรุฬเจ้าแม่อุบล,7.7872498,100.1162419,2.0,19.0,location_exact_normalized,1.0,1.0,ทะเลน้อย|2,matched
ควนขนุน,ทะเลน้อย,3,partylist,election_day,377,355,18,4,0,0,0,2,2,0,0,0,0,30,1,131,8,0,0,0,0,1,0,0,0,0,0,0,139,1,1,2,1,0,0,1,1,0,0,0,2,1,0,17,2,1,0,0,0,2,0,2,1,6,0,0,0,0,0,0,0,1.0,265.0,ควนขนุน,ทะเลน้อย,4.0,4,ศาลาประจ าหมู่บ้านบ้านบนออก,434.0,พัทลุง,อำเภอควนขนุน,ทะเลน้อย,ศาลาประจำหมู่บ้านบ้านบนออก,7.3838149,100.2598974,2.0,20.0,location_exact_normalized,1.0,1.0,ทะเลน้อย|3,matched
ควนขนุน,ทะเลน้อย,4,partylist,election_day,508,476,29,3,0,1,0,0,0,0,0,1,0,58,1,202,4,0,1,1,0,1,3,0,0,2,0,0,110,0,2,1,2,1,0,1,1,0,0,0,1,0,0,56,9,2,0,1,0,0,0,1,1,8,0,2,0,2,0,0,0,1.0,266.0,ควนขนุน,ทะเลน้อย,5.0,5,ศาลาประจ าหมู่บ้านบ้านปลายตรอก,691.0,พัทลุง,อำเภอควนขนุน,ทะเลน้อย,ศาลาประจำหมู่บ้านบ้านปลายตรอก,7.3838149,100.2598974,2.0,21.0,location_exact_normalized,1.0,1.0,ทะเลน้อย|4,matched
ควนขนุน,ทะเลน้อย,5,partylist,election_day,296,278,15,3,0,2,0,0,0,0,1,0,0,21,0,138,2,0,1,0,0,2,2,0,0,0,0,0,64,1,0,1,4,0,2,1,0,0,0,0,2,1,0,24,3,3,0,0,0,1,0,0,0,2,0,0,0,0,0,0,0,1.0,267.0,ควนขนุน,ทะเลน้อย,6.0,6,ศาลาประจ าหมู่บ้านบ้านโคกศักดิ์,380.0,พัทลุง,อำเภอควนขนุน,ทะเลน้อย,ศาลาประจำหมู่บ้านบ้านโคกศักดิ์,7.814868300000001,100.1479182,2.0,22.0,location_exact_normalized,1.0,1.0,ทะเลน้อย|5,matched
ควนขนุน,ทะเลน้อย,6,partylist,election_day,337,315,17,5,0,1,0,0,0,0,0,0,0,27,1,173,8,0,0,0,0,2,1,0,0,0,0,0,64,0,2,1,1,0,0,1,0,0,0,0,3,0,1,22,0,0,0,2,0,0,0,0,1,2,0,0,1,1,0,0,0,1.0,268.0,ควนขนุน,ทะเลน้อย,7.0,7,ศูนย์ศิลปาชีพบ้านหัวป่าเขียว,443.0,พัทลุง,อำเภอควนขนุน,ทะเลน้อย,ศูนย์ศิลปาชีพบ้านหัวป่าเขียว,7.876837900000001,100.0242995,2.0,23.0,location_exact_normalized,1.0,1.0,ทะเลน้อย|6,matched
ควนขนุน,ทะเลน้อย,7,partylist,election_day,456,429,19,8,0,4,0,0,0,0,0,0,0,55,1,230,4,0,0,1,1,1,0,1,0,0,1,0,84,0,0,6,2,0,0,0,0,0,0,2,4,1,2,13,5,0,0,2,0,1,0,1,1,4,0,0,0,2,0,0,0,1.0,269.0,ควนขนุน,ทะเลน้อย,8.0,8,ศาลาประจ าหมู่บ้านบ้านโคกเมา,557.0,พัทลุง,อำเภอควนขนุน,ทะเลน้อย,ศาลาประจำหมู่บ้านบ้านโคกเมา,7.814868300000001,100.1479182,2.0,24.0,location_exact_normalized,1.0,1.0,ทะเลน้อย|7,matched
ควนขนุน,ทะเลน้อย,8,partylist,election_day,408,382,19,7,0,5,0,0,2,0,1,1,1,49,0,164,1,0,1,0,0,2,0,0,0,0,0,0,99,0,1,2,1,0,1,0,0,0,0,1,0,0,4,22,7,1,0,0,0,1,1,2,0,6,0,3,0,2,0,1,0,1.0,270.0,ควนขนุน,ทะเลน้อย,9.0,9,ศาลาประจ าหมู่บ้านบ้านบนตก,525.0,พัทลุง,อำเภอควนขนุน,ทะเลน้อย,ศาลาประจำหมู่บ้านบ้านบนตก,7.3838149,100.2598974,2.0,25.0,location_exact_normalized,1.0,1.0,ทะเลน้อย|8,matched
ควนขนุน,ทะเลน้อย,9,partylist,election_day,387,356,29,2,0,1,0,1,1,0,0,0,1,36,2,148,3,0,0,1,0,3,1,0,0,1,0,0,115,0,1,1,2,0,1,0,0,0,0,1,3,0,1,17,6,0,0,0,0,1,0,0,1,6,0,0,0,1,0,0,0,1.0,271.0,ควนขนุน,ทะเลน้อย,10.0,10,ศาลาประจ าหมู่บ้านบ้านบนกลาง,502.0,พัทลุง,อำเภอควนขนุน,ทะเลน้อย,ศาลาประจำหมู่บ้านบ้านบนกลาง,7.3838149,100.2598974,2.0,26.0,location_exact_normalized,1.0,1.0,ทะเลน้อย|9,matched
ควนขนุน,นาขยาด,0,partylist,election_day,681,648,21,12,0,2,0,0,2,0,0,0,1,106,0,366,4,0,2,1,0,4,0,0,0,0,0,0,93,0,0,2,7,0,0,0,0,0,0,0,3,2,0,34,5,0,0,0,0,0,0,2,3,2,0,0,0,6,0,1,0,3.0,336.0,ควนขนุน,นาขยาด,1.0,1,ศาลาประจ าหมู่บ้านบ้านศาลาต้นรักษ์,821.0,พัทลุง,อำเภอควนขนุน,นาขยาด,ศาลาประจำหมู่บ้านบ้านศาลาต้นรักษ์,7.679982700000001,99.9576849,2.0,27.0,location_exact_normalized,1.0,1.0,นาขยาด|0,matched
ควนขนุน,นาขยาด,1,partylist,election_day,656,619,22,15,0,1,1,0,2,0,1,1,1,78,0,377,9,1,0,0,0,4,0,1,0,0,0,0,76,0,0,1,10,0,1,0,0,0,0,0,3,2,2,23,6,1,0,0,1,0,0,0,1,10,0,0,0,5,0,0,0,3.0,337.0,ควนขนุน,นาขยาด,2.0,2,ศาลาประจ าหมู่บ้านบ้านพังดาน,812.0,พัทลุง,อำเภอควนขนุน,นาขยาด,ศาลาประจำหมู่บ้านบ้านพังดาน,7.670382399999999,99.9823069,2.0,28.0,location_exact_normalized,1.0,1.0,นาขยาด|1,matched
ควนขนุน,นาขยาด,2,partylist,election_day,326,311,10,5,0,0,0,0,1,0,0,0,0,30,0,166,2,0,0,0,0,0,0,0,0,0,0,0,80,0,1,0,6,0,0,0,0,0,0,0,0,0,1,8,4,0,0,0,0,0,0,0,0,3,0,1,0,6,0,2,0,3.0,338.0,ควนขนุน,นาขยาด,3.0,3,ศาลาประจ าหมู่บ้านบ้านเกาะยาง,404.0,พัทลุง,อำเภอควนขนุน,นาขยาด,ศาลาประจำหมู่บ้านบ้านเกาะยาง,7.685908899999999,99.9794414,2.0,29.0,location_exact_normalized,1.0,1.0,นาขยาด|2,matched
ควนขนุน,นาขยาด,3,partylist,election_day,380,359,13,8,0,2,0,0,0,0,1,0,0,41,0,207,4,0,1,0,0,1,0,0,0,0,0,0,75,0,1,2,4,0,0,0,0,0,0,1,1,0,1,12,2,0,0,1,0,0,0,0,0,1,0,1,0,0,0,0,0,3.0,339.0,ควนขนุน,นาขยาด,4.0,4,ศาลาประจ าหมู่บ้านบ้านหนองในวัง,505.0,พัทลุง,อำเภอควนขนุน,นาขยาด,ศาลาประจำหมู่บ้านบ้านหนองในวัง,7.679982700000001,99.9576849,2.0,30.0,location_exact_normalized,1.0,1.0,นาขยาด|3,matched
ควนขนุน,นาขยาด,4,partylist,election_day,471,438,20,13,0,2,0,0,1,0,1,0,0,72,1,221,3,0,2,0,0,3,0,1,0,0,0,0,69,1,0,5,6,0,0,0,0,0,0,0,2,1,0,31,7,0,0,0,0,1,1,0,1,3,0,1,0,1,1,0,0,3.0,340.0,ควนขนุน,นาขยาด,5.0,5,ศาลาประจ าหมู่บ้านบ้านนาท่อม,575.0,พัทลุง,อำเภอควนขนุน,นาขยาด,ศาลาประจำหมู่บ้านบ้านนาท่อม,7.591457699999999,100.0019597,2.0,31.0,location_exact_normalized,1.0,1.0,นาขยาด|4,matched
ควนขนุน,นาขยาด,5,partylist,election_day,628,602,15,11,0,3,0,0,2,0,1,1,1,68,1,407,8,0,0,0,0,4,0,0,0,0,0,0,57,0,1,2,2,1,1,0,0,0,1,0,3,2,2,11,7,1,0,0,2,0,4,0,1,5,0,1,0,1,0,0,1,3.0,341.0,ควนขนุน,นาขยาด,6.0,6,ศาลาประจ าหมู่บ้านบ้านขันหมู่,796.0,พัทลุง,อำเภอควนขนุน,นาขยาด,ศาลาประจำหมู่บ้านบ้านขันหมู่,7.668115999999999,99.955747,2.0,32.0,location_exact_normalized,1.0,1.0,นาขยาด|5,matched
ควนขนุน,นาขยาด,6,partylist,election_day,387,368,13,6,0,0,0,0,0,0,0,0,0,67,0,224,5,1,2,0,0,3,1,0,0,0,0,0,25,0,3,0,0,0,0,0,0,0,0,0,2,0,2,25,2,1,0,1,0,0,0,2,2,0,0,0,0,0,0,0,0,3.0,342.0,ควนขนุน,นาขยาด,7.0,7,ศาลาประจ าหมู่บ้านบ้านสะพานข่อย,469.0,พัทลุง,อำเภอควนขนุน,นาขยาด,ศาลาประจำหมู่บ้านบ้านสะพานข่อย,7.6901421,99.9402381,2.0,33.0,location_exact_normalized,1.0,1.0,นาขยาด|6,matched
ควนขนุน,นาขยาด,7,partylist,election_day,393,384,5,4,0,1,0,0,2,0,3,0,0,58,0,221,0,0,1,0,0,1,0,0,0,0,1,0,53,0,1,1,2,1,1,0,0,0,0,0,1,2,2,11,4,0,0,0,0,2,0,1,0,6,0,0,0,6,0,1,1,3.0,343.0,ควนขนุน,นาขยาด,8.0,8,ศาลาประจ าหมู่บ้านบ้านโงกน ้า,476.0,พัทลุง,อำเภอควนขนุน,นาขยาด,ศาลาประจำหมู่บ้านบ้านโงกน้ำ,7.707698400000001,99.9269198,2.0,34.0,location_exact_normalized,1.0,1.0,นาขยาด|7,matched
ควนขนุน,นาขยาด,8,partylist,election_day,416,400,7,9,0,1,0,1,0,0,0,0,0,46,0,255,2,0,1,0,0,4,0,0,0,0,1,0,42,0,1,4,9,0,0,0,1,0,0,0,1,0,1,22,1,1,0,0,0,0,0,0,1,4,0,1,0,0,0,0,0,3.0,344.0,ควนขนุน,นาขยาด,9.0,9,ศาลาประจ าหมู่บ้านบ้านทุ่งส าโรง,495.0,พัทลุง,อำเภอควนขนุน,นาขยาด,ศาลาประจำหมู่บ้านบ้านทุ่งสำโรง,7.679982700000001,99.9576849,2.0,35.0,location_exact_normalized,1.0,1.0,นาขยาด|8,matched
ควนขนุน,นาขยาด,9,partylist,election_day,366,347,13,6,0,1,1,0,1,0,0,0,1,55,0,188,3,0,0,0,0,0,0,1,0,0,0,0,39,0,1,1,2,0,1,0,0,0,0,1,5,0,2,26,8,0,0,1,0,2,0,0,2,4,0,1,0,0,0,0,0,3.0,345.0,ควนขนุน,นาขยาด,10.0,10,ศาลาประจ าหมู่บ้านบ้านโรงรม,448.0,พัทลุง,อำเภอควนขนุน,นาขยาด,ศาลาประจำหมู่บ้านบ้านโรงรม,7.679982700000001,99.9576849,2.0,36.0,location_exact_normalized,1.0,1.0,นาขยาด|9,matched
ควนขนุน,นาขยาด,10,partylist,election_day,404,388,6,10,0,1,0,0,1,0,0,0,2,52,0,260,1,0,0,0,0,4,0,0,0,0,1,0,36,0,0,1,2,0,0,0,1,0,0,0,1,0,1,13,2,0,0,0,0,1,1,0,0,5,0,1,1,0,0,0,0,3.0,346.0,ควนขนุน,นาขยาด,11.0,11,ศาลาประจ าหมู่บ้านบ้านไสควายฟัน,474.0,พัทลุง,อำเภอควนขนุน,นาขยาด,ศาลาประจำหมู่บ้านบ้านไสควายฟัน,7.679982700000001,99.9576849,2.0,37.0,location_exact_normalized,1.0,1.0,นาขยาด|10,matched
ควนขนุน,นาขยาด,11,partylist,election_day,456,436,15,5,0,0,0,0,1,0,4,0,0,76,0,239,3,0,0,1,0,2,0,0,0,0,0,0,75,0,2,0,6,0,0,1,0,0,0,0,2,0,0,10,4,0,0,0,0,0,1,1,1,6,0,0,0,0,0,0,1,3.0,347.0,ควนขนุน,นาขยาด,12.0,12,ศาลาประจ าหมู่บ้านบ้านเขาวังทอง,522.0,พัทลุง,อำเภอควนขนุน,นาขยาด,ศาลาประจำหมู่บ้านบ้านเขาวังทอง,7.679982700000001,99.9576849,2.0,38.0,location_exact_normalized,1.0,1.0,นาขยาด|11,matched
ศรีนครินทร์,บ้านนา,0,partylist,election_day,619,576,33,10,0,0,0,0,1,0,6,0,1,75,0,306,4,0,1,2,0,8,0,0,0,1,0,0,82,1,0,4,2,4,1,1,0,0,0,0,4,1,1,35,15,1,0,1,0,0,0,2,1,8,0,0,0,7,0,0,0,,,,,,,,,,,,,,,,,,,,,unmatched
ศรีนครินทร์,บ้านนา,1,partylist,election_day,185,182,3,0,0,0,0,0,0,0,2,0,0,0,0,88,0,0,0,0,1,0,0,0,0,0,0,0,32,0,0,0,2,0,0,0,0,0,0,29,1,0,1,22,1,0,0,0,0,0,0,0,0,2,0,0,0,1,0,0,0,,,,,,,,,,,,,,,,,,,,,unmatched
ศรีนครินทร์,บ้านนา,2,partylist,election_day,501,468,22,11,0,2,0,0,0,0,2,0,0,60,0,252,3,0,0,0,0,5,1,0,0,0,0,0,84,0,0,0,7,1,0,0,0,0,0,0,4,0,0,32,4,0,0,1,0,2,1,0,0,0,0,1,0,5,0,1,0,,,,,,,,,,,,,,,,,,,,,unmatched
ศรีนครินทร์,บ้านนา,3,partylist,election_day,439,413,15,11,0,0,0,1,0,0,0,0,1,35,0,247,2,0,0,0,0,11,0,0,0,0,0,0,63,0,0,0,2,0,0,0,1,1,0,0,2,2,1,20,8,0,0,0,0,4,0,0,1,11,0,0,0,0,0,0,0,,,,,,,,,,,,,,,,,,,,,unmatched
ศรีนครินทร์,บ้านนา,4,partylist,election_day,314,288,17,9,1,0,0,0,0,0,0,0,0,44,1,135,3,0,0,0,0,3,0,0,0,0,0,0,65,0,0,1,5,0,0,1,0,1,0,0,0,0,1,15,1,1,0,0,0,0,0,0,2,3,0,0,0,4,0,1,0,,,,,,,,,,,,,,,,,,,,,unmatched
ศรีนครินทร์,บ้านนา,5,partylist,election_day,433,414,18,1,0,0,0,0,0,0,2,0,1,48,1,210,3,0,0,0,0,2,0,1,0,0,0,0,109,0,1,1,3,0,0,0,0,0,0,1,3,2,0,20,3,0,0,0,0,0,0,0,0,3,0,0,0,0,0,0,0,,,,,,,,,,,,,,,,,,,,,unmatched
ศรีนครินทร์,บ้านนา,6,partylist,election_day,406,391,12,3,0,1,0,0,0,0,2,0,0,37,0,245,2,0,0,0,0,4,0,0,0,0,0,0,48,0,1,4,3,0,2,0,1,0,0,0,5,0,0,21,5,0,0,1,0,0,0,0,2,2,1,1,0,2,0,1,0,,,,,,,,,,,,,,,,,,,,,unmatched
ศรีนครินทร์,บ้านนา,7,partylist,election_day,591,574,14,3,0,2,0,0,0,1,0,0,1,91,0,329,6,0,0,0,0,2,0,0,0,1,0,0,82,0,2,4,5,0,0,0,1,0,0,0,3,0,0,27,4,2,0,2,0,1,0,0,0,2,0,2,0,3,0,0,1,,,,,,,,,,,,,,,,,,,,,unmatched
ศรีนครินทร์,บ้านนา,8,partylist,election_day,329,309,9,11,0,1,0,1,0,0,1,0,0,68,0,99,3,0,0,0,0,5,0,0,1,0,0,1,37,0,1,0,2,0,0,0,0,0,0,0,3,0,0,76,4,0,0,2,0,0,0,0,1,2,0,0,0,0,0,1,0,,,,,,,,,,,,,,,,,,,,,unmatched
ศรีนครินทร์,บ้านนา,9,partylist,election_day,341,327,12,2,0,0,0,0,0,0,0,0,0,40,0,215,4,0,2,0,0,3,0,0,0,0,0,0,23,0,1,1,2,0,0,0,0,0,0,0,1,0,2,24,1,2,0,0,0,1,1,0,1,1,0,1,0,0,0,1,0,,,,,,,,,,,,,,,,,,,,,unmatched
ศรีนครินทร์,บ้านนา,10,partylist,election_day,427,409,14,4,0,1,0,0,0,0,3,1,0,55,0,226,1,0,0,0,0,3,0,0,0,0,0,0,78,1,0,0,2,0,0,0,0,0,0,0,3,1,0,18,3,1,0,0,0,0,1,0,3,5,1,0,0,1,0,0,1,,,,,,,,,,,,,,,,,,,,,unmatched
ศรีนครินทร์,บ้านนา,11,partylist,election_day,387,361,21,5,0,1,0,0,0,0,1,1,0,43,0,229,3,0,1,0,0,2,0,0,0,0,0,1,36,0,0,2,3,1,0,0,0,0,0,0,2,0,3,18,5,0,2,1,0,0,0,0,1,3,0,0,0,2,0,0,0,,,,,,,,,,,,,,,,,,,,,unmatched
ป่าพะยอม,บ้านพร้าว,0,partylist,election_day,438,419,7,12,1,2,0,0,0,0,1,0,0,109,0,213,3,0,0,0,0,3,0,2,0,0,0,0,45,0,4,0,3,0,0,0,0,0,0,0,1,0,0,23,3,1,0,1,0,0,0,0,0,0,0,0,0,4,0,0,0,5.0,413.0,ป่าพะยอม,บ้านพร้าว,1.0,1,เต้นท์บริเวณตลาดใหม่ป่าพะยอม,564.0,พัทลุง,อำเภอป่าพะยอม,บ้านพร้าว,เต๊นท์บริเวณตลาดใหม่ป่าพะยอม,7.814176799999999,99.9520961,2.0,190.0,location_fuzzy,0.9643,1.0,บ้านพร้าว|0,matched
ป่าพะยอม,บ้านพร้าว,1,partylist,election_day,392,368,11,13,0,0,1,0,1,0,3,0,0,65,0,197,3,0,0,0,0,0,0,0,0,0,0,0,51,0,0,0,8,1,0,0,2,0,0,0,1,1,1,10,5,1,0,0,0,1,0,0,2,4,0,0,0,5,0,0,0,5.0,414.0,ป่าพะยอม,บ้านพร้าว,2.0,1,ศาลาประจ าหมู่บ้านบ้านพร้าว,553.0,พัทลุง,อำเภอป่าพะยอม,บ้านพร้าว,ศาลาประจำหมู่บ้านบ้านพร้าว,7.8144408,99.9409196,2.0,191.0,location_exact_normalized,1.0,1.0,บ้านพร้าว|1,matched
ป่าพะยอม,บ้านพร้าว,2,partylist,election_day,506,481,18,7,0,0,0,0,1,0,0,0,0,79,1,264,4,0,1,0,0,3,0,0,0,0,1,0,63,0,0,5,10,0,0,0,0,0,0,0,2,0,2,18,6,4,0,0,3,2,0,1,0,5,1,0,0,3,0,2,0,5.0,415.0,ป่าพะยอม,บ้านพร้าว,3.0,2,ศาลาประจ าหมู่บ้านบ้านตลิ่งชัน,727.0,พัทลุง,อำเภอป่าพะยอม,บ้านพร้าว,ศาลาประจำหมู่บ้านบ้านตลิ่งชัน,7.7965689,99.92745370000002,2.0,192.0,location_exact_normalized,1.0,1.0,บ้านพร้าว|2,matched
ป่าพะยอม,บ้านพร้าว,3,partylist,election_day,677,645,23,9,0,2,0,0,2,0,2,2,0,90,0,345,11,0,1,0,0,7,0,0,0,1,1,0,110,0,0,2,12,0,0,1,0,0,0,1,7,0,0,15,10,4,0,0,0,0,1,0,2,13,0,0,0,1,0,1,1,5.0,416.0,ป่าพะยอม,บ้านพร้าว,4.0,3,ศาลาประจ าหมู่บ้านบ้านศาลาน ้า,802.0,พัทลุง,อำเภอป่าพะยอม,บ้านพร้าว,ศาลาประจำหมู่บ้านบ้านศาลาน้ำ,7.830872999999999,99.930464,2.0,193.0,location_exact_normalized,1.0,1.0,บ้านพร้าว|3,matched
ป่าพะยอม,บ้านพร้าว,4,partylist,election_day,318,306,9,3,1,0,0,0,0,0,0,0,0,45,0,207,2,0,2,1,0,1,0,0,0,0,0,0,19,0,1,0,4,0,0,0,0,0,0,0,0,0,0,14,3,0,0,0,0,2,0,1,1,0,1,0,0,1,0,0,0,5.0,417.0,ป่าพะยอม,บ้านพร้าว,5.0,4,ศาลาประจ าหมู่บ้านบ้านบ่อทราย,419.0,พัทลุง,อำเภอป่าพะยอม,บ้านพร้าว,ศาลาประจำหมู่บ้านบ้านบ่อทราย,7.836562000000001,99.9709605,2.0,194.0,location_exact_normalized,1.0,1.0,บ้านพร้าว|4,matched
ป่าพะยอม,บ้านพร้าว,5,partylist,election_day,243,231,8,4,0,0,1,0,0,0,1,0,1,26,0,153,2,0,0,0,0,3,0,0,0,0,0,0,24,0,0,2,1,0,0,0,0,0,0,0,1,0,1,4,6,0,0,0,0,2,0,0,0,0,0,0,0,0,0,1,2,5.0,418.0,ป่าพะยอม,บ้านพร้าว,6.0,5,ศาลาประจ าหมู่บ้านบ้านไสอ้อ,313.0,พัทลุง,อำเภอป่าพะยอม,บ้านพร้าว,ศาลาประจำหมู่บ้านบ้านไสอ้อ,7.8144408,99.9409196,2.0,195.0,location_exact_normalized,1.0,1.0,บ้านพร้าว|5,matched
ป่าพะยอม,บ้านพร้าว,6,partylist,election_day,628,603,13,12,0,2,0,0,0,0,3,0,1,81,1,346,7,0,0,0,0,5,0,1,0,2,0,0,79,0,1,0,10,2,0,0,0,0,0,0,3,1,2,34,6,1,0,0,0,0,1,0,2,10,1,0,0,1,0,0,0,5.0,419.0,ป่าพะยอม,บ้านพร้าว,7.0,6,ศาลาประจ าหมู่บ้านบ้านหาดสูง,767.0,พัทลุง,อำเภอป่าพะยอม,บ้านพร้าว,ศาลาประจำหมู่บ้านบ้านหาดสูง,7.8144408,99.9409196,2.0,196.0,location_exact_normalized,1.0,1.0,บ้านพร้าว|6,matched
ป่าพะยอม,บ้านพร้าว,7,partylist,election_day,373,360,13,0,0,0,0,1,0,0,1,0,0,46,1,217,6,0,0,0,1,1,1,0,0,0,1,0,54,0,0,1,2,0,0,0,0,0,0,0,1,0,3,7,7,0,0,0,0,0,0,1,0,8,0,0,0,0,0,0,0,5.0,420.0,ป่าพะยอม,บ้านพร้าว,8.0,7,ศาลาประจ าหมู่บ้านบ้านไสกล้วย,468.0,พัทลุง,อำเภอป่าพะยอม,บ้านพร้าว,ศาลาประจำหมู่บ้านบ้านไสกล้วย,7.8144408,99.9409196,2.0,197.0,location_exact_normalized,1.0,1.0,บ้านพร้าว|7,matched
ป่าพะยอม,บ้านพร้าว,8,partylist,election_day,687,657,22,8,0,0,0,0,2,0,1,5,2,69,0,420,10,0,1,0,0,3,0,0,0,0,0,0,94,1,0,2,5,0,0,1,0,1,0,0,1,1,3,11,8,4,0,0,1,0,1,0,0,6,0,2,0,2,0,0,0,5.0,421.0,ป่าพะยอม,บ้านพร้าว,9.0,8,ศาลาประจ าหมู่บ้านบ้านหน้าป่า,833.0,พัทลุง,อำเภอป่าพะยอม,บ้านพร้าว,ศาลาประจำหมู่บ้านบ้านหน้าป่า,7.7994581,99.9130875,2.0,198.0,location_exact_normalized,1.0,1.0,บ้านพร้าว|8,matched
ป่าพะยอม,บ้านพร้าว,9,partylist,election_day,636,605,23,8,0,1,0,0,1,0,3,0,0,99,0,366,7,0,1,1,0,2,0,0,0,0,0,0,65,1,0,1,6,1,2,1,0,0,0,0,1,0,0,15,11,2,0,1,0,0,1,1,0,9,0,1,0,5,0,0,0,5.0,422.0,ป่าพะยอม,บ้านพร้าว,10.0,9,ศาลาประจ าหมู่บ้านบ้านไผ่รอบ,810.0,พัทลุง,อำเภอป่าพะยอม,บ้านพร้าว,ศาลาประจำหมู่บ้านบ้านไผ่รอบ,7.8144408,99.9409196,2.0,199.0,location_exact_normalized,1.0,1.0,บ้านพร้าว|9,matched
ป่าพะยอม,บ้านพร้าว,10,partylist,election_day,443,418,17,8,0,1,0,0,1,0,0,0,0,52,0,237,6,0,0,1,0,9,1,0,0,0,0,0,52,0,5,2,2,0,0,0,1,0,0,0,3,2,0,17,11,2,0,1,0,0,1,0,1,6,0,0,0,4,0,0,0,5.0,423.0,ป่าพะยอม,บ้านพร้าว,11.0,10,ศาลาประจ าหมู่บ้านบ้านบ่อทรายใน,602.0,พัทลุง,อำเภอป่าพะยอม,บ้านพร้าว,ศาลาประจำหมู่บ้านบ้านบ่อทรายใน,7.836562000000001,99.9709605,2.0,200.0,location_exact_normalized,1.0,1.0,บ้านพร้าว|10,matched
ควนขนุน,ปันแต,0,partylist,election_day,227,217,7,3,0,0,0,0,0,0,1,0,0,27,0,133,3,0,1,0,0,3,0,1,0,0,0,0,25,0,1,0,2,0,0,0,0,0,0,0,0,0,2,11,0,0,0,1,0,2,0,1,0,2,0,0,0,1,0,0,0,4.0,364.0,ควนขนุน,ปันแต,1.0,1,ศาลาประจ าหมู่บ้านบ้านปลายคลอง,281.0,พัทลุง,อำเภอควนขนุน,ปันแต,ศาลาประจำหมู่บ้านบ้านปลายคลอง,7.792807099999998,100.0611429,2.0,56.0,location_exact_normalized,1.0,1.0,ปันแต|0,matched
ควนขนุน,ปันแต,1,partylist,election_day,129,126,2,1,0,0,0,0,0,0,0,0,0,15,1,77,0,0,0,0,0,0,0,0,0,0,0,0,8,1,2,0,1,0,0,0,0,0,0,0,0,0,0,19,1,0,0,0,0,0,0,0,0,1,0,0,0,0,0,0,0,4.0,365.0,ควนขนุน,ปันแต,2.0,2,ศาลาประจ าหมู่บ้านบ้านปันแต,160.0,พัทลุง,อำเภอควนขนุน,ปันแต,ศาลาประจำหมู่บ้านบ้านปันแต,7.791803600000001,100.0351252,2.0,57.0,location_exact_normalized,1.0,1.0,ปันแต|1,matched
ควนขนุน,ปันแต,2,partylist,election_day,493,483,5,5,0,0,0,0,0,0,2,0,0,62,0,317,5,0,2,0,0,3,0,0,0,0,0,0,57,0,0,2,3,0,0,0,0,2,0,0,1,0,0,16,3,1,0,1,0,0,0,0,1,3,0,2,0,0,0,0,0,4.0,366.0,ควนขนุน,ปันแต,3.0,3,ศาลาประจ าหมู่บ้านบ้านส านักกอ,593.0,พัทลุง,อำเภอควนขนุน,ปันแต,ศาลาประจำหมู่บ้านบ้านสำนักกอ,7.804429099999999,100.0067757,2.0,58.0,location_exact_normalized,1.0,1.0,ปันแต|2,matched
ควนขนุน,ปันแต,3,partylist,election_day,251,240,9,2,0,0,0,0,1,0,2,0,0,16,0,141,1,0,1,0,0,1,0,0,0,0,0,0,59,0,0,0,5,0,0,0,0,0,0,0,0,0,1,8,2,0,0,0,0,0,0,0,0,2,0,0,0,0,0,0,0,4.0,367.0,ควนขนุน,ปันแต,4.0,4,ศาลาประจ าหมู่บ้านบ้านปากสระ,337.0,พัทลุง,อำเภอควนขนุน,ปันแต,ศาลาประจำหมู่บ้านบ้านปากสระ,7.804978500000001,100.0569463,2.0,59.0,location_exact_normalized,1.0,1.0,ปันแต|3,matched
ควนขนุน,ปันแต,4,partylist,election_day,490,467,13,10,0,0,0,0,0,0,2,0,0,47,2,283,5,0,1,0,0,4,1,1,0,0,0,0,80,1,1,1,4,0,1,0,0,0,0,0,3,0,3,18,2,1,0,0,0,0,0,0,0,4,0,1,0,0,0,1,0,4.0,368.0,ควนขนุน,ปันแต,5.0,5,ศาลาประจ าหมู่บ้านบ้านควนปันแต,633.0,พัทลุง,อำเภอควนขนุน,ปันแต,ศาลาประจำหมู่บ้านบ้านควนปันแต,7.8043368,100.0275755,2.0,60.0,location_exact_normalized,1.0,1.0,ปันแต|4,matched
ควนขนุน,ปันแต,5,partylist,election_day,498,477,15,6,1,0,0,0,0,0,0,0,1,59,1,267,5,0,0,0,0,6,0,0,0,1,2,0,79,0,0,1,6,0,0,0,0,0,0,0,2,0,1,25,7,1,0,1,1,0,1,0,1,7,0,0,0,1,0,0,0,4.0,369.0,ควนขนุน,ปันแต,6.0,6,ศาลาประจ าหมู่บ้านบ้านในไร่,602.0,พัทลุง,อำเภอควนขนุน,ปันแต,ศาลาประจำหมู่บ้านบ้านในไร่,7.7882409,100.0275755,2.0,61.0,location_exact_normalized,1.0,1.0,ปันแต|5,matched
ควนขนุน,ปันแต,6,partylist,election_day,200,195,3,2,0,1,0,0,0,0,2,0,0,23,0,104,2,0,0,1,0,2,0,0,0,0,0,0,45,0,0,0,2,0,0,0,0,0,0,0,0,0,0,5,1,1,0,0,0,1,0,0,1,2,0,0,0,2,0,0,0,4.0,370.0,ควนขนุน,ปันแต,7.0,7,ศาลาประจ าหมู่บ้านบ้านโพธิ์,246.0,พัทลุง,อำเภอควนขนุน,ปันแต,ศาลาประจำหมู่บ้านบ้านโพธิ์,7.7850935,100.0471549,2.0,62.0,location_exact_normalized,1.0,1.0,ปันแต|6,matched
ควนขนุน,ปันแต,7,partylist,election_day,171,168,3,0,0,1,0,0,2,0,1,0,0,16,0,115,3,0,1,0,0,2,1,0,0,0,0,0,17,1,0,0,1,0,0,0,0,0,0,0,0,1,0,4,0,0,0,0,0,1,0,0,0,1,0,0,0,0,0,0,0,4.0,371.0,ควนขนุน,ปันแต,8.0,8,ศาลาประจ าหมู่บ้านบ้านสุนทราออก,199.0,พัทลุง,อำเภอควนขนุน,ปันแต,ศาลาประจำหมู่บ้านบ้านสุนทราออก,7.782078799999999,100.0611429,2.0,63.0,location_exact_normalized,1.0,1.0,ปันแต|7,matched
ควนขนุน,ปันแต,8,partylist,election_day,349,342,5,2,0,0,0,0,0,0,1,0,0,38,0,221,4,0,1,1,0,3,0,0,0,0,0,0,44,0,0,0,2,0,0,0,0,0,0,0,0,0,1,17,1,1,0,0,1,0,2,0,0,1,0,0,1,2,0,0,0,4.0,372.0,ควนขนุน,ปันแต,9.0,9,ศาลาประจ าหมู่บ้านบ้านสุนทราตก,457.0,พัทลุง,อำเภอควนขนุน,ปันแต,ศาลาประจำหมู่บ้านบ้านสุนทราตก,7.782478,100.0443576,2.0,64.0,location_exact_normalized,1.0,1.0,ปันแต|8,matched
ควนขนุน,ปันแต,9,partylist,election_day,353,338,10,5,0,0,0,0,0,0,3,0,1,46,0,153,5,0,0,0,0,5,0,0,0,1,1,0,63,0,0,0,0,0,0,0,1,0,0,0,0,0,1,40,4,3,0,0,0,0,0,0,0,9,0,1,0,1,0,0,0,4.0,373.0,ควนขนุน,ปันแต,10.0,10,สถานปฏิบัติธรรมบ้านไสหลวง,444.0,พัทลุง,อำเภอควนขนุน,ปันแต,สถานปฏิบัติธรรมบ้านไสหลวง,7.7735798,100.0289689,2.0,65.0,location_exact_normalized,1.0,1.0,ปันแต|9,matched
ควนขนุน,ปันแต,10,partylist,election_day,384,358,23,3,0,0,0,1,0,0,1,0,0,32,0,212,1,0,0,0,0,5,0,0,0,0,1,0,45,0,0,4,1,1,0,2,0,1,0,0,0,0,0,30,8,2,0,1,0,0,1,1,2,3,0,0,0,3,0,0,0,4.0,374.0,ควนขนุน,ปันแต,11.0,11,ศาลาประจ าหมู่บ้านบ้านทุ่งลาน,473.0,พัทลุง,อำเภอควนขนุน,ปันแต,ศาลาประจำหมู่บ้านบ้านทุ่งลาน,7.734939400000001,100.0100936,2.0,66.0,location_exact_normalized,1.0,1.0,ปันแต|10,matched
ควนขนุน,ปันแต,11,partylist,election_day,336,328,4,4,0,0,0,0,2,0,1,0,0,45,0,192,2,0,0,0,0,0,0,0,0,0,0,0,47,0,0,0,5,1,0,1,0,0,0,0,0,2,1,22,4,0,0,0,0,1,0,0,1,1,0,0,0,0,0,0,0,4.0,375.0,ควนขนุน,ปันแต,12.0,12,ศาลาประจ าหมู่บ้านบ้านหารเจ,383.0,พัทลุง,อำเภอควนขนุน,ปันแต,ศาลาประจำหมู่บ้านบ้านหารเจ,7.791652699999999,99.9968167,2.0,67.0,location_exact_normalized,1.0,1.0,ปันแต|11,matched
ควนขนุน,ปันแต,12,partylist,election_day,188,180,8,0,0,0,0,0,0,0,0,0,0,12,0,102,1,0,0,0,0,1,0,0,0,0,0,0,43,1,0,1,7,0,0,0,0,0,0,0,0,0,0,8,2,0,1,0,0,0,0,0,0,1,0,0,0,0,0,0,0,4.0,376.0,ควนขนุน,ปันแต,13.0,13,ศาลาประจ าหมู่บ้านบ้านเขากลาง,242.0,พัทลุง,อำเภอควนขนุน,ปันแต,ศาลาประจำหมู่บ้านบ้านเขากลาง,7.762721,100.0576457,2.0,68.0,location_exact_normalized,1.0,1.0,ปันแต|12,matched
ป่าพะยอม,ป่าพะยอม,0,partylist,election_day,453,432,16,5,0,0,0,1,1,0,1,0,1,43,0,291,5,0,1,0,0,4,0,0,0,0,0,0,51,0,1,1,7,0,0,0,0,0,0,0,1,1,2,8,0,0,0,1,0,0,1,0,2,5,0,2,0,1,0,0,0,5.0,405.0,ป่าพะยอม,ป่าพะยอม,1.0,1,ศาลาประจ าหมู่บ้านบ้านสังแกระ,617.0,พัทลุง,อำเภอป่าพะยอม,ป่าพะยอม,ศาลาประจำหมู่บ้านบ้านสังแกระ,7.8521588,99.9353318,2.0,167.0,location_exact_normalized,1.0,1.0,ป่าพะยอม|0,matched
ป่าพะยอม,ป่าพะยอม,1,partylist,election_day,337,318,11,8,2,0,0,0,0,0,1,0,0,35,3,176,3,0,0,0,0,1,0,1,0,0,0,0,53,0,0,2,20,0,0,0,0,0,0,0,1,1,0,7,5,2,0,0,0,0,0,0,1,3,0,0,0,1,0,0,0,5.0,406.0,ป่าพะยอม,ป่าพะยอม,2.0,2,ศาลาประจ าหมู่บ้านบ้านป่าพะยอม,418.0,พัทลุง,อำเภอป่าพะยอม,ป่าพะยอม,ศาลาประจำหมู่บ้านบ้านป่าพะยอม,7.7542239,99.8194682,2.0,168.0,location_exact_normalized,1.0,1.0,ป่าพะยอม|1,matched
ป่าพะยอม,ป่าพะยอม,2,partylist,election_day,357,342,11,4,0,0,0,1,0,0,0,0,0,38,5,172,7,0,0,0,0,0,0,1,0,0,0,0,59,0,0,2,31,0,0,0,0,0,0,0,0,0,1,10,7,2,0,0,0,0,0,1,0,2,0,0,0,3,0,0,0,5.0,407.0,ป่าพะยอม,ป่าพะยอม,3.0,2,โรงเรียนอนุบาลป่าพะยอม,532.0,พัทลุง,อำเภอป่าพะยอม,ป่าพะยอม,โรงเรียนอนุบาลป่าพะยอม,7.841230299999999,99.9385037,2.0,169.0,location_exact_normalized,1.0,1.0,ป่าพะยอม|2,matched
ป่าพะยอม,ป่าพะยอม,3,partylist,election_day,511,486,14,11,2,0,0,0,2,0,3,0,0,66,3,282,7,0,1,0,0,0,0,0,0,0,0,1,55,0,0,1,10,0,1,0,0,0,0,0,2,0,0,11,13,3,0,0,0,3,0,2,3,8,0,2,0,3,0,2,0,5.0,408.0,ป่าพะยอม,ป่าพะยอม,4.0,3,ศาลาประจ าหมู่บ้านบ้านทุ่ง,691.0,พัทลุง,อำเภอป่าพะยอม,ป่าพะยอม,ศาลาประจำหมู่บ้านบ้านทุง,7.8521588,99.9353318,2.0,170.0,location_fuzzy,0.9796,1.0,ป่าพะยอม|3,matched
ป่าพะยอม,ป่าพะยอม,4,partylist,election_day,397,389,7,1,1,0,0,0,0,0,1,0,1,45,0,253,5,0,2,1,0,4,0,0,0,0,0,0,40,0,1,0,7,0,0,0,1,0,0,0,3,0,6,7,5,0,0,0,0,0,0,0,1,4,0,0,0,1,0,0,0,5.0,409.0,ป่าพะยอม,ป่าพะยอม,5.0,4,ศาลาประจ าหมู่บ้านบ้านประดู่หอม,505.0,พัทลุง,อำเภอป่าพะยอม,ป่าพะยอม,ศาลาประจำหมู่บ้านบ้านประดู่หอม,7.851793,99.964334,2.0,171.0,location_exact_normalized,1.0,1.0,ป่าพะยอม|4,matched
ป่าพะยอม,ป่าพะยอม,5,partylist,election_day,531,499,12,20,0,0,0,0,0,0,4,2,0,64,0,336,3,0,1,0,0,3,1,0,0,0,0,0,37,0,1,1,9,1,1,0,0,1,0,0,0,0,1,11,3,1,0,2,0,1,0,2,1,6,0,2,0,4,0,0,0,5.0,410.0,ป่าพะยอม,ป่าพะยอม,6.0,5,ศาลาประจ าหมู่บ้านบ้านนาทราย,705.0,พัทลุง,อำเภอป่าพะยอม,ป่าพะยอม,ศาลาประจำหมู่บ้านบ้านนาทราย,7.838677,99.863101,2.0,172.0,location_exact_normalized,1.0,1.0,ป่าพะยอม|5,matched
ป่าพะยอม,ป่าพะยอม,6,partylist,election_day,498,478,13,7,3,1,0,0,0,0,0,0,0,59,0,310,5,0,2,0,0,6,1,0,0,0,1,0,55,1,2,0,2,0,1,0,1,0,0,1,3,0,0,13,4,2,0,0,0,0,0,0,0,4,0,0,1,0,0,0,0,5.0,411.0,ป่าพะยอม,ป่าพะยอม,7.0,6,ศาลาประจ าหมู่บ้านบ้านโคกกอ,619.0,พัทลุง,อำเภอป่าพะยอม,ป่าพะยอม,ศาลาประจำหมู่บ้านบ้านโคกกอ,7.8521588,99.9353318,2.0,173.0,location_exact_normalized,1.0,1.0,ป่าพะยอม|6,matched
ป่าพะยอม,ป่าพะยอม,7,partylist,election_day,571,557,7,7,0,0,0,1,0,0,3,0,0,57,1,370,5,0,0,0,0,2,0,0,0,0,0,0,54,1,0,3,2,0,0,1,1,0,0,0,5,0,3,24,6,1,0,3,0,0,0,0,2,10,0,0,0,1,0,1,0,5.0,412.0,ป่าพะยอม,ป่าพะยอม,8.0,7,ศาลาประจ าหมู่บ้านบ้านไสกุน,743.0,พัทลุง,อำเภอป่าพะยอม,ป่าพะยอม,ศาลาประจำหมู่บ้านบ้านไสกุน,7.8654527,99.959434,2.0,174.0,location_exact_normalized,1.0,1.0,ป่าพะยอม|7,matched
ควนขนุน,พนมวังก์,0,partylist,election_day,400,393,4,3,0,2,1,0,0,0,1,1,0,58,0,234,5,0,0,0,0,2,0,1,0,1,0,0,45,0,3,0,4,1,0,0,0,0,0,0,5,0,1,19,2,0,0,0,0,1,0,0,4,1,0,0,0,1,0,0,0,3.0,348.0,ควนขนุน,พนมวังก์,1.0,1,ศาลาอเนกประสงค์บ้านเขานม (อบต.หลังเก่า),455.0,พัทลุง,อำเภอควนขนุน,พนมวังก์,ศาลาอเนกประสงค์บ้านเขานม (อบต.หลังเก่า),7.6738819,100.0809748,2.0,39.0,location_exact_normalized,1.0,1.0,พนมวังก์|0,matched
ควนขนุน,พนมวังก์,1,partylist,election_day,631,596,23,12,0,0,0,0,1,0,1,0,0,72,0,351,3,0,3,0,0,2,1,2,0,0,0,1,98,1,1,3,5,1,0,0,1,0,0,0,4,0,0,22,2,2,0,0,0,1,0,0,2,10,0,2,0,3,1,0,0,3.0,349.0,ควนขนุน,พนมวังก์,2.0,2,ศาลาประจ าหมู่บ้านบ้านระหว่างควน,821.0,พัทลุง,อำเภอควนขนุน,พนมวังก์,ศาลาประจำหมู่บ้านบ้านระหว่างควน,7.6920875,100.0469114,2.0,40.0,location_exact_normalized,1.0,1.0,พนมวังก์|1,matched
ควนขนุน,พนมวังก์,2,partylist,election_day,574,545,17,12,0,1,0,0,0,0,0,0,0,92,0,288,3,0,0,0,0,5,1,0,0,2,0,0,96,0,0,1,6,0,0,0,0,0,0,1,0,0,0,16,8,2,0,1,2,0,1,2,1,7,0,3,0,5,0,1,0,3.0,350.0,ควนขนุน,พนมวังก์,3.0,3,ศาลาประจ าหมู่บ้านบ้านควนปริง,693.0,พัทลุง,อำเภอควนขนุน,พนมวังก์,ศาลาประจำหมู่บ้านบ้านควนปริง,7.681553500000001,100.0052044,2.0,41.0,location_exact_normalized,1.0,1.0,พนมวังก์|2,matched
ควนขนุน,พนมวังก์,3,partylist,election_day,530,502,20,8,0,0,0,0,0,0,4,1,1,63,0,233,6,0,1,2,0,7,1,0,0,0,0,0,134,0,0,2,7,0,1,0,0,0,0,1,3,1,1,13,5,1,0,0,0,0,0,0,0,4,0,0,0,8,0,1,1,3.0,351.0,ควนขนุน,พนมวังก์,4.0,4,โรงเรียนทุ่งยางเปล,656.0,พัทลุง,อำเภอควนขนุน,พนมวังก์,โรงเรียนทุ่งยางเปล,7.653512500000001,100.0357031,2.0,42.0,location_exact_normalized,1.0,1.0,พนมวังก์|3,matched
ควนขนุน,พนมวังก์,4,partylist,election_day,398,371,19,8,0,1,0,0,1,0,1,0,1,39,0,187,4,0,2,0,0,6,2,0,0,0,0,0,43,0,0,1,11,0,0,0,2,0,0,0,0,0,0,53,2,4,0,0,0,3,0,0,0,3,0,2,3,0,0,0,0,3.0,352.0,ควนขนุน,พนมวังก์,5.0,5,ศาลาประจ าหมู่บ้านบ้านพนมวังก์,485.0,พัทลุง,อำเภอควนขนุน,พนมวังก์,ศาลาประจำหมู่บ้านบ้านพนมวังก์,7.3838149,100.2598974,2.0,43.0,location_exact_normalized,1.0,1.0,พนมวังก์|4,matched
ควนขนุน,พนมวังก์,5,partylist,election_day,628,596,23,9,0,5,0,0,0,0,2,0,1,72,0,200,4,0,1,0,1,3,0,1,0,0,0,0,216,0,0,1,5,1,0,0,0,0,0,0,2,0,0,55,4,3,1,1,0,0,1,1,2,8,0,0,0,5,0,0,0,3.0,353.0,ควนขนุน,พนมวังก์,6.0,6,ศาลาประจ าหมู่บ้านบ้านทุ่งขึงหนัง,771.0,พัทลุง,อำเภอควนขนุน,พนมวังก์,ศาลาประจำหมู่บ้านบ้านทุ่งขึงหนัง,7.6731922,100.0191857,2.0,44.0,location_exact_normalized,1.0,1.0,พนมวังก์|5,matched
ควนขนุน,พนมวังก์,6,partylist,election_day,516,492,14,10,0,0,0,0,0,0,1,0,0,62,0,308,4,0,2,0,0,3,1,0,0,0,1,0,67,0,0,2,4,0,0,0,0,0,0,0,1,0,3,18,4,1,0,1,0,2,0,0,0,6,0,0,0,1,0,0,0,3.0,354.0,ควนขนุน,พนมวังก์,7.0,7,ศาลาประจ าหมู่บ้านบ้านไสยวน,631.0,พัทลุง,อำเภอควนขนุน,พนมวังก์,ศาลาประจำหมู่บ้านบ้านไสยวน,7.688851199999999,100.0064228,2.0,45.0,location_exact_normalized,1.0,1.0,พนมวังก์|6,matched
ควนขนุน,พนมวังก์,7,partylist,election_day,551,523,23,5,0,1,0,1,0,0,0,0,0,61,0,316,3,0,0,0,0,4,0,0,0,1,0,0,67,0,1,2,8,0,0,0,0,0,0,0,3,1,5,28,5,3,0,0,0,1,1,1,1,4,0,3,0,2,0,0,0,3.0,355.0,ควนขนุน,พนมวังก์,8.0,8,ศาลาประจ าหมู่บ้านบ้านเกาะอ้ายเฒ่า,708.0,พัทลุง,อำเภอควนขนุน,พนมวังก์,ศาลาประจำหมู่บ้านบ้านเกาะอ้ายเฒ่า,7.697101200000001,100.0275755,2.0,46.0,location_exact_normalized,1.0,1.0,พนมวังก์|7,matched
ควนขนุน,พนางตุง,0,partylist,election_day,412,384,18,10,0,0,0,1,0,0,1,1,0,50,1,104,6,0,0,1,0,5,0,0,0,0,0,0,122,0,0,2,5,0,1,0,0,0,0,0,4,0,0,63,9,2,0,1,0,0,0,1,0,3,0,0,0,0,0,0,1,1.0,272.0,ควนขนุน,พนางตุง,1.0,1,ศาลาประจ าหมู่บ้านบ้านทะเลน้อย,531.0,พัทลุง,อำเภอควนขนุน,พนางตุง,ศาลาประจำหมู่บ้านบ้านทะเลน้อย,7.7777536,100.1167953,2.0,101.0,location_exact_normalized,1.0,1.0,พนางตุง|0,matched
ควนขนุน,พนางตุง,1,partylist,election_day,352,326,22,4,0,1,0,0,2,0,0,0,1,47,0,94,0,0,0,0,0,2,0,0,0,0,0,0,110,0,0,0,2,1,0,0,0,0,0,0,2,1,0,48,6,1,0,1,0,0,0,3,1,2,1,0,0,0,0,0,0,1.0,273.0,ควนขนุน,พนางตุง,2.0,2,ศาลาประจ าหมู่บ้าน หมู่ที่ 2 บ้านทะเลน้อย,496.0,พัทลุง,อำเภอควนขนุน,พนางตุง,ศาลาประจำหมู่บ้าน หมู่ที่ 2 บ้านทะเลน้อย,7.7777536,100.1167953,2.0,102.0,location_exact_normalized,1.0,1.0,พนางตุง|1,matched
ควนขนุน,พนางตุง,2,partylist,election_day,650,629,14,7,0,0,0,0,1,0,3,0,0,111,0,271,11,0,0,0,0,1,0,0,0,0,0,0,143,2,1,1,3,0,0,0,0,0,0,0,4,0,2,48,7,2,0,1,0,2,0,3,0,3,0,2,0,6,0,1,0,1.0,274.0,ควนขนุน,พนางตุง,3.0,3,โรงเรียนควนพนางตุง,859.0,พัทลุง,อำเภอควนขนุน,พนางตุง,โรงเรียนควนพนางตุง,7.777721799999999,100.1033782,2.0,103.0,location_exact_normalized,1.0,1.0,พนางตุง|2,matched
ควนขนุน,พนางตุง,3,partylist,election_day,367,356,7,4,0,0,0,0,0,0,0,0,0,26,1,221,3,0,1,0,0,1,0,0,0,0,0,0,62,0,1,1,1,0,0,0,1,0,0,3,5,0,0,19,5,1,0,0,0,0,0,0,2,2,0,0,0,0,0,0,0,1.0,275.0,ควนขนุน,พนางตุง,4.0,4,ศาลาประจ าหมู่บ้านบ้านชายคลอง,450.0,พัทลุง,อำเภอควนขนุน,พนางตุง,ศาลาประจำหมู่บ้านบ้านชายคลอง,7.7346142,100.1285201,2.0,104.0,location_exact_normalized,1.0,1.0,พนางตุง|3,matched
ควนขนุน,พนางตุง,4,partylist,election_day,659,634,19,6,0,3,0,0,0,0,3,0,3,77,0,308,6,0,0,1,0,6,1,1,0,4,0,0,131,0,1,2,8,0,1,0,2,0,0,0,11,0,1,32,13,2,0,0,0,0,1,0,2,6,0,0,0,7,0,0,1,1.0,276.0,ควนขนุน,พนางตุง,5.0,5,ศาลาประจ าหมู่บ้านบ้านท่าช้าง,841.0,พัทลุง,อำเภอควนขนุน,พนางตุง,ศาลาประจำหมู่บ้านบ้านท่าช้าง,7.7462876,100.1069393,2.0,105.0,location_exact_normalized,1.0,1.0,พนางตุง|4,matched
ควนขนุน,พนางตุง,5,partylist,election_day,680,655,19,6,1,2,0,0,0,0,4,0,0,52,1,325,4,0,0,0,0,5,1,1,0,1,1,1,182,0,0,2,2,1,0,1,0,0,1,0,2,2,1,34,6,1,0,0,0,2,0,0,4,12,0,0,1,2,0,0,0,1.0,277.0,ควนขนุน,พนางตุง,6.0,6,ศาลาประจ าหมู่บ้านบ้านไสคลิ้ง,815.0,พัทลุง,อำเภอควนขนุน,พนางตุง,ศาลาประจำหมู่บ้านบ้านไสคลิ้ง,7.7615069,100.1367166,2.0,106.0,location_exact_normalized,1.0,1.0,พนางตุง|5,matched
ควนขนุน,พนางตุง,6,partylist,election_day,483,455,25,3,1,0,0,1,1,0,1,0,0,41,0,209,5,0,1,0,0,4,0,0,0,0,0,0,148,0,0,2,3,0,1,0,0,0,0,0,2,1,1,5,7,0,0,1,0,1,0,0,1,13,2,1,0,2,0,0,0,1.0,278.0,ควนขนุน,พนางตุง,7.0,7,ศาลาประจ าหมู่บ้านบ้านค่าย,633.0,พัทลุง,อำเภอควนขนุน,พนางตุง,ศาลาประจำหมู่บ้านบ้านค่าย,7.767323999999999,100.08837,2.0,107.0,location_exact_normalized,1.0,1.0,พนางตุง|6,matched
ควนขนุน,พนางตุง,7,partylist,election_day,726,682,38,6,0,2,0,0,1,0,3,0,3,72,1,388,7,0,1,1,0,15,2,0,0,0,0,0,89,1,0,2,9,1,0,1,0,0,1,0,7,2,2,33,9,1,0,1,0,2,1,0,3,17,0,1,0,2,0,0,1,1.0,279.0,ควนขนุน,พนางตุง,8.0,8,ที่ท าการก านันต าบลพนางตุง,915.0,พัทลุง,อำเภอควนขนุน,พนางตุง,ที่ทำการกำนันตำบลพนางตุง,7.7801171,100.0898175,2.0,108.0,location_exact_normalized,1.0,1.0,พนางตุง|7,matched
ควนขนุน,พนางตุง,8,partylist,election_day,166,160,3,3,0,0,0,0,0,0,0,0,0,24,0,76,2,0,0,0,0,1,0,0,0,0,0,0,36,0,0,0,4,0,0,0,0,0,0,0,0,0,1,10,2,0,0,0,0,0,0,0,0,2,0,2,0,0,0,0,0,1.0,280.0,ควนขนุน,พนางตุง,9.0,9,ศาลาประจ าหมู่บ้านบ้านปากคลองเก่า,205.0,พัทลุง,อำเภอควนขนุน,พนางตุง,ศาลาประจำหมู่บ้านบ้านปากคลองเก่า,7.734145599999999,100.0256023,2.0,109.0,location_exact_normalized,1.0,1.0,พนางตุง|8,matched
ควนขนุน,พนางตุง,9,partylist,election_day,632,592,31,9,0,3,1,0,0,0,3,0,0,60,1,338,10,0,0,0,0,3,1,2,0,0,0,1,102,0,0,0,7,1,1,0,0,0,0,0,5,0,4,28,0,0,0,2,0,1,0,1,0,4,0,0,0,0,0,0,2,1.0,281.0,ควนขนุน,พนางตุง,10.0,10,โรงเรียนบ้านธรรมเถียร,785.0,พัทลุง,อำเภอควนขนุน,พนางตุง,โรงเรียนบ้านธรรมเถียร,7.789683200000001,100.0953331,2.0,110.0,location_exact_normalized,1.0,1.0,พนางตุง|9,matched
ควนขนุน,พนางตุง,10,partylist,election_day,338,324,8,6,0,0,1,1,0,0,2,0,1,22,0,188,3,0,1,0,0,1,0,0,0,0,1,0,84,0,0,0,4,0,0,1,0,0,0,0,0,0,0,9,0,1,0,0,0,0,1,0,0,2,0,0,0,1,0,0,0,1.0,282.0,ควนขนุน,พนางตุง,11.0,11,ศาลาประจ าหมู่บ้านบ้านไทรงาม,431.0,พัทลุง,อำเภอควนขนุน,พนางตุง,ศาลาประจำหมู่บ้านบ้านไทรงาม,7.7781796,100.118286,2.0,111.0,location_exact_normalized,1.0,1.0,พนางตุง|10,matched
ควนขนุน,พนางตุง,11,partylist,election_day,548,515,27,6,0,0,1,1,0,0,1,0,2,54,1,243,6,0,0,0,0,1,0,0,0,0,0,1,136,0,1,2,1,3,0,1,0,0,0,0,5,0,2,28,8,0,0,1,0,2,0,0,0,10,0,2,0,2,0,0,0,1.0,283.0,ควนขนุน,พนางตุง,12.0,12,ศาลาเฉลิมพระเกียรติบ้านปากห้วย,686.0,พัทลุง,อำเภอควนขนุน,พนางตุง,ศาลาเฉลิมพระเกียรติบ้านปากห้วย,7.7615069,100.1367166,2.0,112.0,location_exact_normalized,1.0,1.0,พนางตุง|11,matched
ควนขนุน,พนางตุง,12,partylist,election_day,510,466,34,10,0,0,0,0,1,0,1,0,0,89,1,161,1,1,0,0,0,4,0,0,0,1,1,0,110,0,2,0,4,0,0,1,0,0,0,0,3,0,0,63,7,1,0,0,0,0,1,1,0,6,0,0,0,6,0,0,0,1.0,284.0,ควนขนุน,พนางตุง,13.0,13,ศาลาอเนกประสงค์หมู่ที่ 13,645.0,พัทลุง,อำเภอควนขนุน,พนางตุง,ศาลาเอนกประสงค์ หมู่ที่ 13,7.7615069,100.1367166,2.0,113.0,location_fuzzy,0.9583,1.0,พนางตุง|12,matched
ควนขนุน,มะกอกเหนือ(เทศบาล),0,partylist,election_day,400,392,6,2,0,0,0,0,0,0,0,0,0,54,0,217,1,0,0,0,0,3,0,1,0,0,0,0,89,0,1,2,2,0,0,0,0,0,0,1,0,0,0,13,1,0,0,0,0,0,0,0,0,5,0,1,0,0,0,1,0,1.0,285.0,ควนขนุน,มะกอกเหนือ(เทศบาล),1.0,1,วัดประดู่เรียง,492.0,พัทลุง,ท้องถิ่นเทศบาลตำบลมะกอกเหนือ,มะกอกเหนือ,วัดประดู่เรียง,7.7391571,100.0863987,2.0,264.0,location_exact_normalized,1.0,1.0,มะกอกเหนือ(เทศบาล)|0,matched
ควนขนุน,มะกอกเหนือ(เทศบาล),1,partylist,election_day,307,296,4,7,0,1,0,1,0,0,3,0,0,33,1,154,0,0,0,0,1,1,0,1,0,0,0,0,69,1,0,0,1,0,0,0,0,0,0,0,1,0,1,13,2,0,0,0,0,0,0,1,0,4,0,1,0,6,0,0,0,1.0,286.0,ควนขนุน,มะกอกเหนือ(เทศบาล),2.0,1,อาคารศูนย์ออกก าลังกาย (Fitness) ทต.มะกอกเหนือ,412.0,พัทลุง,ท้องถิ่นเทศบาลตำบลมะกอกเหนือ,มะกอกเหนือ,อาคารศูนย์ออกกำลังกาย (Fitness) ทต.มะกอกเหนือ,7.7416636,100.0695367,2.0,265.0,location_exact_normalized,1.0,1.0,มะกอกเหนือ(เทศบาล)|1,matched
ควนขนุน,มะกอกเหนือ(เทศบาล),2,partylist,election_day,374,366,3,5,0,0,0,0,1,0,1,0,0,65,0,181,2,0,0,0,0,0,0,0,0,0,0,0,69,0,1,1,6,1,0,0,1,0,0,1,4,0,0,15,5,1,0,1,0,0,1,0,2,2,0,0,0,5,0,0,0,1.0,287.0,ควนขนุน,มะกอกเหนือ(เทศบาล),3.0,1,อาคารอเนกประสงค์ (ข้างศูนย์พัฒนาเด็กเล็กบ้านปากคลอง),563.0,พัทลุง,ท้องถิ่นเทศบาลตำบลมะกอกเหนือ,มะกอกเหนือ,อาคารอเนกประสงค์(ข้างศูนย์พัฒนาเด็กเล็กบ้านปากคลอง),7.736405899999999,100.0686586,2.0,266.0,location_exact_normalized,1.0,1.0,มะกอกเหนือ(เทศบาล)|2,matched
ควนขนุน,มะกอกเหนือ(เทศบาล),3,partylist,election_day,229,226,3,0,0,0,0,0,1,0,0,0,0,29,0,122,3,0,0,0,0,0,0,1,0,0,0,0,44,0,2,0,0,0,0,0,0,0,0,0,3,1,0,11,4,0,0,0,0,0,0,0,1,1,0,0,0,3,0,0,0,2.0,288.0,ควนขนุน,มะกอกเหนือ(เทศบาล),4.0,1,ศาลาเฉลิมพระเกียรติ ร.9,366.0,พัทลุง,ท้องถิ่นเทศบาลตำบลมะกอกเหนือ,มะกอกเหนือ,ศาลาเฉลิมพระเกียรติ ร.9,7.7416636,100.0695367,2.0,267.0,location_exact_normalized,1.0,1.0,มะกอกเหนือ(เทศบาล)|3,matched
ควนขนุน,มะกอกเหนือ,0,partylist,election_day,478,458,11,9,0,1,0,1,2,0,2,0,0,64,0,247,3,0,2,1,0,2,0,1,0,1,0,0,82,2,0,1,6,0,0,1,2,0,0,1,4,0,0,14,5,1,0,0,0,0,0,2,1,7,0,0,0,2,0,0,0,2.0,289.0,ควนขนุน,มะกอกเหนือ,1.0,1,โรงอาหารโรงเรียนประดู่เรียง,676.0,พัทลุง,อำเภอควนขนุน,มะกอกเหนือ,โรงอาหารโรงเรียนประดู่เรียง,7.7409914,100.0858852,2.0,91.0,location_exact_normalized,1.0,1.0,มะกอกเหนือ|0,matched
ควนขนุน,มะกอกเหนือ,1,partylist,election_day,93,90,1,2,0,0,0,0,0,0,0,0,0,15,0,36,1,0,1,0,0,0,0,0,0,0,0,0,27,0,0,1,0,1,0,0,0,0,0,0,1,0,1,3,0,0,0,0,0,0,0,0,0,2,0,0,0,1,0,0,0,2.0,290.0,ควนขนุน,มะกอกเหนือ,2.0,2,ศาลาประจ าหมู่บ้านบ้านปากคลองเก่า,127.0,พัทลุง,อำเภอควนขนุน,มะกอกเหนือ,ศาลาประจำหมู่บ้านบ้านปากคลองเก่า,7.739052,100.0712741,2.0,92.0,location_exact_normalized,1.0,1.0,มะกอกเหนือ|1,matched
ควนขนุน,มะกอกเหนือ,2,partylist,election_day,113,108,1,4,0,0,0,0,0,0,1,0,1,11,0,60,0,0,0,0,0,0,0,0,0,0,0,0,21,0,0,0,2,0,0,0,0,0,0,0,0,0,0,5,6,0,0,0,0,0,0,0,0,1,0,0,0,0,0,0,0,2.0,291.0,ควนขนุน,มะกอกเหนือ,3.0,3,ศาลาประจ าหมู่บ้านบ้านเขาอ้อ,132.0,พัทลุง,อำเภอควนขนุน,มะกอกเหนือ,ศาลาประจำหมู่บ้านบ้านเขาอ้อ,7.7544444,100.0663889,2.0,93.0,location_exact_normalized,1.0,1.0,มะกอกเหนือ|2,matched
ควนขนุน,มะกอกเหนือ,3,partylist,election_day,259,249,2,8,0,1,0,0,1,0,3,0,0,40,0,102,2,0,0,0,0,2,0,0,0,0,0,0,58,0,0,0,3,0,0,0,0,0,0,0,0,0,1,26,2,0,0,0,3,0,0,0,2,2,0,0,0,0,0,1,0,2.0,292.0,ควนขนุน,มะกอกเหนือ,4.0,4,ศาลาประจ าหมู่บ้านบ้านค่ายเสือ,329.0,พัทลุง,อำเภอควนขนุน,มะกอกเหนือ,ศาลาประจำหมู่บ้านบ้านค่ายเสือ,7.7416636,100.0695367,2.0,94.0,location_exact_normalized,1.0,1.0,มะกอกเหนือ|3,matched
ควนขนุน,มะกอกเหนือ,4,partylist,election_day,461,440,11,10,0,1,0,0,1,1,1,0,0,55,0,257,3,0,1,2,0,3,0,1,0,0,0,0,53,0,2,1,9,0,1,0,0,0,0,0,0,0,0,36,1,1,0,0,0,0,0,0,1,7,1,0,0,1,0,0,0,2.0,293.0,ควนขนุน,มะกอกเหนือ,5.0,5,ศาลาประจ าหมู่บ้านบ้านนาสวน,565.0,พัทลุง,อำเภอควนขนุน,มะกอกเหนือ,ศาลาประจำหมู่บ้านบ้านนาสวน,7.7416636,100.0695367,2.0,95.0,location_exact_normalized,1.0,1.0,มะกอกเหนือ|4,matched
ควนขนุน,มะกอกเหนือ,5,partylist,election_day,477,463,9,5,0,0,0,0,1,0,1,0,0,54,0,234,4,0,0,0,1,6,0,0,0,0,0,0,63,0,1,2,9,0,0,0,0,0,0,0,4,1,0,59,3,4,0,0,0,0,0,1,1,6,0,1,0,5,0,1,1,2.0,294.0,ควนขนุน,มะกอกเหนือ,6.0,6,ศาลาเอนกประสงค์โรงเรียนวัดบ้านสวน,663.0,พัทลุง,อำเภอควนขนุน,มะกอกเหนือ,ศาลาเอนกประสงค์โรงเรียนวัดบ้านสวน,7.734133699999999,100.0518935,2.0,96.0,location_exact_normalized,1.0,1.0,มะกอกเหนือ|5,matched
ควนขนุน,มะกอกเหนือ,6,partylist,election_day,485,466,8,11,0,1,0,0,1,0,2,0,0,73,1,233,3,0,1,0,0,1,0,0,0,0,0,0,74,0,1,0,6,0,0,0,0,0,0,0,5,0,0,48,5,0,0,1,1,1,0,1,1,1,0,1,0,3,0,1,0,2.0,295.0,ควนขนุน,มะกอกเหนือ,7.0,6,ศาลาการเปรียญวัดบ้านสวน,607.0,พัทลุง,อำเภอควนขนุน,มะกอกเหนือ,ศาลาการเปรียญวัดบ้านสวน,7.7335541,100.051063,2.0,97.0,location_exact_normalized,1.0,1.0,มะกอกเหนือ|6,matched
ควนขนุน,มะกอกเหนือ,7,partylist,election_day,420,405,10,5,0,2,0,1,0,0,1,0,0,39,0,189,0,0,0,0,0,4,1,0,0,0,0,1,100,1,0,2,3,0,0,0,1,0,0,0,4,0,0,42,5,0,0,0,0,0,1,1,0,5,0,0,0,2,0,0,0,2.0,296.0,ควนขนุน,มะกอกเหนือ,8.0,7,วัดมะกอกเหนือ,510.0,พัทลุง,อำเภอควนขนุน,มะกอกเหนือ,วัดมะกอกเหนือ,7.713126,100.086706,2.0,98.0,location_exact_normalized,1.0,1.0,มะกอกเหนือ|7,matched
ควนขนุน,มะกอกเหนือ,8,partylist,election_day,413,399,9,5,0,1,0,0,0,0,0,0,3,38,0,200,2,1,2,0,0,2,1,0,0,0,0,0,85,0,0,1,11,0,0,0,0,0,0,1,2,1,0,29,12,0,0,1,0,0,0,1,0,3,0,0,0,1,0,0,1,2.0,297.0,ควนขนุน,มะกอกเหนือ,9.0,8,ศาลาประจ าหมู่บ้านบ้านดอนศาลา,530.0,พัทลุง,อำเภอควนขนุน,มะกอกเหนือ,ศาลาประจำหมู่บ้านบ้านดอนศาลา,7.755263100000001,100.0397776,2.0,99.0,location_exact_normalized,1.0,1.0,มะกอกเหนือ|8,matched
ควนขนุน,มะกอกเหนือ,9,partylist,election_day,162,153,6,3,0,1,0,0,0,0,1,0,1,26,0,65,5,0,0,0,0,1,0,0,0,0,0,0,18,0,1,2,5,2,0,0,0,0,0,0,0,0,1,17,2,1,0,0,0,0,0,0,1,2,0,0,0,0,0,1,0,2.0,298.0,ควนขนุน,มะกอกเหนือ,10.0,9,ที่อ่านหนังสือประจ าหมู่บ้านบ้านไสเลียบ,209.0,พัทลุง,อำเภอควนขนุน,มะกอกเหนือ,ที่อ่านหนังสือประจำหมู่บ้านบ้านไสเลียบ,7.7416636,100.0695367,2.0,100.0,location_exact_normalized,1.0,1.0,มะกอกเหนือ|9,matched
ป่าพะยอม,ลานข่อย,0,partylist,election_day,328,311,14,3,0,0,0,0,0,0,1,0,0,51,0,177,2,0,2,0,0,5,0,0,0,0,0,0,35,2,0,0,5,0,0,0,0,0,0,0,0,0,2,17,5,0,1,0,0,0,1,0,1,3,0,0,0,1,0,0,0,5.0,424.0,ป่าพะยอม,ลานข่อย,1.0,1,ศาลาประจ าหมู่บ้านบ้านลานข่อย,440.0,พัทลุง,ท้องถิ่นเทศบาลตำบลลานข่อย,ลานข่อย,ศาลาประจำหมู่บ้านบ้านลานข่อย,7.8872993,99.8553365,2.0,254.0,location_exact_normalized,1.0,1.0,ลานข่อย|0,matched
ป่าพะยอม,ลานข่อย,1,partylist,election_day,438,422,9,7,0,2,0,0,4,0,2,0,0,58,1,237,5,0,0,0,0,7,0,0,0,0,1,0,58,5,2,2,4,0,0,1,0,0,0,2,2,0,2,20,2,0,0,0,0,2,0,0,0,2,0,1,0,0,0,0,0,5.0,425.0,ป่าพะยอม,ลานข่อย,2.0,1,ศาลาการเปรียญวัดลานข่อย,580.0,พัทลุง,ท้องถิ่นเทศบาลตำบลลานข่อย,ลานข่อย,ศาลาการเปรียญวัดลานข่อย,7.8875764,99.87482,2.0,255.0,location_exact_normalized,1.0,1.0,ลานข่อย|1,matched
ป่าพะยอม,ลานข่อย,2,partylist,election_day,361,347,11,3,0,0,0,0,0,0,2,0,0,44,0,187,3,0,1,0,0,5,0,0,0,1,0,1,76,1,2,0,1,0,0,1,0,0,0,0,0,1,0,11,1,0,0,0,0,0,0,0,1,5,0,1,0,1,0,0,1,5.0,426.0,ป่าพะยอม,ลานข่อย,3.0,2,ศาลาประจ าหมู่บ้านบ้านห้วยหลุด,978.0,พัทลุง,ท้องถิ่นเทศบาลตำบลลานข่อย,ลานข่อย,ศาลาประจำหมู่บ้านบ้านห้วยหลุด,7.8553141,99.8013351,2.0,256.0,location_exact_normalized,1.0,1.0,ลานข่อย|2,matched
ป่าพะยอม,ลานข่อย,3,partylist,election_day,355,341,10,4,0,0,0,0,0,0,2,0,0,29,0,212,1,0,0,0,0,1,0,0,0,0,0,0,44,0,0,0,3,0,0,0,0,0,0,0,1,1,0,32,6,0,0,0,0,0,1,0,0,5,0,1,0,2,0,0,0,5.0,427.0,ป่าพะยอม,ลานข่อย,4.0,3,ศาลาประจ าหมู่บ้านบ้านทุ่งชุมพล,921.0,พัทลุง,ท้องถิ่นเทศบาลตำบลลานข่อย,ลานข่อย,ศาลาประจำหมู่บ้านบ้านทุ่งชุมพล,7.8808168,99.8327582,2.0,257.0,location_exact_normalized,1.0,1.0,ลานข่อย|3,matched
ป่าพะยอม,ลานข่อย,4,partylist,election_day,365,350,13,2,0,0,0,1,1,0,0,0,1,32,1,238,3,0,0,0,0,7,0,1,0,0,1,0,30,0,1,2,5,0,1,0,1,0,0,0,3,1,2,13,2,0,0,0,0,0,1,0,0,1,0,1,0,0,0,0,0,6.0,428.0,ป่าพะยอม,ลานข่อย,5.0,4,ศาลาประจ าหมู่บ้านบ้านห้วยเรียน,842.0,พัทลุง,ท้องถิ่นเทศบาลตำบลลานข่อย,ลานข่อย,ศาลาประจำหมู่บ้านบ้านห้วยเรียน,7.821256099999999,99.8794744,2.0,258.0,location_exact_normalized,1.0,1.0,ลานข่อย|4,matched
ป่าพะยอม,ลานข่อย,5,partylist,election_day,364,356,6,2,0,0,0,0,0,0,3,0,0,39,0,226,2,0,1,0,0,1,0,0,0,0,0,1,36,0,1,1,4,0,1,0,0,0,0,0,0,1,2,19,10,0,0,0,0,0,2,0,0,2,0,3,0,0,0,1,0,6.0,429.0,ป่าพะยอม,ลานข่อย,6.0,5,ศาลาประจ าหมู่บ้านบ้านถ ้าลา,488.0,พัทลุง,ท้องถิ่นเทศบาลตำบลลานข่อย,ลานข่อย,ศาลาประจำหมู่บ้านบ้านถ้ำลา,7.852371,99.797831,2.0,259.0,location_exact_normalized,1.0,1.0,ลานข่อย|5,matched
ป่าพะยอม,ลานข่อย,6,partylist,election_day,628,600,22,6,0,3,0,0,3,0,2,0,1,66,0,394,11,0,0,0,0,9,0,0,0,2,0,0,46,0,0,1,3,0,1,1,0,0,0,0,4,0,3,29,5,0,0,1,1,1,0,0,1,6,0,1,0,2,1,1,1,6.0,430.0,ป่าพะยอม,ลานข่อย,7.0,6,ศาลาประจ าหมู่บ้านบ้านมาดนั่ง,611.0,พัทลุง,ท้องถิ่นเทศบาลตำบลลานข่อย,ลานข่อย,ศาลาประจำหมู่บ้านบ้านมาดนั่ง,7.8553141,99.8013351,2.0,260.0,location_exact_normalized,1.0,1.0,ลานข่อย|6,matched
ป่าพะยอม,ลานข่อย,7,partylist,election_day,361,349,7,5,0,0,2,0,3,0,1,1,0,32,1,223,1,0,2,0,0,5,0,0,0,0,0,0,38,0,0,0,3,1,0,0,0,0,0,0,4,0,2,20,3,2,0,0,0,0,0,0,0,1,0,1,0,2,0,1,0,6.0,431.0,ป่าพะยอม,ลานข่อย,8.0,7,ศาลาประจ าหมู่บ้านบ้านห้วยศรีเกษร,637.0,พัทลุง,ท้องถิ่นเทศบาลตำบลลานข่อย,ลานข่อย,ศาลาประจำหมู่บ้านบ้านห้วยศรีเกษร,7.8684401,99.902977,2.0,261.0,location_exact_normalized,1.0,1.0,ลานข่อย|7,matched
ป่าพะยอม,ลานข่อย,8,partylist,election_day,513,488,17,8,0,2,0,0,2,0,0,0,0,80,2,291,3,0,0,0,0,4,1,0,0,1,0,1,54,1,0,3,2,1,0,1,0,0,0,0,0,3,1,19,4,0,0,0,0,1,0,2,0,9,0,0,0,0,0,0,0,6.0,432.0,ป่าพะยอม,ลานข่อย,9.0,8,ศาลาประจ าหมู่บ้านบ้านห้วยร าพึง,407.0,พัทลุง,ท้องถิ่นเทศบาลตำบลลานข่อย,ลานข่อย,ศาลาประจำหมู่บ้านบ้านห้วยรำพึง,7.8553141,99.8013351,2.0,262.0,location_exact_normalized,1.0,1.0,ลานข่อย|8,matched
ป่าพะยอม,ลานข่อย,9,partylist,election_day,507,489,11,7,0,2,0,0,1,0,3,0,0,66,0,282,8,0,1,0,0,3,1,0,0,0,0,0,74,0,0,1,4,0,1,0,0,0,0,0,7,1,0,10,7,1,0,0,1,0,0,1,0,10,0,0,0,3,0,0,1,6.0,433.0,ป่าพะยอม,ลานข่อย,10.0,9,ศาลาประจ าหมู่บ้านบ้านควนยาว,764.0,พัทลุง,ท้องถิ่นเทศบาลตำบลลานข่อย,ลานข่อย,ศาลาประจำหมู่บ้านบ้านควนยาว,7.8553141,99.8013351,2.0,263.0,location_exact_normalized,1.0,1.0,ลานข่อย|9,matched
ป่าพะยอม,ลานข่อย,10,partylist,election_day,342,336,6,0,0,0,0,0,0,0,1,0,1,45,0,219,6,0,0,0,0,2,0,0,0,0,0,0,28,1,0,2,1,1,1,1,3,0,0,0,0,0,0,16,1,1,0,0,0,0,0,0,1,3,0,1,0,1,0,0,0,,,,,,,,,,,,,,,,,,,,,unmatched
ป่าพะยอม,ลานข่อย,11,partylist,election_day,595,572,13,10,0,0,0,1,1,0,3,0,0,46,1,375,7,0,0,0,0,10,0,0,0,1,0,0,32,0,0,2,3,0,0,0,0,0,0,1,5,1,1,57,9,1,0,0,0,2,1,0,1,9,0,1,0,1,0,0,0,,,,,,,,,,,,,,,,,,,,,unmatched
ศรีนครินทร์,ลำสินธ์ุ,0,partylist,election_day,561,533,11,17,0,2,0,1,1,0,0,0,0,97,0,252,6,0,2,1,0,6,0,0,0,0,0,0,52,0,0,2,9,0,0,1,0,0,0,0,6,0,0,75,4,1,0,2,2,0,1,4,2,3,0,0,0,0,0,0,1,,,,,,,,,,,,,,,,,,,,,unmatched
ศรีนครินทร์,ลำสินธ์ุ,1,partylist,election_day,399,380,15,4,0,0,0,0,1,0,1,0,0,55,0,202,2,0,0,0,0,6,0,0,0,0,0,0,60,0,2,1,5,0,1,0,1,1,0,1,1,0,0,28,5,1,0,0,0,1,0,0,0,5,0,0,0,0,0,0,0,,,,,,,,,,,,,,,,,,,,,unmatched
ศรีนครินทร์,ลำสินธ์ุ,2,partylist,election_day,536,508,28,0,1,0,0,0,5,0,0,0,0,95,0,271,6,0,1,0,0,4,0,0,0,0,0,0,38,0,1,1,1,0,0,0,0,0,0,0,5,0,0,59,3,1,0,0,0,0,0,0,2,10,0,2,0,1,0,1,0,,,,,,,,,,,,,,,,,,,,,unmatched
ศรีนครินทร์,ลำสินธ์ุ,3,partylist,election_day,221,209,10,2,0,0,0,0,0,0,0,0,0,26,0,101,3,0,0,0,1,4,0,0,0,0,2,0,27,0,1,0,3,0,0,0,1,0,0,0,1,0,0,31,0,3,0,0,0,1,0,0,1,3,0,0,0,0,0,0,0,,,,,,,,,,,,,,,,,,,,,unmatched
ศรีนครินทร์,ลำสินธ์ุ,4,partylist,election_day,417,401,14,2,0,2,0,0,1,0,1,0,0,29,0,271,4,0,1,0,0,9,0,1,0,0,0,0,38,0,0,1,5,1,1,0,0,0,0,0,3,1,1,17,2,1,0,0,1,0,0,1,3,3,0,2,0,1,0,0,0,,,,,,,,,,,,,,,,,,,,,unmatched
ศรีนครินทร์,ลำสินธ์ุ,5,partylist,election_day,591,567,19,5,0,1,1,0,0,0,2,0,0,59,0,388,3,0,1,0,0,7,1,1,1,1,0,0,39,0,2,1,3,0,1,0,0,0,0,0,2,0,2,30,9,1,0,0,0,0,0,1,2,8,0,0,0,0,0,0,0,,,,,,,,,,,,,,,,,,,,,unmatched
ศรีนครินทร์,ลำสินธ์ุ,6,partylist,election_day,604,567,33,4,0,0,0,0,6,0,0,0,0,32,0,389,5,1,0,0,0,9,0,1,2,1,0,0,52,0,1,2,1,1,0,0,0,0,0,0,6,0,3,23,4,1,0,3,0,2,1,0,4,13,0,2,0,1,1,0,0,,,,,,,,,,,,,,,,,,,,,unmatched
ศรีนครินทร์,ลำสินธ์ุ,7,partylist,election_day,563,535,17,11,0,1,0,0,1,1,1,0,1,86,0,294,7,0,1,0,0,6,0,0,0,0,0,0,49,0,2,4,5,2,0,1,0,0,0,0,2,3,0,47,3,1,1,0,0,1,0,0,0,4,0,0,0,8,1,2,0,,,,,,,,,,,,,,,,,,,,,unmatched
ศรีนครินทร์,ลำสินธ์ุ,8,partylist,election_day,233,214,19,0,0,2,0,0,1,0,0,0,0,37,0,97,4,0,2,0,0,5,0,0,0,0,0,0,30,0,0,1,3,0,1,0,0,0,0,1,1,0,1,22,3,0,0,0,0,0,0,0,0,1,0,0,0,2,0,0,0,,,,,,,,,,,,,,,,,,,,,unmatched
กงหรา2,สมหวัง,0,partylist,election_day,316,301,9,6,0,6,0,1,2,0,0,0,0,41,0,189,3,0,1,0,0,2,0,0,0,0,0,0,32,0,1,0,1,0,0,0,0,0,0,0,5,0,3,6,3,0,0,0,0,1,0,0,0,0,0,0,0,2,0,2,0,8.0,508.0,กงหรา,สมหวัง,1.0,1,ศาลาประจ าหมู่บ้านบ้านคลองล า,386.0,พัทลุง,อำเภอกงหรา,สมหวัง,ศาลาประจำหมู่บ้านบ้านคลองลำ,7.5077431,100.0024084,2.0,0.0,location_exact_normalized,1.0,1.0,สมหวัง|0,matched
กงหรา2,สมหวัง,1,partylist,election_day,665,631,23,11,0,1,0,0,2,0,2,1,2,67,0,446,4,0,0,0,0,4,0,0,0,0,0,0,47,0,0,3,6,0,0,0,1,0,0,0,4,0,2,19,8,0,0,1,1,1,1,1,2,3,0,0,0,2,0,0,0,8.0,509.0,กงหรา,สมหวัง,2.0,2,ศาลาประชาร่วมใจ (ช่องเตย),778.0,พัทลุง,อำเภอกงหรา,สมหวัง,ศาลาประชาร่วมใจ (ช่องเตย),7.5077431,100.0024084,2.0,1.0,location_exact_normalized,1.0,1.0,สมหวัง|1,matched
กงหรา2,สมหวัง,2,partylist,election_day,396,376,18,2,0,4,0,0,3,0,2,0,0,40,0,230,5,0,1,0,0,2,0,0,0,0,0,0,53,0,0,1,0,0,0,1,0,0,0,0,5,0,0,18,6,1,0,0,0,1,0,1,1,1,0,0,0,0,0,0,0,8.0,510.0,กงหรา,สมหวัง,3.0,3,ศาลาประจ าหมู่บ้านบ้านสมหวังตก,508.0,พัทลุง,อำเภอกงหรา,สมหวัง,ศาลาประจำหมู่บ้านบ้านสมหวังตก,7.52108,100.008,2.0,2.0,location_exact_normalized,1.0,1.0,สมหวัง|2,matched
กงหรา2,สมหวัง,3,partylist,election_day,358,322,31,5,0,0,0,0,1,0,0,0,0,29,0,198,3,0,1,1,1,4,0,0,0,0,0,0,40,1,0,2,2,1,0,1,1,1,0,0,2,1,2,12,4,3,0,0,0,0,1,1,0,5,0,1,1,0,2,0,0,8.0,511.0,กงหรา,สมหวัง,4.0,4,โรงเรียนวัดหวัง,478.0,พัทลุง,อำเภอกงหรา,สมหวัง,โรงเรียนวัดหวัง,7.5076504,99.9837692,2.0,3.0,location_exact_normalized,1.0,1.0,สมหวัง|3,matched
กงหรา2,สมหวัง,4,partylist,election_day,413,394,9,10,1,1,0,0,1,1,1,0,0,50,0,230,7,0,0,0,0,3,0,0,0,0,0,0,58,0,1,3,3,0,0,1,0,0,0,0,4,0,0,21,0,2,0,0,0,1,0,1,0,3,0,0,0,1,0,0,0,8.0,512.0,กงหรา,สมหวัง,5.0,4,ศาลาการเปรียญวัดสมหวัง,483.0,พัทลุง,อำเภอกงหรา,สมหวัง,ศาลาการเปรียญวัดสมหวัง,7.507084499999999,99.9848915,2.0,4.0,location_exact_normalized,1.0,1.0,สมหวัง|4,matched
กงหรา2,สมหวัง,5,partylist,election_day,374,347,16,11,0,0,1,0,1,0,2,0,0,43,0,239,0,0,1,1,0,1,0,1,0,1,0,0,19,1,0,3,3,0,1,0,0,0,1,0,3,0,3,10,3,1,0,1,0,0,1,0,1,3,0,0,0,1,1,0,0,8.0,513.0,กงหรา,สมหวัง,6.0,5,ศาลาประจ าหมู่บ้านบ้านไสคุณเปลือย,464.0,พัทลุง,อำเภอกงหรา,สมหวัง,ศาลาประจำหมู่บ้านบ้านไสคุณเปลือย,7.4978326,100.015403,2.0,5.0,location_exact_normalized,1.0,1.0,สมหวัง|5,matched
กงหรา2,สมหวัง,6,partylist,election_day,427,404,19,4,0,2,1,0,1,0,1,0,1,37,0,289,3,0,0,1,0,6,0,0,0,0,0,0,36,1,0,1,3,0,0,0,0,0,0,0,4,0,1,7,0,0,0,0,0,0,0,1,3,2,0,1,0,2,0,0,0,8.0,514.0,กงหรา,สมหวัง,7.0,6,ศาลาประจ าหมู่บ้านบ้านพรุนาแด้,526.0,พัทลุง,อำเภอกงหรา,สมหวัง,ศาลาประจำหมู่บ้านบ้านพรุนาแด้,7.4922222,100.0025,2.0,6.0,location_exact_normalized,1.0,1.0,สมหวัง|6,matched
กงหรา2,สมหวัง,7,partylist,election_day,197,187,4,6,0,1,0,0,1,0,0,0,0,19,1,131,1,0,0,0,0,1,0,0,1,0,0,0,16,4,0,0,1,0,1,0,0,0,0,0,0,1,0,2,4,0,0,0,0,1,0,0,0,1,0,0,0,0,0,0,0,8.0,515.0,กงหรา,สมหวัง,8.0,7,ศาลาประจ าหมู่บ้านบ้านทุ่งเลียบ,234.0,พัทลุง,อำเภอกงหรา,สมหวัง,ศาลาประจำหมู่บ้านบ้านทุ่งเลียบ,7.550502400000001,100.0024084,2.0,7.0,location_exact_normalized,1.0,1.0,สมหวัง|7,matched
ศรีนครินทร์,อ่างทอง,0,partylist,election_day,450,421,22,7,0,2,1,1,1,0,6,0,0,51,0,246,3,0,1,1,0,5,1,0,0,1,0,0,53,0,0,4,4,0,0,0,0,0,0,1,3,0,3,19,2,5,0,0,0,1,0,0,2,3,0,0,0,1,0,0,0,7.0,473.0,ศรีนครินทร์,อ่างทอง,1.0,1,ศาลาประจ าหมู่บ้านบ้านประดู่,535.0,พัทลุง,อำเภอศรีนครินทร์,อ่างทอง,ศาลาประจำหมู่บ้านบ้านประดู่,7.5629896,99.9241575,2.0,201.0,location_exact_normalized,1.0,1.0,อ่างทอง|0,matched
ศรีนครินทร์,อ่างทอง,1,partylist,election_day,379,366,10,3,0,2,0,1,0,0,2,0,0,65,0,223,2,0,2,0,0,1,1,0,0,0,0,0,36,0,1,0,4,1,1,1,1,0,0,1,0,0,1,6,8,0,0,1,0,0,0,1,0,3,0,1,0,0,0,0,0,7.0,474.0,ศรีนครินทร์,อ่างทอง,2.0,2,ศาลาอเนกประสงค์บ้านสวนหลวง,490.0,พัทลุง,อำเภอศรีนครินทร์,อ่างทอง,ศาลาอเนกประสงค์บ้านสวนหลวง,7.5564909,99.9744535,2.0,202.0,location_exact_normalized,1.0,1.0,อ่างทอง|1,matched
ศรีนครินทร์,อ่างทอง,2,partylist,election_day,498,476,16,6,1,0,0,1,0,0,5,0,0,49,0,324,4,0,0,0,0,2,0,0,0,0,0,0,36,2,1,3,4,0,0,0,0,0,0,0,4,0,2,18,7,0,0,1,0,0,1,0,2,7,0,0,0,2,0,0,0,7.0,475.0,ศรีนครินทร์,อ่างทอง,3.0,3,ศาลาประจ าหมู่บ้านบ้านอ่างทอง,618.0,พัทลุง,อำเภอศรีนครินทร์,อ่างทอง,ศาลาประจำหมู่บ้านบ้านอ่างทอง,7.5564909,99.9744535,2.0,203.0,location_exact_normalized,1.0,1.0,อ่างทอง|2,matched
ศรีนครินทร์,อ่างทอง,3,partylist,election_day,538,516,14,8,1,1,0,0,2,0,1,0,0,2,1,308,4,0,0,2,0,2,0,0,0,0,0,0,117,0,1,1,5,0,0,0,0,0,0,42,0,2,0,12,4,1,0,1,0,0,0,0,0,6,0,0,0,0,0,0,0,7.0,476.0,ศรีนครินทร์,อ่างทอง,4.0,4,ศาลาอเนกประสงค์บ้านโหล๊ะหนุน,676.0,พัทลุง,อำเภอศรีนครินทร์,อ่างทอง,ศาลาอเนกประสงค์บ้านโหล๊ะหนุน,7.5505741,99.9603319,2.0,204.0,location_exact_normalized,1.0,1.0,อ่างทอง|3,matched
ศรีนครินทร์,อ่างทอง,4,partylist,election_day,300,295,5,0,0,0,1,2,2,0,5,0,0,23,0,165,2,0,0,1,0,3,0,2,0,0,0,0,33,1,1,1,16,0,0,0,0,0,0,0,1,0,3,22,3,0,0,0,0,2,0,1,0,5,0,0,0,0,0,0,0,7.0,477.0,ศรีนครินทร์,อ่างทอง,5.0,5,ศาลาเอนกประสงค์บ้านปากแพรก,347.0,พัทลุง,อำเภอศรีนครินทร์,อ่างทอง,ศาลาอเนกประสงค์บ้านปากแพรก,7.5564909,99.9744535,2.0,205.0,location_fuzzy,0.9615,1.0,อ่างทอง|4,matched
ศรีนครินทร์,อ่างทอง,5,partylist,election_day,223,217,3,3,1,0,0,0,0,0,3,0,2,17,0,138,1,0,0,0,0,0,1,0,0,0,0,0,21,0,0,1,0,0,0,0,0,0,0,0,2,0,3,9,3,1,0,0,0,1,0,0,2,9,0,1,0,0,0,1,0,7.0,478.0,ศรีนครินทร์,อ่างทอง,6.0,6,ศาลาประจ าหมู่บ้านบ้านเกาะเหรียง,272.0,พัทลุง,อำเภอศรีนครินทร์,อ่างทอง,ศาลาประจำหมู่บ้านบ้านเกาะเหรียง,7.5629896,99.9241575,2.0,206.0,location_exact_normalized,1.0,1.0,อ่างทอง|5,matched
ศรีนครินทร์,อ่างทอง,6,partylist,election_day,299,282,10,7,0,4,0,0,0,0,10,0,0,45,0,157,3,0,0,0,0,2,0,1,0,0,0,0,32,0,0,0,9,0,0,0,0,0,0,0,1,0,0,14,1,1,0,0,0,0,0,0,0,1,0,0,0,1,0,0,0,7.0,479.0,ศรีนครินทร์,อ่างทอง,7.0,7,ศาลาเอนกประสงค์บ้านต้นตอ,389.0,พัทลุง,อำเภอศรีนครินทร์,อ่างทอง,ศาลาอเนกประสงค์บ้านต้นตอ,7.5564909,99.9744535,2.0,207.0,location_fuzzy,0.9583,1.0,อ่างทอง|6,matched
ศรีนครินทร์,อ่างทอง,7,partylist,election_day,250,229,21,0,0,0,0,0,1,0,0,0,0,28,0,135,2,0,0,0,0,2,0,2,0,0,0,0,24,0,0,0,3,0,0,0,0,0,0,0,2,1,0,22,2,0,0,0,0,0,0,0,1,4,0,0,0,0,0,0,0,7.0,480.0,ศรีนครินทร์,อ่างทอง,8.0,8,ศาลาอเนกประสงค์บ้านเกาะขัน,279.0,พัทลุง,อำเภอศรีนครินทร์,อ่างทอง,ศาลาอเนกประสงค์บ้านเกาะขัน,7.5564909,99.9744535,2.0,208.0,location_exact_normalized,1.0,1.0,อ่างทอง|7,matched
ป่าพะยอม,เกาะเต่า,0,partylist,election_day,530,495,26,9,0,0,0,0,1,0,1,0,0,56,0,282,7,0,0,0,0,10,2,0,0,0,0,0,63,1,0,1,4,0,0,0,1,1,1,0,2,2,6,31,2,1,0,1,0,2,2,1,0,13,0,1,0,0,0,0,0,4.0,390.0,ป่าพะยอม,เกาะเต่า,1.0,1,ศาลาประจ าหมู่บ้านบ้านไร่เจ็ดสิบ,621.0,พัทลุง,อำเภอป่าพะยอม,เกาะเต่า,ศาลาประจำหมู่บ้านบ้านไร่เจ็ดสิบ,7.8113025,99.8459774,2.0,175.0,location_exact_normalized,1.0,1.0,เกาะเต่า|0,matched
ป่าพะยอม,เกาะเต่า,1,partylist,election_day,334,320,9,5,0,4,0,0,0,0,1,0,0,36,0,208,1,0,0,0,0,4,0,0,0,0,0,0,38,0,0,1,7,0,0,0,0,0,0,0,0,0,0,11,5,0,0,0,0,0,0,0,0,3,0,0,0,1,0,0,0,4.0,391.0,ป่าพะยอม,เกาะเต่า,2.0,2,ศาลาประจ าหมู่บ้านบ้านห้วยกรวด,408.0,พัทลุง,อำเภอป่าพะยอม,เกาะเต่า,ศาลาประจำหมู่บ้านบ้านห้วยกรวด,7.8554397,99.9101915,2.0,176.0,location_exact_normalized,1.0,1.0,เกาะเต่า|1,matched
ป่าพะยอม,เกาะเต่า,2,partylist,election_day,339,327,5,7,0,2,0,0,1,0,0,0,0,37,1,221,3,0,1,0,0,1,0,0,0,0,0,0,32,1,1,0,2,0,0,0,1,0,0,0,2,1,0,11,5,0,1,0,0,0,0,0,0,2,0,1,0,0,0,0,0,4.0,392.0,ป่าพะยอม,เกาะเต่า,3.0,3,ศาลาประจ าหมู่บ้านบ้านบางหล่อ,462.0,พัทลุง,อำเภอป่าพะยอม,เกาะเต่า,ศาลาประจำหมู่บ้านบ้านบางหล่อ,7.791444299999999,99.8295765,2.0,177.0,location_exact_normalized,1.0,1.0,เกาะเต่า|2,matched
ป่าพะยอม,เกาะเต่า,3,partylist,election_day,556,532,14,10,0,3,0,0,1,0,1,0,0,67,0,344,5,0,0,0,0,4,0,0,0,0,0,0,52,0,1,5,7,0,0,0,1,0,0,0,2,0,0,21,6,0,0,0,1,1,0,0,1,7,0,1,0,1,0,0,0,5.0,393.0,ป่าพะยอม,เกาะเต่า,4.0,3,ศูนย์สาธิตการตลาดบ้านบางหล่อ,660.0,พัทลุง,อำเภอป่าพะยอม,เกาะเต่า,ศูนย์สาธิตการตลาดบ้านบางหล่อ,7.791444299999999,99.8295765,2.0,178.0,location_exact_normalized,1.0,1.0,เกาะเต่า|3,matched
ป่าพะยอม,เกาะเต่า,4,partylist,election_day,381,370,6,5,0,0,0,0,3,0,2,0,0,46,0,216,4,0,0,0,0,4,0,0,0,1,0,0,63,0,2,1,6,0,0,0,0,0,0,0,4,0,0,10,1,2,0,0,0,1,0,0,0,2,0,0,0,0,0,2,0,5.0,394.0,ป่าพะยอม,เกาะเต่า,5.0,4,ศาลาประจ าหมู่บ้านบ้านคลองใหญ่,1005.0,พัทลุง,อำเภอป่าพะยอม,เกาะเต่า,ศาลาประจำหมู่บ้านบ้านคลองใหญ่,7.8265429,99.8689005,2.0,179.0,location_exact_normalized,1.0,1.0,เกาะเต่า|4,matched
ป่าพะยอม,เกาะเต่า,5,partylist,election_day,411,390,13,8,0,0,0,0,0,0,1,0,0,48,2,240,3,1,0,0,0,0,0,0,0,0,0,0,57,0,0,3,5,0,0,0,0,0,0,0,2,0,1,15,3,0,0,0,0,0,0,1,0,4,0,0,0,2,0,2,0,5.0,395.0,ป่าพะยอม,เกาะเต่า,6.0,5,ศาลาประจ าหมู่บ้านบ้านไสเลียบ,473.0,พัทลุง,อำเภอป่าพะยอม,เกาะเต่า,ศาลาประจำหมู่บ้านบ้านไสเลียบ,7.8321524,99.8957282,2.0,180.0,location_exact_normalized,1.0,1.0,เกาะเต่า|5,matched
ป่าพะยอม,เกาะเต่า,6,partylist,election_day,352,340,8,4,0,1,0,0,0,0,0,0,0,42,0,219,0,0,0,0,0,1,0,0,0,0,0,0,42,0,1,0,6,0,0,1,0,0,1,0,3,0,0,4,7,0,0,0,0,3,0,0,1,7,0,0,0,1,0,0,0,5.0,396.0,ป่าพะยอม,เกาะเต่า,7.0,5,ศูนย์เรียนรู้บ้านไสเลียบ,623.0,พัทลุง,อำเภอป่าพะยอม,เกาะเต่า,ศูนย์เรียนรู้บ้านไสเลียบ,7.8321524,99.8957282,2.0,181.0,location_exact_normalized,1.0,1.0,เกาะเต่า|6,matched
ป่าพะยอม,เกาะเต่า,7,partylist,election_day,500,492,6,2,1,1,0,0,2,0,2,0,0,69,2,274,6,0,0,0,0,5,0,0,0,0,0,0,67,0,2,2,10,1,0,0,1,0,0,0,4,1,0,18,5,2,0,2,0,0,1,0,1,9,0,1,0,3,0,0,0,5.0,397.0,ป่าพะยอม,เกาะเต่า,8.0,6,ศาลาประจ าหมู่บ้านบ้านปากเหมือง,555.0,พัทลุง,อำเภอป่าพะยอม,เกาะเต่า,ศาลาประจำหมู่บ้านบ้านปากเหมือง,7.77781,99.8342437,2.0,182.0,location_exact_normalized,1.0,1.0,เกาะเต่า|7,matched
ป่าพะยอม,เกาะเต่า,8,partylist,election_day,424,403,12,9,0,0,0,0,2,0,1,0,0,41,0,228,10,0,0,0,0,3,0,1,0,1,0,0,65,0,2,1,3,0,0,0,0,0,0,0,3,0,2,27,6,0,0,1,0,2,0,1,1,2,0,0,0,0,0,0,0,5.0,398.0,ป่าพะยอม,เกาะเต่า,9.0,7,ศาลาประจ าหมู่บ้านบ้านประชาสามัคคี,477.0,พัทลุง,อำเภอป่าพะยอม,เกาะเต่า,ศาลาประจำหมู่บ้านบ้านประชาสามัคคี,7.7700709,99.8878507,2.0,183.0,location_exact_normalized,1.0,1.0,เกาะเต่า|8,matched
ป่าพะยอม,เกาะเต่า,9,partylist,election_day,380,364,11,5,1,4,0,0,0,0,2,0,1,65,0,184,10,0,0,0,0,4,1,0,0,0,0,0,42,0,1,0,7,0,0,1,0,0,0,0,3,0,0,23,5,0,0,0,0,1,1,0,1,6,0,0,0,1,0,0,0,5.0,399.0,ป่าพะยอม,เกาะเต่า,10.0,8,ศาลาประจ าหมู่บ้านบ้านหน าวัว,621.0,พัทลุง,อำเภอป่าพะยอม,เกาะเต่า,ศาลาประจำหมู่บ้านบ้านหนำวัว,7.784332600000001,99.8515593,2.0,184.0,location_exact_normalized,1.0,1.0,เกาะเต่า|9,matched
ป่าพะยอม,เกาะเต่า,10,partylist,election_day,503,483,16,4,0,5,0,2,0,0,0,0,0,73,0,263,4,0,1,0,0,1,0,0,0,1,1,0,79,1,1,1,10,0,0,1,0,0,0,1,3,0,0,28,3,1,0,0,0,0,0,0,0,3,0,0,0,0,0,0,0,5.0,400.0,ป่าพะยอม,เกาะเต่า,11.0,9,ศาลาประจ าหมู่บ้านบ้านควนตะแบก,737.0,พัทลุง,อำเภอป่าพะยอม,เกาะเต่า,ศาลาประจำหมู่บ้านบ้านควนตะแบก,7.849026500000001,99.8403959,2.0,185.0,location_exact_normalized,1.0,1.0,เกาะเต่า|10,matched
ป่าพะยอม,เกาะเต่า,11,partylist,election_day,579,553,21,5,0,2,0,0,0,0,2,0,0,70,0,370,8,0,1,0,0,3,0,0,0,0,1,0,37,0,1,3,2,1,0,0,0,1,0,0,3,2,0,26,6,3,0,0,0,2,1,1,2,5,0,0,0,0,0,0,0,5.0,401.0,ป่าพะยอม,เกาะเต่า,12.0,10,ศาลาประจ าหมู่บ้านบ้านห้วยปริง,854.0,พัทลุง,อำเภอป่าพะยอม,เกาะเต่า,ศาลาประจำหมู่บ้านบ้านห้วยปริง,7.819731300000001,99.9013657,2.0,186.0,location_exact_normalized,1.0,1.0,เกาะเต่า|11,matched
ป่าพะยอม,เกาะเต่า,12,partylist,election_day,658,635,19,4,1,3,0,0,3,0,4,2,1,63,0,360,8,0,0,1,0,7,1,0,0,0,0,0,103,3,0,2,6,0,0,0,0,0,0,0,6,0,1,29,11,1,1,2,0,1,0,0,2,12,0,1,0,0,0,0,0,5.0,402.0,ป่าพะยอม,เกาะเต่า,13.0,11,ศาลาประจ าหมู่บ้านบ้านเกาะยวน,585.0,พัทลุง,อำเภอป่าพะยอม,เกาะเต่า,ศาลาประจำหมู่บ้านบ้านเกาะยวน,7.8504642,99.8934354,2.0,187.0,location_exact_normalized,1.0,1.0,เกาะเต่า|12,matched
ป่าพะยอม,เกาะเต่า,13,partylist,election_day,493,471,14,8,1,1,0,0,1,0,4,0,1,57,0,309,4,0,1,0,0,3,0,0,0,1,0,0,46,0,1,0,1,0,0,0,1,0,0,0,2,1,0,18,8,0,0,1,0,1,0,0,0,8,0,0,0,0,0,0,0,5.0,403.0,ป่าพะยอม,เกาะเต่า,14.0,12,ศาลาประจ าหมู่บ้านบ้านห้วยไม้ไผ่,705.0,พัทลุง,อำเภอป่าพะยอม,เกาะเต่า,ศาลาประจำหมู่บ้านบ้านห้วยไม้ไผ่,7.76993,99.835768,2.0,188.0,location_exact_normalized,1.0,1.0,เกาะเต่า|13,matched
ป่าพะยอม,เกาะเต่า,14,partylist,election_day,600,579,19,2,0,1,0,0,1,0,1,0,0,77,0,381,8,0,1,0,0,5,1,0,0,1,0,0,56,0,2,0,4,0,0,0,1,0,0,1,2,0,2,18,7,1,0,0,0,1,1,1,1,3,0,0,0,0,0,0,1,5.0,404.0,ป่าพะยอม,เกาะเต่า,15.0,13,ศาลาประจ าหมู่บ้านบ้านนา,943.0,พัทลุง,อำเภอป่าพะยอม,เกาะเต่า,ศาลาประจำหมู่บ้านบ้านนา,7.838677,99.863101,2.0,189.0,location_exact_normalized,1.0,1.0,เกาะเต่า|14,matched
ป่าพะยอม,เกาะเต่า,15,partylist,election_day,371,360,11,0,0,5,0,0,1,0,0,0,0,38,0,227,6,0,0,3,0,4,0,0,0,1,0,1,35,0,0,4,1,0,1,0,1,0,0,0,2,0,0,15,1,2,0,2,0,2,0,0,0,6,0,0,0,1,1,0,0,,,,,,,,,,,,,,,,,,,,,unmatched
ป่าพะยอม,เกาะเต่า,16,partylist,election_day,380,356,14,10,0,1,0,0,0,0,4,0,1,54,1,211,4,0,0,0,0,5,0,0,0,0,1,0,34,1,2,1,4,0,0,0,0,0,0,0,1,1,2,14,4,1,0,0,0,0,1,2,0,3,0,0,0,1,0,1,1,,,,,,,,,,,,,,,,,,,,,unmatched
ศรีบรรพต,เขาปู่,0,partylist,election_day,359,345,7,7,0,0,0,0,1,0,1,0,0,53,2,192,3,0,0,0,0,2,0,0,1,0,1,0,41,0,0,1,5,0,0,0,0,0,0,1,2,0,0,23,6,0,0,0,0,0,1,1,0,2,0,1,0,4,1,0,0,6.0,444.0,ศรีบรรพต,เขาปู่,1.0,1,ศาลาประจ าหมู่บ้าน บ้านหน้าวัด,447.0,พัทลุง,อำเภอศรีบรรพต,เขาปู่,ศาลาประจำหมู่บ้าน บ้านหน้าวัด หมู่ที่ 1,7.704519400000001,99.8236533,2.0,147.0,location_fuzzy,0.875,1.0,เขาปู่|0,matched
ศรีบรรพต,เขาปู่,1,partylist,election_day,494,466,21,7,1,0,0,0,2,0,0,0,1,92,0,257,5,0,1,0,0,6,0,0,0,0,3,0,40,1,2,1,2,0,0,0,0,0,0,0,1,0,6,28,6,0,0,0,0,1,0,1,0,6,0,1,0,1,0,0,1,6.0,445.0,ศรีบรรพต,เขาปู่,2.0,2,ศาลาประจ าหมู่บ้าน บ้านใสประดู่,615.0,พัทลุง,อำเภอศรีบรรพต,เขาปู่,ศาลาประจำหมู่บ้าน บ้านใสประดู่ หมู่ที่ 2,7.664779900000001,99.8385881,2.0,148.0,location_fuzzy,0.8788,1.0,เขาปู่|1,matched
ศรีบรรพต,เขาปู่,2,partylist,election_day,198,187,7,4,0,0,0,0,0,0,2,0,0,22,0,117,2,0,0,0,0,1,0,0,1,0,0,0,22,0,0,1,2,0,0,1,0,0,0,0,1,0,0,12,2,0,0,0,0,0,0,0,0,1,0,0,0,0,0,0,0,6.0,446.0,ศรีบรรพต,เขาปู่,3.0,3,ศาลาประจ าหมู่บ้าน บ้านควนลม,235.0,พัทลุง,อำเภอศรีบรรพต,เขาปู่,ศาลาประจำหมู่บ้าน บ้านควนลม หมู่ที่ 3,7.729098599999999,99.8041245,2.0,149.0,location_fuzzy,0.8667,1.0,เขาปู่|2,matched
ศรีบรรพต,เขาปู่,3,partylist,election_day,298,274,11,13,0,0,0,0,0,0,0,0,0,35,1,153,1,0,0,0,0,10,0,0,1,3,0,0,31,0,0,1,1,0,0,0,0,1,0,0,5,1,1,17,3,0,0,0,0,2,1,0,0,5,0,0,0,0,1,0,0,6.0,447.0,ศรีบรรพต,เขาปู่,4.0,4,ศาลาประจ าหมู่บ้าน บ้านทุ่งยูง,390.0,พัทลุง,อำเภอศรีบรรพต,เขาปู่,ศาลาประจำหมู่บ้าน บ้านทุ่งยูง หมู่ที่ 4,7.7451902,99.8041245,2.0,150.0,location_fuzzy,0.875,1.0,เขาปู่|3,matched
ศรีบรรพต,เขาปู่,4,partylist,election_day,253,233,9,11,0,0,0,0,1,0,1,0,0,30,0,153,1,0,0,0,0,1,0,0,0,0,0,0,13,0,0,3,4,0,0,0,0,0,0,0,1,0,0,10,6,0,0,0,0,1,0,0,2,4,0,1,0,1,0,0,0,6.0,448.0,ศรีบรรพต,เขาปู่,5.0,5,ศาลาประจ าหมู่บ้าน บ้านด่าน,303.0,พัทลุง,อำเภอศรีบรรพต,เขาปู่,ศาลาประจำหมู่บ้าน บ้านด่าน หมู่ที่ 5,7.717472799999999,99.8431866,2.0,151.0,location_fuzzy,0.8621,1.0,เขาปู่|4,matched
ศรีบรรพต,เขาปู่,5,partylist,election_day,499,471,18,10,1,2,0,0,1,0,0,0,0,94,0,249,6,0,0,0,0,9,0,0,0,0,0,1,52,0,0,1,2,1,0,1,1,0,0,0,2,0,2,28,5,2,0,1,1,1,1,0,1,4,0,1,0,0,0,1,0,6.0,449.0,ศรีบรรพต,เขาปู่,6.0,6,ศาลาประจ าหมู่บ้าน บ้านเหรียงงาม,619.0,พัทลุง,อำเภอศรีบรรพต,เขาปู่,ศาลาประจำหมู่บ้าน บ้านเหรียงงาม หมู่ที่ 6,7.7169567,99.8655158,2.0,152.0,location_fuzzy,0.8824,1.0,เขาปู่|5,matched
ศรีบรรพต,เขาปู่,6,partylist,election_day,361,348,11,2,0,0,0,0,0,0,0,0,0,38,0,193,3,0,1,0,0,4,0,0,0,0,0,0,56,1,0,1,3,0,0,0,0,0,0,0,2,0,1,28,4,0,0,1,1,1,1,0,0,6,0,1,0,2,0,0,0,6.0,450.0,ศรีบรรพต,เขาปู่,7.0,7,ศาลาประจ าหมู่บ้าน บ้านเขาป้าแหร้,459.0,พัทลุง,อำเภอศรีบรรพต,เขาปู่,ศาลาประจำหมู่บ้าน บ้านเขาป้าแหร้ หมู่ที่ 7,7.741928,99.8292338,2.0,153.0,location_fuzzy,0.8857,1.0,เขาปู่|6,matched
ศรีบรรพต,เขาปู่,7,partylist,election_day,435,405,17,13,0,3,0,0,2,0,0,0,1,47,0,261,1,0,1,0,0,1,1,1,0,1,0,0,44,1,0,0,6,0,0,1,0,0,6,0,2,1,2,11,3,0,0,1,1,0,0,2,0,2,0,0,0,1,0,1,0,6.0,451.0,ศรีบรรพต,เขาปู่,8.0,8,ศาลาประจ าหมู่บ้าน บ้านป่าตอ,564.0,พัทลุง,อำเภอศรีบรรพต,เขาปู่,ศาลาประจำหมู่บ้าน บ้านป่าตอ หมู่ที่ 8,7.699030199999999,99.8292338,2.0,154.0,location_fuzzy,0.8667,1.0,เขาปู่|7,matched
ศรีบรรพต,เขาปู่,8,partylist,election_day,290,278,2,10,0,0,0,0,0,0,0,1,0,47,0,176,2,0,1,0,0,5,0,0,0,0,0,0,27,0,0,1,3,0,0,0,0,0,0,0,0,0,0,6,5,1,0,1,0,0,0,0,0,1,0,0,0,0,0,0,1,6.0,452.0,ศรีบรรพต,เขาปู่,9.0,9,ศาลาประจ าหมู่บ้าน บ้านในวัง,326.0,พัทลุง,อำเภอศรีบรรพต,เขาปู่,ศาลาประจำหมู่บ้าน บ้านในวัง หมู่ที่ 9,7.704519400000001,99.8236533,2.0,155.0,location_fuzzy,0.8667,1.0,เขาปู่|8,matched
ศรีบรรพต,เขาปู่,9,partylist,election_day,283,271,8,4,0,0,0,0,0,0,2,0,0,31,0,148,7,0,0,0,0,2,0,0,0,0,0,0,49,1,0,2,1,0,0,0,0,0,0,0,1,1,1,13,2,1,0,0,5,1,0,0,0,3,0,0,0,0,0,0,0,6.0,453.0,ศรีบรรพต,เขาปู่,10.0,10,ศาลาประจ าหมู่บ้าน บ้านโหล๊ะปราง,299.0,พัทลุง,อำเภอศรีบรรพต,เขาปู่,ศาลาประจำหมู่บ้าน บ้านโหล๊ะปราง หมู่ที่ 10,7.704519400000001,99.8236533,2.0,156.0,location_fuzzy,0.8696,1.0,เขาปู่|9,matched
ศรีบรรพต,เขาปู่,10,partylist,election_day,357,348,5,4,0,1,0,0,0,0,0,0,0,49,2,171,4,0,0,0,0,4,1,0,0,0,0,0,63,0,2,2,7,0,1,0,0,0,1,1,3,0,0,19,9,2,0,0,0,0,0,0,1,3,0,1,0,1,0,0,0,6.0,454.0,ศรีบรรพต,เขาปู่,11.0,11,ศาลาประจ าหมู่บ้าน บ้านเขาปู่,436.0,พัทลุง,อำเภอศรีบรรพต,เขาปู่,ศาลาประจำหมู่บ้าน บ้านเขาปู่ หมู่ที่ 11,7.704519400000001,99.8236533,2.0,157.0,location_fuzzy,0.8571,1.0,เขาปู่|10,matched
ศรีบรรพต,เขาย่า,0,partylist,election_day,404,385,15,4,0,2,0,0,1,0,3,0,1,65,1,192,3,0,0,0,0,0,1,0,0,0,0,0,65,0,0,4,3,0,0,0,1,0,0,1,3,0,2,19,6,2,0,0,0,2,0,1,0,6,0,0,0,0,0,1,0,6.0,434.0,ศรีบรรพต,เขาย่า,1.0,1,ศาลาประจ าหมู่บ้าน บ้านส านักปราง,502.0,พัทลุง,อำเภอศรีบรรพต,เขาย่า,ศาลาประจำหมู่บ้าน บ้านสำนักปราง หมู่ที่ 1,7.728210699999999,99.9004167,2.0,137.0,location_fuzzy,0.8824,1.0,เขาย่า|0,matched
ศรีบรรพต,เขาย่า,1,partylist,election_day,396,378,13,5,0,1,0,0,0,0,0,0,0,40,0,235,4,0,1,0,0,5,0,0,0,0,0,0,55,0,0,0,4,0,0,0,0,0,0,0,3,2,0,8,2,0,0,0,1,0,0,1,2,10,0,0,0,4,0,0,0,6.0,435.0,ศรีบรรพต,เขาย่า,2.0,2,ศาลาประจ าหมู่บ้าน บ้านสะพานยาง,478.0,พัทลุง,อำเภอศรีบรรพต,เขาย่า,ศาลาประจำหมู่บ้าน บ้านสะพานยาง หมู่ที่ 2,7.747962100000001,99.9157776,2.0,138.0,location_fuzzy,0.8788,1.0,เขาย่า|1,matched
ศรีบรรพต,เขาย่า,2,partylist,election_day,537,524,9,4,2,1,0,0,2,0,3,0,0,58,0,362,5,0,2,0,0,3,1,1,0,0,0,1,42,2,3,2,6,0,0,1,0,0,0,0,2,1,0,6,8,0,0,0,0,1,0,0,0,7,0,1,0,1,0,0,0,6.0,436.0,ศรีบรรพต,เขาย่า,3.0,3,ศาลาประจ าหมู่บ้าน บ้านม่วง,648.0,พัทลุง,อำเภอศรีบรรพต,เขาย่า,ศาลาประจำหมู่บ้าน บ้านม่วง หมู่ที่ 3,7.7458666,99.890643,2.0,139.0,location_fuzzy,0.8621,1.0,เขาย่า|2,matched
ศรีบรรพต,เขาย่า,3,partylist,election_day,474,453,17,4,0,2,0,1,0,0,3,0,1,53,1,276,8,0,1,0,0,5,0,0,0,0,0,0,50,0,1,2,4,1,0,2,1,0,0,0,0,1,1,24,2,2,0,0,0,0,1,0,1,3,0,2,0,3,0,1,0,6.0,437.0,ศรีบรรพต,เขาย่า,4.0,4,ศาลาประจ าหมู่บ้าน บ้านเขาย่าออก,518.0,พัทลุง,อำเภอศรีบรรพต,เขาย่า,ศาลาประจำหมู่บ้าน บ้านเขาย่าออก หมู่ที่ 4,7.7197137,99.9199675,2.0,140.0,location_fuzzy,0.8824,1.0,เขาย่า|3,matched
ศรีบรรพต,เขาย่า,4,partylist,election_day,451,431,19,1,0,0,0,0,0,0,1,0,1,58,0,281,0,0,2,0,0,3,0,0,0,1,1,0,46,0,0,1,1,0,0,0,0,0,0,0,0,0,0,19,3,1,0,0,0,1,0,0,2,6,0,0,0,2,0,0,1,6.0,438.0,ศรีบรรพต,เขาย่า,5.0,5,ศาลาประจ าหมู่บ้าน บ้านโหล๊ะเร็ดตก,567.0,พัทลุง,อำเภอศรีบรรพต,เขาย่า,ศาลาประจำหมู่บ้าน บ้านโหล๊ะเร็ดตกหมู่ที่ 5,7.7576419,99.9032094,2.0,141.0,location_fuzzy,0.8889,1.0,เขาย่า|4,matched
ศรีบรรพต,เขาย่า,5,partylist,election_day,496,476,17,3,0,0,0,0,2,0,1,0,0,45,0,325,2,0,0,0,0,5,0,0,0,0,0,1,39,1,1,0,3,0,0,1,0,0,0,0,2,1,0,22,5,0,1,1,0,1,1,2,1,7,0,0,0,6,0,0,0,6.0,439.0,ศรีบรรพต,เขาย่า,6.0,6,ศาลาประจ าหมู่บ้าน บ้านเขาย่าตก,574.0,พัทลุง,อำเภอศรีบรรพต,เขาย่า,ศาลาประจำหมู่บ้าน บ้านเขาย่าตก หมู่ที่ 6,7.710689700000001,99.9046058,2.0,142.0,location_fuzzy,0.8788,1.0,เขาย่า|5,matched
ศรีบรรพต,เขาย่า,6,partylist,election_day,552,525,16,11,2,1,0,0,1,0,0,0,1,75,0,292,3,0,0,0,1,10,0,1,0,0,0,1,46,1,1,1,11,1,0,0,0,0,0,0,4,0,1,34,9,4,0,1,0,0,2,0,2,16,0,0,0,2,1,0,0,6.0,440.0,ศรีบรรพต,เขาย่า,7.0,7,ศาลาประจ าหมู่บ้าน บ้านโพรงงู,651.0,พัทลุง,อำเภอศรีบรรพต,เขาย่า,ศาลาประจำหมู่บ้าน บ้านโพรงงู หมู่ที่ 7,7.729908200000001,99.8850586,2.0,143.0,location_fuzzy,0.871,1.0,เขาย่า|6,matched
ศรีบรรพต,เขาย่า,7,partylist,election_day,537,519,13,5,2,1,0,0,0,0,1,0,0,48,0,344,6,0,1,0,0,5,0,0,0,0,1,0,53,0,0,3,4,0,0,0,0,0,0,0,2,0,0,29,5,0,0,1,0,2,0,3,2,5,0,1,0,0,0,0,0,6.0,441.0,ศรีบรรพต,เขาย่า,8.0,8,ศาลาประจ าหมู่บ้าน บ้านโหล๊ะเร็ดออก,656.0,พัทลุง,อำเภอศรีบรรพต,เขาย่า,ศาลาประจำหมู่บ้าน บ้านโหล๊ะเร็ดออก หมู่ที่ 8,7.776026099999999,99.9199675,2.0,144.0,location_fuzzy,0.8919,1.0,เขาย่า|7,matched
ศรีบรรพต,เขาย่า,8,partylist,election_day,375,360,10,5,0,1,0,0,0,0,2,0,0,38,0,199,4,0,1,1,1,1,0,0,1,0,0,0,61,2,0,2,7,0,0,0,2,1,0,0,1,0,0,10,11,3,0,1,0,2,0,0,0,8,0,1,0,0,0,0,0,6.0,442.0,ศรีบรรพต,เขาย่า,9.0,9,ศาลาประจ าหมู่บ้าน บ้านส านักวา,445.0,พัทลุง,อำเภอศรีบรรพต,เขาย่า,ศาลาประจำหมู่บ้าน บ้านสำนักวา หมู่ที่ 9,7.7206497,99.8865912,2.0,145.0,location_fuzzy,0.875,1.0,เขาย่า|8,matched
ศรีบรรพต,เขาย่า,9,partylist,election_day,446,416,22,8,0,1,0,0,0,1,1,0,0,32,2,286,2,0,1,1,0,2,0,0,0,2,1,0,47,0,0,0,1,0,0,0,0,0,0,0,4,1,1,10,5,0,0,0,0,1,0,0,2,10,0,1,0,1,0,0,0,6.0,443.0,ศรีบรรพต,เขาย่า,10.0,10,ศาลาประจ าหมู่บ้าน บ้านหูหนาน,520.0,พัทลุง,อำเภอศรีบรรพต,เขาย่า,ศาลาประจำหมู่บ้าน บ้านหูหนาน หมู่ที่ 10,7.737366799999999,99.9101915,2.0,146.0,location_fuzzy,0.8571,1.0,เขาย่า|9,matched
ควนขนุน,แพรกหา,0,partylist,election_day,622,593,21,8,0,0,0,0,0,0,5,0,0,87,1,273,5,0,0,0,0,3,0,2,1,0,0,0,162,0,0,3,7,1,0,1,0,0,0,0,4,0,0,22,5,3,0,0,0,0,0,0,1,4,0,1,0,0,0,2,0,3.0,356.0,ควนขนุน,แพรกหา,1.0,1,ศาลาประจ าหมู่บ้านบ้านม่วงเตี้ย,779.0,พัทลุง,อำเภอควนขนุน,แพรกหา,ศาลาประจำหมู่บ้านบ้านม่วงเตี้ย,7.666126299999999,100.0230734,2.0,129.0,location_exact_normalized,1.0,1.0,แพรกหา|0,matched
ควนขนุน,แพรกหา,1,partylist,election_day,346,330,8,8,0,0,0,0,1,0,0,0,2,28,0,207,2,0,0,0,0,2,0,0,0,0,0,0,37,0,0,1,5,0,0,0,0,0,0,0,0,0,0,32,3,3,1,1,0,0,0,0,0,3,0,0,0,1,0,1,0,3.0,357.0,ควนขนุน,แพรกหา,2.0,2,ศาลาประจ าหมู่บ้านบ้านไสขาม,441.0,พัทลุง,อำเภอควนขนุน,แพรกหา,ศาลาประจำหมู่บ้านบ้านไสขาม,7.6506734,99.988483,2.0,130.0,location_exact_normalized,1.0,1.0,แพรกหา|1,matched
ควนขนุน,แพรกหา,2,partylist,election_day,575,549,20,6,0,1,0,1,0,0,2,4,0,70,1,323,8,0,0,2,0,2,2,0,1,0,0,0,68,0,0,1,8,0,1,0,1,0,0,1,1,1,0,36,6,0,0,0,0,0,1,1,0,6,0,0,0,0,0,0,0,4.0,358.0,ควนขนุน,แพรกหา,3.0,3,ศาลาประจ าหมู่บ้านบ้านแพรกหา,697.0,พัทลุง,อำเภอควนขนุน,แพรกหา,ศาลาประจำหมู่บ้านบ้านแพรกหา,7.6503234,99.9875214,2.0,131.0,location_exact_normalized,1.0,1.0,แพรกหา|2,matched
ควนขนุน,แพรกหา,3,partylist,election_day,680,642,23,15,0,0,0,1,0,0,1,1,0,83,0,368,9,0,0,1,0,2,1,1,1,0,0,0,100,1,1,1,6,0,0,2,0,0,0,0,3,2,1,31,6,0,1,1,0,0,0,1,2,12,0,1,0,1,0,0,0,4.0,359.0,ควนขนุน,แพรกหา,4.0,4,ศาลา อพป.บ้านเขาโต๊ะบุญ,804.0,พัทลุง,อำเภอควนขนุน,แพรกหา,ศาลา อพป.บ้านเขาโต๊ะบุญ,7.6641667,100.0083333,2.0,132.0,location_exact_normalized,1.0,1.0,แพรกหา|3,matched
ควนขนุน,แพรกหา,4,partylist,election_day,677,643,25,9,1,0,0,0,0,0,7,0,1,80,0,358,5,0,0,0,0,10,0,0,0,0,0,0,111,0,0,2,15,0,0,0,0,0,0,2,1,0,2,22,5,0,0,2,0,1,1,1,3,8,0,1,1,1,0,0,2,4.0,360.0,ควนขนุน,แพรกหา,5.0,5,ศาลาประจ าหมู่บ้านบ้านเขาพังอิฐ,793.0,พัทลุง,อำเภอควนขนุน,แพรกหา,ศาลาประจำหมู่บ้านบ้านเขาพังอิฐ,7.6511029,100.0082279,2.0,133.0,location_exact_normalized,1.0,1.0,แพรกหา|4,matched
ควนขนุน,แพรกหา,5,partylist,election_day,417,403,9,5,0,0,0,0,2,0,1,0,0,49,0,262,0,0,0,0,0,1,0,0,0,0,0,0,68,0,2,0,2,0,0,0,0,0,0,0,1,0,1,4,3,0,0,1,0,0,0,0,1,3,0,0,0,1,0,0,1,4.0,361.0,ควนขนุน,แพรกหา,6.0,6,ศาลาประจ าหมู่บ้านบ้านเขาป้าเจ้,501.0,พัทลุง,อำเภอควนขนุน,แพรกหา,ศาลาประจำหมู่บ้านบ้านเขาป้าเจ้,7.6520326,100.0080005,2.0,134.0,location_exact_normalized,1.0,1.0,แพรกหา|5,matched
ควนขนุน,แพรกหา,6,partylist,election_day,434,414,12,8,0,0,0,0,1,0,0,0,0,68,0,226,4,0,0,1,0,1,0,0,1,0,0,0,85,1,0,0,3,0,0,0,0,0,0,0,1,1,1,14,1,0,0,0,0,0,0,0,1,2,0,1,0,1,0,0,0,4.0,362.0,ควนขนุน,แพรกหา,7.0,7,ศาลาประจ าหมู่บ้านบ้านไสหยี,535.0,พัทลุง,อำเภอควนขนุน,แพรกหา,ศาลาประจำหมู่บ้านบ้านไสหยี,7.6520326,100.0080005,2.0,135.0,location_exact_normalized,1.0,1.0,แพรกหา|6,matched
ควนขนุน,แพรกหา,7,partylist,election_day,385,371,8,6,1,0,0,0,0,0,1,0,0,34,2,220,1,0,0,0,0,5,0,1,0,0,1,0,68,0,0,3,3,0,0,0,1,0,0,0,0,1,0,12,0,0,0,0,0,1,0,1,0,6,0,0,0,2,1,0,0,4.0,363.0,ควนขนุน,แพรกหา,8.0,8,ศาลาประจ าหมู่บ้านบ้านควนน้อย,469.0,พัทลุง,อำเภอควนขนุน,แพรกหา,ศาลาประจำหมู่บ้านบ้านควนน้อย,7.674832,100.003384,2.0,136.0,location_exact_normalized,1.0,1.0,แพรกหา|7,matched
ควนขนุน,แหลมโตนด,0,partylist,election_day,512,492,17,3,0,1,0,0,1,0,2,0,0,53,2,299,4,0,0,0,0,6,0,1,0,1,0,0,37,0,2,1,8,0,1,0,1,0,0,0,3,4,2,40,5,3,0,1,0,1,0,0,2,5,0,2,0,3,0,0,1,1.0,253.0,ควนขนุน,แหลมโตนด,1.0,1,ศาลาประจ าหมู่บ้านบ้านกองเกวียน,642.0,พัทลุง,อำเภอควนขนุน,แหลมโตนด,ศาลาประจำหมู่บ้านบ้านกองเกวียน,7.828554299999999,100.0247788,2.0,47.0,location_exact_normalized,1.0,1.0,แหลมโตนด|0,matched
ควนขนุน,แหลมโตนด,1,partylist,election_day,386,364,14,8,0,2,1,0,1,0,1,0,0,31,0,211,7,0,0,0,0,2,0,0,0,0,0,0,57,0,0,1,10,0,1,0,0,0,0,0,0,0,0,19,7,0,0,0,0,0,1,0,0,8,0,0,0,4,0,0,0,1.0,254.0,ควนขนุน,แหลมโตนด,2.0,2,ศาลาประจ าหมู่บ้านบ้านแหลมโตนด,532.0,พัทลุง,อำเภอควนขนุน,แหลมโตนด,ศาลาประจำหมู่บ้านบ้านแหลมโตนด,7.812371,100.049519,2.0,48.0,location_exact_normalized,1.0,1.0,แหลมโตนด|1,matched
ควนขนุน,แหลมโตนด,2,partylist,election_day,326,313,9,4,0,0,0,0,0,0,0,0,0,34,1,206,2,0,1,0,0,1,0,0,0,0,0,1,31,1,1,0,5,0,0,0,0,0,0,0,1,1,0,19,1,0,0,0,0,0,0,0,0,5,0,0,0,1,0,1,0,1.0,255.0,ควนขนุน,แหลมโตนด,3.0,3,ศาลาประจ าหมู่บ้านบ้านมาบเนียน,397.0,พัทลุง,อำเภอควนขนุน,แหลมโตนด,ศาลาประจำหมู่บ้านบ้านมาบเนียน,7.838152273124791,100.0744355760674,2.0,49.0,location_exact_normalized,1.0,1.0,แหลมโตนด|2,matched
ควนขนุน,แหลมโตนด,3,partylist,election_day,590,555,29,6,0,2,0,1,0,0,1,0,1,60,2,306,5,0,0,1,0,7,0,0,0,1,0,0,92,0,1,1,3,0,0,0,1,0,0,0,3,0,3,35,6,1,0,1,3,1,1,3,4,8,0,0,0,1,0,0,0,1.0,256.0,ควนขนุน,แหลมโตนด,4.0,4,ศาลาประจ าหมู่บ้านบ้านเตง (โคกถิน),756.0,พัทลุง,อำเภอควนขนุน,แหลมโตนด,ศาลาประจำหมู่บ้านบ้านเตง(โคกถิน),7.838233,100.0031462,2.0,50.0,location_exact_normalized,1.0,1.0,แหลมโตนด|3,matched
ควนขนุน,แหลมโตนด,4,partylist,election_day,305,290,10,5,0,1,1,0,1,0,0,1,0,41,0,180,7,0,0,0,0,5,0,0,0,0,0,0,23,0,0,2,4,0,0,0,0,0,1,0,2,0,1,13,3,0,0,0,0,0,0,0,0,2,0,0,0,1,0,1,0,1.0,257.0,ควนขนุน,แหลมโตนด,5.0,5,ศาลาประจ าหมู่บ้านบ้านหนองสามก้อน,408.0,พัทลุง,อำเภอควนขนุน,แหลมโตนด,ศาลาประจำหมู่บ้านบ้านหนองสามก้อน,7.828554299999999,100.0247788,2.0,51.0,location_exact_normalized,1.0,1.0,แหลมโตนด|4,matched
ควนขนุน,แหลมโตนด,5,partylist,election_day,224,217,7,0,0,1,0,0,0,0,0,0,0,17,0,140,3,0,0,0,0,2,0,0,0,0,0,0,11,0,0,0,2,0,0,0,0,0,0,0,1,0,1,28,3,0,0,0,0,0,1,0,1,4,0,2,0,0,0,0,0,1.0,258.0,ควนขนุน,แหลมโตนด,6.0,6,ศาลาประจ าหมู่บ้านบ้านทุ่งใน,270.0,พัทลุง,อำเภอควนขนุน,แหลมโตนด,ศาลาประจำหมู่บ้านบ้านทุ่งใน,7.828554299999999,100.0247788,2.0,52.0,location_exact_normalized,1.0,1.0,แหลมโตนด|5,matched
ควนขนุน,แหลมโตนด,6,partylist,election_day,323,313,8,2,0,0,0,0,0,0,0,0,0,28,1,233,2,0,0,0,0,1,1,0,0,0,0,0,12,0,0,1,3,0,0,0,2,0,0,0,1,0,1,17,6,0,0,0,0,0,0,0,1,2,0,0,0,1,0,0,0,1.0,259.0,ควนขนุน,แหลมโตนด,7.0,7,ศาลาประจ าหมู่บ้านบ้านบนลาน,428.0,พัทลุง,อำเภอควนขนุน,แหลมโตนด,ศาลาประจำหมู่บ้านบ้านบนลาน,7.3838149,100.2598974,2.0,53.0,location_exact_normalized,1.0,1.0,แหลมโตนด|6,matched
ควนขนุน,แหลมโตนด,7,partylist,election_day,276,263,13,0,1,0,0,1,0,0,0,0,0,37,0,143,3,0,0,0,0,6,0,0,0,1,0,0,47,0,0,0,5,0,0,0,0,0,0,0,1,0,1,9,3,0,0,1,0,0,1,0,2,0,0,0,0,0,0,0,1,1.0,260.0,ควนขนุน,แหลมโตนด,8.0,8,ศาลาประจ าหมู่บ้านบ้านเสือสะอาด,325.0,พัทลุง,อำเภอควนขนุน,แหลมโตนด,ศาลประจำหมู่บ้านบ้านเสือสะอาด,7.828554299999999,100.0247788,2.0,54.0,location_fuzzy,0.9831,1.0,แหลมโตนด|7,matched
ควนขนุน,แหลมโตนด,8,partylist,election_day,232,223,6,3,0,2,0,0,0,0,0,0,0,23,0,156,1,0,0,0,0,2,0,0,0,0,0,0,15,0,0,0,3,1,0,0,0,0,0,0,1,0,0,14,0,0,0,0,0,0,0,3,1,0,0,0,0,1,0,0,0,1.0,261.0,ควนขนุน,แหลมโตนด,9.0,9,ศาลาประจ าหมู่บ้านบ้านในตลาด,332.0,พัทลุง,อำเภอควนขนุน,แหลมโตนด,ศาลาประจำหมู่บ้านบ้านในตลาด,7.3838149,100.2598974,2.0,55.0,location_exact_normalized,1.0,1.0,แหลมโตนด|8,matched
ควนขนุน,โตนดด้วน,0,partylist,election_day,262,248,7,7,0,0,0,0,1,0,0,0,1,28,0,112,4,0,0,0,0,1,1,0,0,1,0,0,68,0,0,1,7,1,0,0,0,0,0,0,0,0,0,11,1,1,0,0,0,0,0,5,0,3,0,0,0,1,0,0,0,2.0,299.0,ควนขนุน,โตนดด้วน,1.0,1,ศาลาประจ าหมู่บ้านบ้านไสค า,322.0,พัทลุง,อำเภอควนขนุน,โตนดด้วน,ศาลาประจำหมู่บ้านบ้านไสคำ,7.7160528,100.0191857,2.0,69.0,location_exact_normalized,1.0,1.0,โตนดด้วน|0,matched
ควนขนุน,โตนดด้วน,1,partylist,election_day,596,559,37,0,0,0,0,0,0,0,6,0,2,86,0,248,5,1,0,1,0,1,1,0,0,0,0,0,145,1,1,2,3,0,1,1,0,0,0,1,3,2,2,34,4,0,0,0,0,1,0,2,0,3,0,1,0,1,0,0,0,2.0,300.0,ควนขนุน,โตนดด้วน,2.0,2,ศาลาประจ าหมู่บ้านบ้านโคกโดน,751.0,พัทลุง,อำเภอควนขนุน,โตนดด้วน,ศาลาประจำหมู่บ้านบ้านโคกโดน,7.713701899999998,100.0255558,2.0,70.0,location_exact_normalized,1.0,1.0,โตนดด้วน|1,matched
ควนขนุน,โตนดด้วน,2,partylist,election_day,246,235,11,0,0,0,0,0,0,0,2,0,0,23,0,129,2,0,1,0,0,1,0,0,0,0,0,0,51,0,0,2,2,0,0,0,0,0,0,0,1,0,2,13,2,0,0,0,0,0,0,1,1,1,1,0,0,0,0,0,0,2.0,301.0,ควนขนุน,โตนดด้วน,3.0,3,ศาลาประจ าหมู่บ้านบ้านหนองฟ้าผ่า,299.0,พัทลุง,อำเภอควนขนุน,โตนดด้วน,ศาลาประจำหมู่บ้านบ้านหนองฟ้าผ่า,7.7243442,100.0433388,2.0,71.0,location_exact_normalized,1.0,1.0,โตนดด้วน|2,matched
ควนขนุน,โตนดด้วน,3,partylist,election_day,231,226,4,1,0,0,0,0,0,0,1,0,0,29,0,111,2,0,0,0,0,1,1,0,0,0,0,0,52,0,0,0,8,0,0,0,1,0,0,0,1,0,0,15,1,0,0,0,0,0,0,0,1,1,0,0,0,1,0,0,0,2.0,302.0,ควนขนุน,โตนดด้วน,4.0,4,ศาลาประจ าหมู่บ้านบ้านป่าตอ,291.0,พัทลุง,อำเภอควนขนุน,โตนดด้วน,ศาลาประจำหมู่บ้านบ้านป่าตอ,7.7285293,100.0221358,2.0,72.0,location_exact_normalized,1.0,1.0,โตนดด้วน|3,matched
ควนขนุน,โตนดด้วน,4,partylist,election_day,558,535,14,9,0,0,0,0,1,0,2,0,0,58,0,284,4,0,0,0,0,2,0,0,0,1,0,0,139,0,3,2,6,0,0,0,0,0,0,0,1,1,1,20,3,0,0,0,0,0,1,1,0,3,0,0,0,2,0,0,0,2.0,303.0,ควนขนุน,โตนดด้วน,5.0,5,ศาลาประจ าหมู่บ้านบ้านวังจระเข้,668.0,พัทลุง,อำเภอควนขนุน,โตนดด้วน,ศาลาประจำหมู่บ้านบ้านวังจระเข้,7.7160528,100.0191857,2.0,73.0,location_exact_normalized,1.0,1.0,โตนดด้วน|4,matched
ควนขนุน,โตนดด้วน,5,partylist,election_day,226,208,12,6,0,0,1,0,0,0,1,0,0,31,0,110,0,0,0,0,0,0,0,0,0,0,0,0,49,0,0,0,0,0,0,0,0,0,0,0,1,0,0,8,0,0,0,0,0,0,1,0,2,1,0,1,0,1,0,1,0,2.0,304.0,ควนขนุน,โตนดด้วน,6.0,6,ศาลาประจ าหมู่บ้านบ้านหนักกุล,262.0,พัทลุง,อำเภอควนขนุน,โตนดด้วน,ศาลาประจำหมู่บ้านบ้านหนักกุล,7.7160528,100.0191857,2.0,74.0,location_exact_normalized,1.0,1.0,โตนดด้วน|5,matched
ควนขนุน,โตนดด้วน,6,partylist,election_day,705,680,13,12,0,3,0,0,3,0,6,0,2,79,1,292,4,0,0,0,0,8,2,0,0,0,0,0,211,0,0,3,10,0,0,0,0,0,0,0,5,0,1,22,5,1,0,0,0,0,0,3,3,8,0,1,0,6,0,1,0,2.0,305.0,ควนขนุน,โตนดด้วน,7.0,7,ศาลาประจ าหมู่บ้านบ้านโคกโพธิ์,822.0,พัทลุง,อำเภอควนขนุน,โตนดด้วน,ศาลาประจำหมู่บ้านบ้านโคกโพธิ์,7.691745399999999,100.0315103,2.0,75.0,location_exact_normalized,1.0,1.0,โตนดด้วน|6,matched
ควนขนุน,โตนดด้วน,7,partylist,election_day,341,328,11,2,0,0,0,1,0,0,2,0,0,38,1,135,3,0,0,1,0,3,1,0,0,1,0,0,116,0,0,2,2,0,0,0,2,0,0,0,1,0,1,11,0,0,0,0,0,1,0,0,0,3,0,1,0,2,0,0,0,2.0,306.0,ควนขนุน,โตนดด้วน,8.0,8,ศาลาประจ าหมู่บ้านบ้านไสโดน,436.0,พัทลุง,อำเภอควนขนุน,โตนดด้วน,ศาลาประจำหมู่บ้านบ้านไสโดน,7.7160528,100.0191857,2.0,76.0,location_exact_normalized,1.0,1.0,โตนดด้วน|7,matched
ควนขนุน,โตนดด้วน,8,partylist,election_day,431,406,16,9,0,4,0,0,0,0,0,1,0,57,1,190,3,0,2,0,0,1,0,0,0,0,0,1,94,0,0,2,12,0,0,0,0,0,0,1,1,0,1,20,3,0,0,1,0,1,0,2,2,3,0,0,0,2,0,1,0,2.0,307.0,ควนขนุน,โตนดด้วน,9.0,9,ศาลาประจ าหมู่บ้านบ้านโตนดด้วน หมู่ที่ 9,516.0,พัทลุง,อำเภอควนขนุน,โตนดด้วน,ศาลาประจำหมู่บ้านบ้านโตนดด้วน หมู่ที่ 9,7.7160528,100.0191857,2.0,77.0,location_exact_normalized,1.0,1.0,โตนดด้วน|8,matched
ควนขนุน,โตนดด้วน,9,partylist,election_day,280,271,7,2,0,0,0,0,1,0,0,0,1,25,0,156,1,0,0,0,0,1,0,0,0,0,1,0,48,0,1,1,6,1,0,0,0,0,0,0,1,0,0,9,5,0,0,0,0,0,0,0,1,6,0,2,0,4,0,0,0,2.0,308.0,ควนขนุน,โตนดด้วน,10.0,10,ศาลาประจ าหมู่บ้านบ้านตีนคลอง,325.0,พัทลุง,อำเภอควนขนุน,โตนดด้วน,ศาลาประจำหมู่บ้านบ้านตีนคลอง,7.7160528,100.0191857,2.0,78.0,location_exact_normalized,1.0,1.0,โตนดด้วน|9,matched
ควนขนุน,โตนดด้วน,10,partylist,election_day,374,356,11,7,0,0,0,0,1,0,0,0,0,42,0,166,5,0,1,0,0,0,0,0,0,1,0,0,101,0,0,0,3,0,0,2,0,0,0,0,1,0,1,12,2,0,0,0,1,1,0,0,0,6,0,1,0,9,0,0,0,2.0,309.0,ควนขนุน,โตนดด้วน,11.0,11,ศาลาประจ าหมู่บ้าน หมู่ที่ 11 บ้านไสเหรียง,454.0,พัทลุง,อำเภอควนขนุน,โตนดด้วน,ศาลาประจำหมู่บ้าน หมู่ที่ 11 บ้านไสเหรียง,7.7160528,100.0191857,2.0,79.0,location_exact_normalized,1.0,1.0,โตนดด้วน|10,matched
,,0,partylist,out_of_district_advance,765,729,5,31,0,5,0,0,0,0,4,0,0,387,1,170,5,0,0,0,0,0,0,1,0,1,0,0,91,1,2,1,12,0,0,1,0,0,0,0,2,0,0,27,6,1,0,0,0,1,1,1,0,1,0,0,0,4,0,3,0,,,,,,,,,,,,,,,,,,,,,unmatched
,,1,partylist,out_of_district_advance,762,731,9,22,2,6,0,0,0,0,6,0,0,323,1,218,4,0,1,0,0,2,1,0,0,0,2,0,95,0,3,1,12,0,0,0,1,0,0,0,0,1,0,23,16,3,0,1,0,1,1,3,1,1,0,0,0,1,0,1,0,,,,,,,,,,,,,,,,,,,,,unmatched
,,2,partylist,out_of_district_advance,765,745,6,14,0,3,0,0,0,0,2,0,1,345,1,227,4,0,1,0,0,0,0,0,0,0,1,0,98,0,1,1,9,0,0,0,0,0,0,0,2,0,0,30,9,3,0,0,0,0,0,4,0,1,0,0,0,1,0,1,0,,,,,,,,,,,,,,,,,,,,,unmatched
,,3,partylist,out_of_district_advance,520,498,2,20,0,1,0,0,0,0,0,0,0,242,0,141,3,0,0,0,0,0,0,1,0,0,0,0,60,0,2,0,7,1,0,1,0,1,0,0,1,0,0,20,5,1,0,0,0,2,1,0,1,1,0,0,0,3,0,3,0,,,,,,,,,,,,,,,,,,,,,unmatched
,,4,partylist,out_of_district_advance,765,731,3,31,0,2,0,1,1,0,3,0,0,376,1,177,4,0,1,1,0,0,0,0,0,0,0,0,101,0,1,0,9,1,0,0,1,0,0,0,5,0,0,28,5,2,0,1,0,0,1,5,0,0,0,0,0,2,0,2,0,,,,,,,,,,,,,,,,,,,,,unmatched
,,5,partylist,out_of_district_advance,763,727,2,34,0,0,0,0,1,0,4,0,0,360,1,226,0,0,0,0,0,3,0,0,0,0,0,0,81,0,4,1,4,1,0,0,0,0,0,0,0,0,0,16,8,3,0,0,0,3,1,2,0,1,0,0,0,4,0,2,1,,,,,,,,,,,,,,,,,,,,,unmatched
,,6,partylist,out_of_district_advance,765,733,4,28,1,1,0,0,0,1,0,0,0,399,0,180,4,0,0,0,0,0,0,1,0,1,0,0,83,0,0,2,10,0,0,0,0,1,0,1,1,0,0,31,2,3,0,0,1,1,0,3,0,1,0,1,0,3,0,1,0,,,,,,,,,,,,,,,,,,,,,unmatched
,,7,partylist,out_of_district_advance,765,736,5,24,0,2,0,0,1,0,0,0,0,346,0,227,4,0,0,0,0,3,0,0,0,1,0,0,88,0,1,1,9,1,0,0,0,0,0,0,2,0,0,27,7,2,0,0,0,0,4,2,0,2,0,1,0,2,0,3,0,,,,,,,,,,,,,,,,,,,,,unmatched
,,8,partylist,out_of_district_advance,765,739,3,23,1,3,2,0,1,0,1,0,0,374,0,207,5,0,4,0,0,0,1,0,0,0,0,0,82,0,3,1,10,0,0,1,0,0,0,0,2,0,0,23,6,1,0,0,1,0,0,2,0,2,0,0,0,3,0,3,0,,,,,,,,,,,,,,,,,,,,,unmatched
,,9,partylist,out_of_district_advance,770,741,8,21,1,0,0,0,0,0,2,1,0,345,0,244,9,0,0,0,0,1,0,2,0,2,0,0,79,1,2,1,9,0,0,0,0,0,0,0,1,0,0,22,11,2,0,0,0,0,1,1,0,0,0,0,0,4,0,0,0,,,,,,,,,,,,,,,,,,,,,unmatched
,,0,partylist,in_district_advance,9,9,0,0,0,0,0,0,0,0,0,0,0,1,0,5,0,0,0,0,0,0,0,0,0,0,0,0,1,0,0,0,0,0,0,0,0,0,0,0,0,0,0,0,0,0,0,0,0,0,0,0,0,1,0,1,0,0,0,0,0,,,,,,,,,,,,,,,,,,,,,unmatched
