2026-05-07 22:52:39,616 | INFO | root | Starting pipeline step: all
2026-05-07 22:52:39,618 | INFO | root | Found 6 raw PDF(s) in C:\chula\P3_T2\dsde\Phatthalung-District2-Election-Analysis\data\raw
2026-05-07 22:52:39,619 | INFO | root | Skip 46ตำบลสมหวัง.pdf because split outputs already exist
2026-05-07 22:52:39,619 | INFO | root | Skip 47ตำบลชะรัด.pdf because split outputs already exist
2026-05-07 22:52:39,620 | INFO | root | Skip 42ตำบลลำสินธ์ุ.pdf because split outputs already exist
2026-05-07 22:52:39,620 | INFO | root | Skip 43ตำบลอ่างทอง.pdf because split outputs already exist
2026-05-07 22:52:39,621 | INFO | root | Skip 44ตำบลบ้านนา.pdf because split outputs already exist
2026-05-07 22:52:39,621 | INFO | root | Skip 45ตำบลชุมพล.pdf because split outputs already exist
2026-05-07 22:52:39,621 | INFO | root | Split summary: {'processed': 0, 'skipped': 6, 'failed': 0, 'total': 6}
2026-05-07 22:52:39,623 | INFO | ocr | Starting OCR for constituency with provider=llamaparse and 6 PDF(s)
2026-05-07 22:52:45,370 | INFO | httpx | HTTP Request: POST https://api.cloud.llamaindex.ai/api/v1/beta/files "HTTP/1.1 201 Created"
2026-05-07 22:52:46,068 | INFO | httpx | HTTP Request: POST https://api.cloud.llamaindex.ai/api/v2/parse "HTTP/1.1 200 OK"
2026-05-07 22:52:47,385 | INFO | httpx | HTTP Request: GET https://api.cloud.llamaindex.ai/api/v2/parse/pjb-hcej1abb5tks8t9o14eiwyzr8bpz "HTTP/1.1 200 OK"
2026-05-07 22:52:49,703 | INFO | httpx | HTTP Request: GET https://api.cloud.llamaindex.ai/api/v2/parse/pjb-hcej1abb5tks8t9o14eiwyzr8bpz "HTTP/1.1 200 OK"
2026-05-07 22:52:52,997 | INFO | httpx | HTTP Request: GET https://api.cloud.llamaindex.ai/api/v2/parse/pjb-hcej1abb5tks8t9o14eiwyzr8bpz "HTTP/1.1 200 OK"
2026-05-07 22:52:57,292 | INFO | httpx | HTTP Request: GET https://api.cloud.llamaindex.ai/api/v2/parse/pjb-hcej1abb5tks8t9o14eiwyzr8bpz "HTTP/1.1 200 OK"
2026-05-07 22:53:03,121 | INFO | httpx | HTTP Request: GET https://api.cloud.llamaindex.ai/api/v2/parse/pjb-hcej1abb5tks8t9o14eiwyzr8bpz "HTTP/1.1 200 OK"
2026-05-07 22:53:08,951 | INFO | httpx | HTTP Request: GET https://api.cloud.llamaindex.ai/api/v2/parse/pjb-hcej1abb5tks8t9o14eiwyzr8bpz "HTTP/1.1 200 OK"
2026-05-07 22:53:09,480 | INFO | httpx | HTTP Request: GET https://api.cloud.llamaindex.ai/api/v2/parse/pjb-hcej1abb5tks8t9o14eiwyzr8bpz?expand=markdown_full&expand=text_full "HTTP/1.1 200 OK"
2026-05-07 22:53:12,014 | INFO | httpx | HTTP Request: POST https://api.cloud.llamaindex.ai/api/v1/beta/files "HTTP/1.1 201 Created"
2026-05-07 22:53:12,463 | INFO | httpx | HTTP Request: POST https://api.cloud.llamaindex.ai/api/v2/parse "HTTP/1.1 200 OK"
2026-05-07 22:53:13,773 | INFO | httpx | HTTP Request: GET https://api.cloud.llamaindex.ai/api/v2/parse/pjb-taxoizf8z35c4a5oczzuetjk19hb "HTTP/1.1 200 OK"
2026-05-07 22:53:16,138 | INFO | httpx | HTTP Request: GET https://api.cloud.llamaindex.ai/api/v2/parse/pjb-taxoizf8z35c4a5oczzuetjk19hb "HTTP/1.1 200 OK"
2026-05-07 22:53:19,460 | INFO | httpx | HTTP Request: GET https://api.cloud.llamaindex.ai/api/v2/parse/pjb-taxoizf8z35c4a5oczzuetjk19hb "HTTP/1.1 200 OK"
2026-05-07 22:53:23,777 | INFO | httpx | HTTP Request: GET https://api.cloud.llamaindex.ai/api/v2/parse/pjb-taxoizf8z35c4a5oczzuetjk19hb "HTTP/1.1 200 OK"
2026-05-07 22:53:29,617 | INFO | httpx | HTTP Request: GET https://api.cloud.llamaindex.ai/api/v2/parse/pjb-taxoizf8z35c4a5oczzuetjk19hb "HTTP/1.1 200 OK"
2026-05-07 22:53:35,466 | INFO | httpx | HTTP Request: GET https://api.cloud.llamaindex.ai/api/v2/parse/pjb-taxoizf8z35c4a5oczzuetjk19hb "HTTP/1.1 200 OK"
2026-05-07 22:53:35,955 | INFO | httpx | HTTP Request: GET https://api.cloud.llamaindex.ai/api/v2/parse/pjb-taxoizf8z35c4a5oczzuetjk19hb?expand=markdown_full&expand=text_full "HTTP/1.1 200 OK"
2026-05-07 22:53:38,357 | INFO | httpx | HTTP Request: POST https://api.cloud.llamaindex.ai/api/v1/beta/files "HTTP/1.1 201 Created"
2026-05-07 22:53:38,800 | INFO | httpx | HTTP Request: POST https://api.cloud.llamaindex.ai/api/v2/parse "HTTP/1.1 200 OK"
2026-05-07 22:53:40,118 | INFO | httpx | HTTP Request: GET https://api.cloud.llamaindex.ai/api/v2/parse/pjb-3jtq1m3kg4p311npjjb5grmv3zmi "HTTP/1.1 200 OK"
2026-05-07 22:53:42,544 | INFO | httpx | HTTP Request: GET https://api.cloud.llamaindex.ai/api/v2/parse/pjb-3jtq1m3kg4p311npjjb5grmv3zmi "HTTP/1.1 200 OK"
2026-05-07 22:53:45,862 | INFO | httpx | HTTP Request: GET https://api.cloud.llamaindex.ai/api/v2/parse/pjb-3jtq1m3kg4p311npjjb5grmv3zmi "HTTP/1.1 200 OK"
2026-05-07 22:53:50,286 | INFO | httpx | HTTP Request: GET https://api.cloud.llamaindex.ai/api/v2/parse/pjb-3jtq1m3kg4p311npjjb5grmv3zmi "HTTP/1.1 200 OK"
2026-05-07 22:53:56,084 | INFO | httpx | HTTP Request: GET https://api.cloud.llamaindex.ai/api/v2/parse/pjb-3jtq1m3kg4p311npjjb5grmv3zmi "HTTP/1.1 200 OK"
2026-05-07 22:54:01,893 | INFO | httpx | HTTP Request: GET https://api.cloud.llamaindex.ai/api/v2/parse/pjb-3jtq1m3kg4p311npjjb5grmv3zmi "HTTP/1.1 200 OK"
2026-05-07 22:54:02,352 | INFO | httpx | HTTP Request: GET https://api.cloud.llamaindex.ai/api/v2/parse/pjb-3jtq1m3kg4p311npjjb5grmv3zmi?expand=markdown_full&expand=text_full "HTTP/1.1 200 OK"
2026-05-07 22:54:04,667 | INFO | httpx | HTTP Request: POST https://api.cloud.llamaindex.ai/api/v1/beta/files "HTTP/1.1 201 Created"
2026-05-07 22:54:05,119 | INFO | httpx | HTTP Request: POST https://api.cloud.llamaindex.ai/api/v2/parse "HTTP/1.1 200 OK"
2026-05-07 22:54:06,402 | INFO | httpx | HTTP Request: GET https://api.cloud.llamaindex.ai/api/v2/parse/pjb-096r9vv2y7aj04afr36hm9tq0205 "HTTP/1.1 200 OK"
2026-05-07 22:54:08,693 | INFO | httpx | HTTP Request: GET https://api.cloud.llamaindex.ai/api/v2/parse/pjb-096r9vv2y7aj04afr36hm9tq0205 "HTTP/1.1 200 OK"
2026-05-07 22:54:11,980 | INFO | httpx | HTTP Request: GET https://api.cloud.llamaindex.ai/api/v2/parse/pjb-096r9vv2y7aj04afr36hm9tq0205 "HTTP/1.1 200 OK"
2026-05-07 22:54:16,280 | INFO | httpx | HTTP Request: GET https://api.cloud.llamaindex.ai/api/v2/parse/pjb-096r9vv2y7aj04afr36hm9tq0205 "HTTP/1.1 200 OK"
2026-05-07 22:54:22,096 | INFO | httpx | HTTP Request: GET https://api.cloud.llamaindex.ai/api/v2/parse/pjb-096r9vv2y7aj04afr36hm9tq0205 "HTTP/1.1 200 OK"
2026-05-07 22:54:27,911 | INFO | httpx | HTTP Request: GET https://api.cloud.llamaindex.ai/api/v2/parse/pjb-096r9vv2y7aj04afr36hm9tq0205 "HTTP/1.1 200 OK"
2026-05-07 22:54:33,733 | INFO | httpx | HTTP Request: GET https://api.cloud.llamaindex.ai/api/v2/parse/pjb-096r9vv2y7aj04afr36hm9tq0205 "HTTP/1.1 200 OK"
2026-05-07 22:54:34,185 | INFO | httpx | HTTP Request: GET https://api.cloud.llamaindex.ai/api/v2/parse/pjb-096r9vv2y7aj04afr36hm9tq0205?expand=markdown_full&expand=text_full "HTTP/1.1 200 OK"
2026-05-07 22:54:36,809 | INFO | httpx | HTTP Request: POST https://api.cloud.llamaindex.ai/api/v1/beta/files "HTTP/1.1 201 Created"
2026-05-07 22:54:37,263 | INFO | httpx | HTTP Request: POST https://api.cloud.llamaindex.ai/api/v2/parse "HTTP/1.1 200 OK"
2026-05-07 22:54:38,576 | INFO | httpx | HTTP Request: GET https://api.cloud.llamaindex.ai/api/v2/parse/pjb-mb6s45t2hkfo6v0vdydt9971i41q "HTTP/1.1 200 OK"
2026-05-07 22:54:40,861 | INFO | httpx | HTTP Request: GET https://api.cloud.llamaindex.ai/api/v2/parse/pjb-mb6s45t2hkfo6v0vdydt9971i41q "HTTP/1.1 200 OK"
2026-05-07 22:54:44,148 | INFO | httpx | HTTP Request: GET https://api.cloud.llamaindex.ai/api/v2/parse/pjb-mb6s45t2hkfo6v0vdydt9971i41q "HTTP/1.1 200 OK"
2026-05-07 22:54:48,490 | INFO | httpx | HTTP Request: GET https://api.cloud.llamaindex.ai/api/v2/parse/pjb-mb6s45t2hkfo6v0vdydt9971i41q "HTTP/1.1 200 OK"
2026-05-07 22:54:54,323 | INFO | httpx | HTTP Request: GET https://api.cloud.llamaindex.ai/api/v2/parse/pjb-mb6s45t2hkfo6v0vdydt9971i41q "HTTP/1.1 200 OK"
2026-05-07 22:55:00,112 | INFO | httpx | HTTP Request: GET https://api.cloud.llamaindex.ai/api/v2/parse/pjb-mb6s45t2hkfo6v0vdydt9971i41q "HTTP/1.1 200 OK"
2026-05-07 22:55:00,619 | INFO | httpx | HTTP Request: GET https://api.cloud.llamaindex.ai/api/v2/parse/pjb-mb6s45t2hkfo6v0vdydt9971i41q?expand=markdown_full&expand=text_full "HTTP/1.1 200 OK"
2026-05-07 22:55:03,464 | INFO | httpx | HTTP Request: POST https://api.cloud.llamaindex.ai/api/v1/beta/files "HTTP/1.1 201 Created"
2026-05-07 22:55:03,886 | INFO | httpx | HTTP Request: POST https://api.cloud.llamaindex.ai/api/v2/parse "HTTP/1.1 200 OK"
2026-05-07 22:55:05,184 | INFO | httpx | HTTP Request: GET https://api.cloud.llamaindex.ai/api/v2/parse/pjb-px6nxmp0lwyxnaimuhzxj88bvq3u "HTTP/1.1 200 OK"
2026-05-07 22:55:07,476 | INFO | httpx | HTTP Request: GET https://api.cloud.llamaindex.ai/api/v2/parse/pjb-px6nxmp0lwyxnaimuhzxj88bvq3u "HTTP/1.1 200 OK"
2026-05-07 22:55:10,773 | INFO | httpx | HTTP Request: GET https://api.cloud.llamaindex.ai/api/v2/parse/pjb-px6nxmp0lwyxnaimuhzxj88bvq3u "HTTP/1.1 200 OK"
2026-05-07 22:55:15,072 | INFO | httpx | HTTP Request: GET https://api.cloud.llamaindex.ai/api/v2/parse/pjb-px6nxmp0lwyxnaimuhzxj88bvq3u "HTTP/1.1 200 OK"
2026-05-07 22:55:20,904 | INFO | httpx | HTTP Request: GET https://api.cloud.llamaindex.ai/api/v2/parse/pjb-px6nxmp0lwyxnaimuhzxj88bvq3u "HTTP/1.1 200 OK"
2026-05-07 22:55:26,967 | INFO | httpx | HTTP Request: GET https://api.cloud.llamaindex.ai/api/v2/parse/pjb-px6nxmp0lwyxnaimuhzxj88bvq3u "HTTP/1.1 200 OK"
2026-05-07 22:55:27,429 | INFO | httpx | HTTP Request: GET https://api.cloud.llamaindex.ai/api/v2/parse/pjb-px6nxmp0lwyxnaimuhzxj88bvq3u?expand=markdown_full&expand=text_full "HTTP/1.1 200 OK"
2026-05-07 22:55:29,993 | INFO | httpx | HTTP Request: POST https://api.cloud.llamaindex.ai/api/v1/beta/files "HTTP/1.1 201 Created"
2026-05-07 22:55:30,528 | INFO | httpx | HTTP Request: POST https://api.cloud.llamaindex.ai/api/v2/parse "HTTP/1.1 200 OK"
2026-05-07 22:55:31,841 | INFO | httpx | HTTP Request: GET https://api.cloud.llamaindex.ai/api/v2/parse/pjb-pfkwdxty6c1i19ip765671uuzhaj "HTTP/1.1 200 OK"
2026-05-07 22:55:34,137 | INFO | httpx | HTTP Request: GET https://api.cloud.llamaindex.ai/api/v2/parse/pjb-pfkwdxty6c1i19ip765671uuzhaj "HTTP/1.1 200 OK"
2026-05-07 22:55:37,512 | INFO | httpx | HTTP Request: GET https://api.cloud.llamaindex.ai/api/v2/parse/pjb-pfkwdxty6c1i19ip765671uuzhaj "HTTP/1.1 200 OK"
2026-05-07 22:55:41,900 | INFO | httpx | HTTP Request: GET https://api.cloud.llamaindex.ai/api/v2/parse/pjb-pfkwdxty6c1i19ip765671uuzhaj "HTTP/1.1 200 OK"
2026-05-07 22:55:47,716 | INFO | httpx | HTTP Request: GET https://api.cloud.llamaindex.ai/api/v2/parse/pjb-pfkwdxty6c1i19ip765671uuzhaj "HTTP/1.1 200 OK"
2026-05-07 22:55:53,579 | INFO | httpx | HTTP Request: GET https://api.cloud.llamaindex.ai/api/v2/parse/pjb-pfkwdxty6c1i19ip765671uuzhaj "HTTP/1.1 200 OK"
2026-05-07 22:55:54,055 | INFO | httpx | HTTP Request: GET https://api.cloud.llamaindex.ai/api/v2/parse/pjb-pfkwdxty6c1i19ip765671uuzhaj?expand=markdown_full&expand=text_full "HTTP/1.1 200 OK"
2026-05-07 22:55:56,474 | INFO | httpx | HTTP Request: POST https://api.cloud.llamaindex.ai/api/v1/beta/files "HTTP/1.1 201 Created"
2026-05-07 22:55:56,982 | INFO | httpx | HTTP Request: POST https://api.cloud.llamaindex.ai/api/v2/parse "HTTP/1.1 200 OK"
2026-05-07 22:55:58,326 | INFO | httpx | HTTP Request: GET https://api.cloud.llamaindex.ai/api/v2/parse/pjb-patpebqju32lp9zcr18mgdk2yi0v "HTTP/1.1 200 OK"
2026-05-07 22:56:00,688 | INFO | httpx | HTTP Request: GET https://api.cloud.llamaindex.ai/api/v2/parse/pjb-patpebqju32lp9zcr18mgdk2yi0v "HTTP/1.1 200 OK"
2026-05-07 22:56:03,994 | INFO | httpx | HTTP Request: GET https://api.cloud.llamaindex.ai/api/v2/parse/pjb-patpebqju32lp9zcr18mgdk2yi0v "HTTP/1.1 200 OK"
2026-05-07 22:56:08,305 | INFO | httpx | HTTP Request: GET https://api.cloud.llamaindex.ai/api/v2/parse/pjb-patpebqju32lp9zcr18mgdk2yi0v "HTTP/1.1 200 OK"
2026-05-07 22:56:14,126 | INFO | httpx | HTTP Request: GET https://api.cloud.llamaindex.ai/api/v2/parse/pjb-patpebqju32lp9zcr18mgdk2yi0v "HTTP/1.1 200 OK"
2026-05-07 22:56:19,968 | INFO | httpx | HTTP Request: GET https://api.cloud.llamaindex.ai/api/v2/parse/pjb-patpebqju32lp9zcr18mgdk2yi0v "HTTP/1.1 200 OK"
2026-05-07 22:56:20,477 | INFO | httpx | HTTP Request: GET https://api.cloud.llamaindex.ai/api/v2/parse/pjb-patpebqju32lp9zcr18mgdk2yi0v?expand=markdown_full&expand=text_full "HTTP/1.1 200 OK"
2026-05-07 22:56:22,856 | INFO | httpx | HTTP Request: POST https://api.cloud.llamaindex.ai/api/v1/beta/files "HTTP/1.1 201 Created"
2026-05-07 22:56:23,358 | INFO | httpx | HTTP Request: POST https://api.cloud.llamaindex.ai/api/v2/parse "HTTP/1.1 200 OK"
2026-05-07 22:56:24,682 | INFO | httpx | HTTP Request: GET https://api.cloud.llamaindex.ai/api/v2/parse/pjb-vuuxflbpxiwnl93b79mfjco3mouh "HTTP/1.1 200 OK"
2026-05-07 22:56:26,999 | INFO | httpx | HTTP Request: GET https://api.cloud.llamaindex.ai/api/v2/parse/pjb-vuuxflbpxiwnl93b79mfjco3mouh "HTTP/1.1 200 OK"
2026-05-07 22:56:30,312 | INFO | httpx | HTTP Request: GET https://api.cloud.llamaindex.ai/api/v2/parse/pjb-vuuxflbpxiwnl93b79mfjco3mouh "HTTP/1.1 200 OK"
2026-05-07 22:56:34,642 | INFO | httpx | HTTP Request: GET https://api.cloud.llamaindex.ai/api/v2/parse/pjb-vuuxflbpxiwnl93b79mfjco3mouh "HTTP/1.1 200 OK"
2026-05-07 22:56:40,455 | INFO | httpx | HTTP Request: GET https://api.cloud.llamaindex.ai/api/v2/parse/pjb-vuuxflbpxiwnl93b79mfjco3mouh "HTTP/1.1 200 OK"
2026-05-07 22:56:46,297 | INFO | httpx | HTTP Request: GET https://api.cloud.llamaindex.ai/api/v2/parse/pjb-vuuxflbpxiwnl93b79mfjco3mouh "HTTP/1.1 200 OK"
2026-05-07 22:56:46,797 | INFO | httpx | HTTP Request: GET https://api.cloud.llamaindex.ai/api/v2/parse/pjb-vuuxflbpxiwnl93b79mfjco3mouh?expand=markdown_full&expand=text_full "HTTP/1.1 200 OK"
2026-05-07 22:56:49,601 | INFO | httpx | HTTP Request: POST https://api.cloud.llamaindex.ai/api/v1/beta/files "HTTP/1.1 201 Created"
2026-05-07 22:56:50,038 | INFO | httpx | HTTP Request: POST https://api.cloud.llamaindex.ai/api/v2/parse "HTTP/1.1 200 OK"
2026-05-07 22:56:51,362 | INFO | httpx | HTTP Request: GET https://api.cloud.llamaindex.ai/api/v2/parse/pjb-xnyysdxc2hiyrp3ya5y5gz64vut1 "HTTP/1.1 200 OK"
2026-05-07 22:56:53,710 | INFO | httpx | HTTP Request: GET https://api.cloud.llamaindex.ai/api/v2/parse/pjb-xnyysdxc2hiyrp3ya5y5gz64vut1 "HTTP/1.1 200 OK"
2026-05-07 22:56:57,039 | INFO | httpx | HTTP Request: GET https://api.cloud.llamaindex.ai/api/v2/parse/pjb-xnyysdxc2hiyrp3ya5y5gz64vut1 "HTTP/1.1 200 OK"
2026-05-07 22:57:01,512 | INFO | httpx | HTTP Request: GET https://api.cloud.llamaindex.ai/api/v2/parse/pjb-xnyysdxc2hiyrp3ya5y5gz64vut1 "HTTP/1.1 200 OK"
2026-05-07 22:57:07,384 | INFO | httpx | HTTP Request: GET https://api.cloud.llamaindex.ai/api/v2/parse/pjb-xnyysdxc2hiyrp3ya5y5gz64vut1 "HTTP/1.1 200 OK"
2026-05-07 22:57:13,211 | INFO | httpx | HTTP Request: GET https://api.cloud.llamaindex.ai/api/v2/parse/pjb-xnyysdxc2hiyrp3ya5y5gz64vut1 "HTTP/1.1 200 OK"
2026-05-07 22:57:13,670 | INFO | httpx | HTTP Request: GET https://api.cloud.llamaindex.ai/api/v2/parse/pjb-xnyysdxc2hiyrp3ya5y5gz64vut1?expand=markdown_full&expand=text_full "HTTP/1.1 200 OK"
2026-05-07 22:57:16,180 | INFO | httpx | HTTP Request: POST https://api.cloud.llamaindex.ai/api/v1/beta/files "HTTP/1.1 201 Created"
2026-05-07 22:57:16,615 | INFO | httpx | HTTP Request: POST https://api.cloud.llamaindex.ai/api/v2/parse "HTTP/1.1 200 OK"
2026-05-07 22:57:17,910 | INFO | httpx | HTTP Request: GET https://api.cloud.llamaindex.ai/api/v2/parse/pjb-91q096zfa5wthf9zysv6yxd0vkrw "HTTP/1.1 200 OK"
2026-05-07 22:57:20,211 | INFO | httpx | HTTP Request: GET https://api.cloud.llamaindex.ai/api/v2/parse/pjb-91q096zfa5wthf9zysv6yxd0vkrw "HTTP/1.1 200 OK"
2026-05-07 22:57:23,531 | INFO | httpx | HTTP Request: GET https://api.cloud.llamaindex.ai/api/v2/parse/pjb-91q096zfa5wthf9zysv6yxd0vkrw "HTTP/1.1 200 OK"
2026-05-07 22:57:27,862 | INFO | httpx | HTTP Request: GET https://api.cloud.llamaindex.ai/api/v2/parse/pjb-91q096zfa5wthf9zysv6yxd0vkrw "HTTP/1.1 200 OK"
2026-05-07 22:57:33,834 | INFO | httpx | HTTP Request: GET https://api.cloud.llamaindex.ai/api/v2/parse/pjb-91q096zfa5wthf9zysv6yxd0vkrw "HTTP/1.1 200 OK"
2026-05-07 22:57:39,609 | INFO | httpx | HTTP Request: GET https://api.cloud.llamaindex.ai/api/v2/parse/pjb-91q096zfa5wthf9zysv6yxd0vkrw "HTTP/1.1 200 OK"
2026-05-07 22:57:40,069 | INFO | httpx | HTTP Request: GET https://api.cloud.llamaindex.ai/api/v2/parse/pjb-91q096zfa5wthf9zysv6yxd0vkrw?expand=markdown_full&expand=text_full "HTTP/1.1 200 OK"
2026-05-07 22:57:42,492 | INFO | httpx | HTTP Request: POST https://api.cloud.llamaindex.ai/api/v1/beta/files "HTTP/1.1 201 Created"
2026-05-07 22:57:42,963 | INFO | httpx | HTTP Request: POST https://api.cloud.llamaindex.ai/api/v2/parse "HTTP/1.1 200 OK"
2026-05-07 22:57:44,267 | INFO | httpx | HTTP Request: GET https://api.cloud.llamaindex.ai/api/v2/parse/pjb-7e6i6jdy9kszlj3vi86qvsbf04bu "HTTP/1.1 200 OK"
2026-05-07 22:57:46,579 | INFO | httpx | HTTP Request: GET https://api.cloud.llamaindex.ai/api/v2/parse/pjb-7e6i6jdy9kszlj3vi86qvsbf04bu "HTTP/1.1 200 OK"
2026-05-07 22:57:49,879 | INFO | httpx | HTTP Request: GET https://api.cloud.llamaindex.ai/api/v2/parse/pjb-7e6i6jdy9kszlj3vi86qvsbf04bu "HTTP/1.1 200 OK"
2026-05-07 22:57:54,179 | INFO | httpx | HTTP Request: GET https://api.cloud.llamaindex.ai/api/v2/parse/pjb-7e6i6jdy9kszlj3vi86qvsbf04bu "HTTP/1.1 200 OK"
2026-05-07 22:58:00,088 | INFO | httpx | HTTP Request: GET https://api.cloud.llamaindex.ai/api/v2/parse/pjb-7e6i6jdy9kszlj3vi86qvsbf04bu "HTTP/1.1 200 OK"
2026-05-07 22:58:05,917 | INFO | httpx | HTTP Request: GET https://api.cloud.llamaindex.ai/api/v2/parse/pjb-7e6i6jdy9kszlj3vi86qvsbf04bu "HTTP/1.1 200 OK"
2026-05-07 22:58:06,438 | INFO | httpx | HTTP Request: GET https://api.cloud.llamaindex.ai/api/v2/parse/pjb-7e6i6jdy9kszlj3vi86qvsbf04bu?expand=markdown_full&expand=text_full "HTTP/1.1 200 OK"
2026-05-07 22:58:08,772 | INFO | httpx | HTTP Request: POST https://api.cloud.llamaindex.ai/api/v1/beta/files "HTTP/1.1 201 Created"
2026-05-07 22:58:09,245 | INFO | httpx | HTTP Request: POST https://api.cloud.llamaindex.ai/api/v2/parse "HTTP/1.1 200 OK"
2026-05-07 22:58:10,532 | INFO | httpx | HTTP Request: GET https://api.cloud.llamaindex.ai/api/v2/parse/pjb-j0alzvmamxa5zz5qcixttladukkq "HTTP/1.1 200 OK"
2026-05-07 22:58:12,836 | INFO | httpx | HTTP Request: GET https://api.cloud.llamaindex.ai/api/v2/parse/pjb-j0alzvmamxa5zz5qcixttladukkq "HTTP/1.1 200 OK"
2026-05-07 22:58:16,139 | INFO | httpx | HTTP Request: GET https://api.cloud.llamaindex.ai/api/v2/parse/pjb-j0alzvmamxa5zz5qcixttladukkq "HTTP/1.1 200 OK"
2026-05-07 22:58:20,469 | INFO | httpx | HTTP Request: GET https://api.cloud.llamaindex.ai/api/v2/parse/pjb-j0alzvmamxa5zz5qcixttladukkq "HTTP/1.1 200 OK"
2026-05-07 22:58:26,261 | INFO | httpx | HTTP Request: GET https://api.cloud.llamaindex.ai/api/v2/parse/pjb-j0alzvmamxa5zz5qcixttladukkq "HTTP/1.1 200 OK"
2026-05-07 22:58:32,083 | INFO | httpx | HTTP Request: GET https://api.cloud.llamaindex.ai/api/v2/parse/pjb-j0alzvmamxa5zz5qcixttladukkq "HTTP/1.1 200 OK"
2026-05-07 22:58:32,550 | INFO | httpx | HTTP Request: GET https://api.cloud.llamaindex.ai/api/v2/parse/pjb-j0alzvmamxa5zz5qcixttladukkq?expand=markdown_full&expand=text_full "HTTP/1.1 200 OK"
2026-05-07 22:58:34,941 | INFO | httpx | HTTP Request: POST https://api.cloud.llamaindex.ai/api/v1/beta/files "HTTP/1.1 201 Created"
2026-05-07 22:58:35,399 | INFO | httpx | HTTP Request: POST https://api.cloud.llamaindex.ai/api/v2/parse "HTTP/1.1 200 OK"
2026-05-07 22:58:36,691 | INFO | httpx | HTTP Request: GET https://api.cloud.llamaindex.ai/api/v2/parse/pjb-j6ylcjt6kf9wktojppw5gmmr9ava "HTTP/1.1 200 OK"
2026-05-07 22:58:39,004 | INFO | httpx | HTTP Request: GET https://api.cloud.llamaindex.ai/api/v2/parse/pjb-j6ylcjt6kf9wktojppw5gmmr9ava "HTTP/1.1 200 OK"
2026-05-07 22:58:42,312 | INFO | httpx | HTTP Request: GET https://api.cloud.llamaindex.ai/api/v2/parse/pjb-j6ylcjt6kf9wktojppw5gmmr9ava "HTTP/1.1 200 OK"
2026-05-07 22:58:46,612 | INFO | httpx | HTTP Request: GET https://api.cloud.llamaindex.ai/api/v2/parse/pjb-j6ylcjt6kf9wktojppw5gmmr9ava "HTTP/1.1 200 OK"
2026-05-07 22:58:52,465 | INFO | httpx | HTTP Request: GET https://api.cloud.llamaindex.ai/api/v2/parse/pjb-j6ylcjt6kf9wktojppw5gmmr9ava "HTTP/1.1 200 OK"
2026-05-07 22:58:58,324 | INFO | httpx | HTTP Request: GET https://api.cloud.llamaindex.ai/api/v2/parse/pjb-j6ylcjt6kf9wktojppw5gmmr9ava "HTTP/1.1 200 OK"
2026-05-07 22:58:58,775 | INFO | httpx | HTTP Request: GET https://api.cloud.llamaindex.ai/api/v2/parse/pjb-j6ylcjt6kf9wktojppw5gmmr9ava?expand=markdown_full&expand=text_full "HTTP/1.1 200 OK"
2026-05-07 22:59:01,227 | INFO | httpx | HTTP Request: POST https://api.cloud.llamaindex.ai/api/v1/beta/files "HTTP/1.1 201 Created"
2026-05-07 22:59:01,643 | INFO | httpx | HTTP Request: POST https://api.cloud.llamaindex.ai/api/v2/parse "HTTP/1.1 200 OK"
2026-05-07 22:59:02,970 | INFO | httpx | HTTP Request: GET https://api.cloud.llamaindex.ai/api/v2/parse/pjb-qu355s2joao59an06pehwi52yxfo "HTTP/1.1 200 OK"
2026-05-07 22:59:05,286 | INFO | httpx | HTTP Request: GET https://api.cloud.llamaindex.ai/api/v2/parse/pjb-qu355s2joao59an06pehwi52yxfo "HTTP/1.1 200 OK"
2026-05-07 22:59:08,699 | INFO | httpx | HTTP Request: GET https://api.cloud.llamaindex.ai/api/v2/parse/pjb-qu355s2joao59an06pehwi52yxfo "HTTP/1.1 200 OK"
2026-05-07 22:59:13,013 | INFO | httpx | HTTP Request: GET https://api.cloud.llamaindex.ai/api/v2/parse/pjb-qu355s2joao59an06pehwi52yxfo "HTTP/1.1 200 OK"
2026-05-07 22:59:18,836 | INFO | httpx | HTTP Request: GET https://api.cloud.llamaindex.ai/api/v2/parse/pjb-qu355s2joao59an06pehwi52yxfo "HTTP/1.1 200 OK"
2026-05-07 22:59:24,682 | INFO | httpx | HTTP Request: GET https://api.cloud.llamaindex.ai/api/v2/parse/pjb-qu355s2joao59an06pehwi52yxfo "HTTP/1.1 200 OK"
2026-05-07 22:59:25,207 | INFO | httpx | HTTP Request: GET https://api.cloud.llamaindex.ai/api/v2/parse/pjb-qu355s2joao59an06pehwi52yxfo?expand=markdown_full&expand=text_full "HTTP/1.1 200 OK"
2026-05-07 22:59:27,653 | INFO | httpx | HTTP Request: POST https://api.cloud.llamaindex.ai/api/v1/beta/files "HTTP/1.1 201 Created"
2026-05-07 22:59:28,116 | INFO | httpx | HTTP Request: POST https://api.cloud.llamaindex.ai/api/v2/parse "HTTP/1.1 200 OK"
2026-05-07 22:59:29,443 | INFO | httpx | HTTP Request: GET https://api.cloud.llamaindex.ai/api/v2/parse/pjb-mrczwsa37x5eyfdbcfckvosu8h8a "HTTP/1.1 200 OK"
2026-05-07 22:59:31,756 | INFO | httpx | HTTP Request: GET https://api.cloud.llamaindex.ai/api/v2/parse/pjb-mrczwsa37x5eyfdbcfckvosu8h8a "HTTP/1.1 200 OK"
2026-05-07 22:59:35,431 | INFO | httpx | HTTP Request: GET https://api.cloud.llamaindex.ai/api/v2/parse/pjb-mrczwsa37x5eyfdbcfckvosu8h8a "HTTP/1.1 200 OK"
2026-05-07 22:59:39,730 | INFO | httpx | HTTP Request: GET https://api.cloud.llamaindex.ai/api/v2/parse/pjb-mrczwsa37x5eyfdbcfckvosu8h8a "HTTP/1.1 200 OK"
2026-05-07 22:59:45,552 | INFO | httpx | HTTP Request: GET https://api.cloud.llamaindex.ai/api/v2/parse/pjb-mrczwsa37x5eyfdbcfckvosu8h8a "HTTP/1.1 200 OK"
2026-05-07 22:59:51,378 | INFO | httpx | HTTP Request: GET https://api.cloud.llamaindex.ai/api/v2/parse/pjb-mrczwsa37x5eyfdbcfckvosu8h8a "HTTP/1.1 200 OK"
2026-05-07 22:59:51,937 | INFO | httpx | HTTP Request: GET https://api.cloud.llamaindex.ai/api/v2/parse/pjb-mrczwsa37x5eyfdbcfckvosu8h8a?expand=markdown_full&expand=text_full "HTTP/1.1 200 OK"
2026-05-07 22:59:54,372 | INFO | httpx | HTTP Request: POST https://api.cloud.llamaindex.ai/api/v1/beta/files "HTTP/1.1 201 Created"
2026-05-07 22:59:54,856 | INFO | httpx | HTTP Request: POST https://api.cloud.llamaindex.ai/api/v2/parse "HTTP/1.1 200 OK"
2026-05-07 22:59:56,159 | INFO | httpx | HTTP Request: GET https://api.cloud.llamaindex.ai/api/v2/parse/pjb-rm8gve3gz9wdfg0buvkbxr2mp46d "HTTP/1.1 200 OK"
2026-05-07 22:59:58,488 | INFO | httpx | HTTP Request: GET https://api.cloud.llamaindex.ai/api/v2/parse/pjb-rm8gve3gz9wdfg0buvkbxr2mp46d "HTTP/1.1 200 OK"
2026-05-07 23:00:01,793 | INFO | httpx | HTTP Request: GET https://api.cloud.llamaindex.ai/api/v2/parse/pjb-rm8gve3gz9wdfg0buvkbxr2mp46d "HTTP/1.1 200 OK"
2026-05-07 23:00:06,110 | INFO | httpx | HTTP Request: GET https://api.cloud.llamaindex.ai/api/v2/parse/pjb-rm8gve3gz9wdfg0buvkbxr2mp46d "HTTP/1.1 200 OK"
2026-05-07 23:00:11,999 | INFO | httpx | HTTP Request: GET https://api.cloud.llamaindex.ai/api/v2/parse/pjb-rm8gve3gz9wdfg0buvkbxr2mp46d "HTTP/1.1 200 OK"
2026-05-07 23:00:17,803 | INFO | httpx | HTTP Request: GET https://api.cloud.llamaindex.ai/api/v2/parse/pjb-rm8gve3gz9wdfg0buvkbxr2mp46d "HTTP/1.1 200 OK"
2026-05-07 23:00:18,256 | INFO | httpx | HTTP Request: GET https://api.cloud.llamaindex.ai/api/v2/parse/pjb-rm8gve3gz9wdfg0buvkbxr2mp46d?expand=markdown_full&expand=text_full "HTTP/1.1 200 OK"
2026-05-07 23:00:20,756 | INFO | httpx | HTTP Request: POST https://api.cloud.llamaindex.ai/api/v1/beta/files "HTTP/1.1 201 Created"
2026-05-07 23:00:21,199 | INFO | httpx | HTTP Request: POST https://api.cloud.llamaindex.ai/api/v2/parse "HTTP/1.1 200 OK"
2026-05-07 23:00:22,544 | INFO | httpx | HTTP Request: GET https://api.cloud.llamaindex.ai/api/v2/parse/pjb-xl4pns22jwdmx5nr7fo2y6gj4nqh "HTTP/1.1 200 OK"
2026-05-07 23:00:24,848 | INFO | httpx | HTTP Request: GET https://api.cloud.llamaindex.ai/api/v2/parse/pjb-xl4pns22jwdmx5nr7fo2y6gj4nqh "HTTP/1.1 200 OK"
2026-05-07 23:00:28,153 | INFO | httpx | HTTP Request: GET https://api.cloud.llamaindex.ai/api/v2/parse/pjb-xl4pns22jwdmx5nr7fo2y6gj4nqh "HTTP/1.1 200 OK"
2026-05-07 23:00:32,455 | INFO | httpx | HTTP Request: GET https://api.cloud.llamaindex.ai/api/v2/parse/pjb-xl4pns22jwdmx5nr7fo2y6gj4nqh "HTTP/1.1 200 OK"
2026-05-07 23:00:38,300 | INFO | httpx | HTTP Request: GET https://api.cloud.llamaindex.ai/api/v2/parse/pjb-xl4pns22jwdmx5nr7fo2y6gj4nqh "HTTP/1.1 200 OK"
2026-05-07 23:00:44,142 | INFO | httpx | HTTP Request: GET https://api.cloud.llamaindex.ai/api/v2/parse/pjb-xl4pns22jwdmx5nr7fo2y6gj4nqh "HTTP/1.1 200 OK"
2026-05-07 23:00:44,665 | INFO | httpx | HTTP Request: GET https://api.cloud.llamaindex.ai/api/v2/parse/pjb-xl4pns22jwdmx5nr7fo2y6gj4nqh?expand=markdown_full&expand=text_full "HTTP/1.1 200 OK"
2026-05-07 23:00:47,148 | INFO | httpx | HTTP Request: POST https://api.cloud.llamaindex.ai/api/v1/beta/files "HTTP/1.1 201 Created"
2026-05-07 23:00:47,650 | INFO | httpx | HTTP Request: POST https://api.cloud.llamaindex.ai/api/v2/parse "HTTP/1.1 200 OK"
2026-05-07 23:00:48,947 | INFO | httpx | HTTP Request: GET https://api.cloud.llamaindex.ai/api/v2/parse/pjb-dpscx1zgnxt4ys9x1etxfnr6hicy "HTTP/1.1 200 OK"
2026-05-07 23:00:51,254 | INFO | httpx | HTTP Request: GET https://api.cloud.llamaindex.ai/api/v2/parse/pjb-dpscx1zgnxt4ys9x1etxfnr6hicy "HTTP/1.1 200 OK"
2026-05-07 23:00:54,598 | INFO | httpx | HTTP Request: GET https://api.cloud.llamaindex.ai/api/v2/parse/pjb-dpscx1zgnxt4ys9x1etxfnr6hicy "HTTP/1.1 200 OK"
2026-05-07 23:00:58,947 | INFO | httpx | HTTP Request: GET https://api.cloud.llamaindex.ai/api/v2/parse/pjb-dpscx1zgnxt4ys9x1etxfnr6hicy "HTTP/1.1 200 OK"
2026-05-07 23:01:04,756 | INFO | httpx | HTTP Request: GET https://api.cloud.llamaindex.ai/api/v2/parse/pjb-dpscx1zgnxt4ys9x1etxfnr6hicy "HTTP/1.1 200 OK"
2026-05-07 23:01:10,576 | INFO | httpx | HTTP Request: GET https://api.cloud.llamaindex.ai/api/v2/parse/pjb-dpscx1zgnxt4ys9x1etxfnr6hicy "HTTP/1.1 200 OK"
2026-05-07 23:01:11,074 | INFO | httpx | HTTP Request: GET https://api.cloud.llamaindex.ai/api/v2/parse/pjb-dpscx1zgnxt4ys9x1etxfnr6hicy?expand=markdown_full&expand=text_full "HTTP/1.1 200 OK"
2026-05-07 23:01:14,130 | INFO | httpx | HTTP Request: POST https://api.cloud.llamaindex.ai/api/v1/beta/files "HTTP/1.1 201 Created"
2026-05-07 23:01:14,558 | INFO | httpx | HTTP Request: POST https://api.cloud.llamaindex.ai/api/v2/parse "HTTP/1.1 200 OK"
2026-05-07 23:01:15,891 | INFO | httpx | HTTP Request: GET https://api.cloud.llamaindex.ai/api/v2/parse/pjb-yd8ifv82vsva8p11jqz2dvnc3109 "HTTP/1.1 200 OK"
2026-05-07 23:01:18,203 | INFO | httpx | HTTP Request: GET https://api.cloud.llamaindex.ai/api/v2/parse/pjb-yd8ifv82vsva8p11jqz2dvnc3109 "HTTP/1.1 200 OK"
2026-05-07 23:01:21,514 | INFO | httpx | HTTP Request: GET https://api.cloud.llamaindex.ai/api/v2/parse/pjb-yd8ifv82vsva8p11jqz2dvnc3109 "HTTP/1.1 200 OK"
2026-05-07 23:01:25,829 | INFO | httpx | HTTP Request: GET https://api.cloud.llamaindex.ai/api/v2/parse/pjb-yd8ifv82vsva8p11jqz2dvnc3109 "HTTP/1.1 200 OK"
2026-05-07 23:01:31,608 | INFO | httpx | HTTP Request: GET https://api.cloud.llamaindex.ai/api/v2/parse/pjb-yd8ifv82vsva8p11jqz2dvnc3109 "HTTP/1.1 200 OK"
2026-05-07 23:01:37,404 | INFO | httpx | HTTP Request: GET https://api.cloud.llamaindex.ai/api/v2/parse/pjb-yd8ifv82vsva8p11jqz2dvnc3109 "HTTP/1.1 200 OK"
2026-05-07 23:01:37,876 | INFO | httpx | HTTP Request: GET https://api.cloud.llamaindex.ai/api/v2/parse/pjb-yd8ifv82vsva8p11jqz2dvnc3109?expand=markdown_full&expand=text_full "HTTP/1.1 200 OK"
2026-05-07 23:01:40,365 | INFO | httpx | HTTP Request: POST https://api.cloud.llamaindex.ai/api/v1/beta/files "HTTP/1.1 201 Created"
2026-05-07 23:01:40,872 | INFO | httpx | HTTP Request: POST https://api.cloud.llamaindex.ai/api/v2/parse "HTTP/1.1 200 OK"
2026-05-07 23:01:42,155 | INFO | httpx | HTTP Request: GET https://api.cloud.llamaindex.ai/api/v2/parse/pjb-q67zqjqq92k6gi5wgwd9qsw0b5yx "HTTP/1.1 200 OK"
2026-05-07 23:01:44,478 | INFO | httpx | HTTP Request: GET https://api.cloud.llamaindex.ai/api/v2/parse/pjb-q67zqjqq92k6gi5wgwd9qsw0b5yx "HTTP/1.1 200 OK"
2026-05-07 23:01:47,769 | INFO | httpx | HTTP Request: GET https://api.cloud.llamaindex.ai/api/v2/parse/pjb-q67zqjqq92k6gi5wgwd9qsw0b5yx "HTTP/1.1 200 OK"
2026-05-07 23:01:52,064 | INFO | httpx | HTTP Request: GET https://api.cloud.llamaindex.ai/api/v2/parse/pjb-q67zqjqq92k6gi5wgwd9qsw0b5yx "HTTP/1.1 200 OK"
2026-05-07 23:01:57,891 | INFO | httpx | HTTP Request: GET https://api.cloud.llamaindex.ai/api/v2/parse/pjb-q67zqjqq92k6gi5wgwd9qsw0b5yx "HTTP/1.1 200 OK"
2026-05-07 23:02:03,719 | INFO | httpx | HTTP Request: GET https://api.cloud.llamaindex.ai/api/v2/parse/pjb-q67zqjqq92k6gi5wgwd9qsw0b5yx "HTTP/1.1 200 OK"
2026-05-07 23:02:04,233 | INFO | httpx | HTTP Request: GET https://api.cloud.llamaindex.ai/api/v2/parse/pjb-q67zqjqq92k6gi5wgwd9qsw0b5yx?expand=markdown_full&expand=text_full "HTTP/1.1 200 OK"
2026-05-07 23:02:07,115 | INFO | httpx | HTTP Request: POST https://api.cloud.llamaindex.ai/api/v1/beta/files "HTTP/1.1 201 Created"
2026-05-07 23:02:07,566 | INFO | httpx | HTTP Request: POST https://api.cloud.llamaindex.ai/api/v2/parse "HTTP/1.1 200 OK"
2026-05-07 23:02:08,873 | INFO | httpx | HTTP Request: GET https://api.cloud.llamaindex.ai/api/v2/parse/pjb-z1ajahtngul162q8eenprztybrf4 "HTTP/1.1 200 OK"
2026-05-07 23:02:11,225 | INFO | httpx | HTTP Request: GET https://api.cloud.llamaindex.ai/api/v2/parse/pjb-z1ajahtngul162q8eenprztybrf4 "HTTP/1.1 200 OK"
2026-05-07 23:02:14,526 | INFO | httpx | HTTP Request: GET https://api.cloud.llamaindex.ai/api/v2/parse/pjb-z1ajahtngul162q8eenprztybrf4 "HTTP/1.1 200 OK"
2026-05-07 23:02:18,880 | INFO | httpx | HTTP Request: GET https://api.cloud.llamaindex.ai/api/v2/parse/pjb-z1ajahtngul162q8eenprztybrf4 "HTTP/1.1 200 OK"
2026-05-07 23:02:24,703 | INFO | httpx | HTTP Request: GET https://api.cloud.llamaindex.ai/api/v2/parse/pjb-z1ajahtngul162q8eenprztybrf4 "HTTP/1.1 200 OK"
2026-05-07 23:02:30,544 | INFO | httpx | HTTP Request: GET https://api.cloud.llamaindex.ai/api/v2/parse/pjb-z1ajahtngul162q8eenprztybrf4 "HTTP/1.1 200 OK"
2026-05-07 23:02:31,026 | INFO | httpx | HTTP Request: GET https://api.cloud.llamaindex.ai/api/v2/parse/pjb-z1ajahtngul162q8eenprztybrf4?expand=markdown_full&expand=text_full "HTTP/1.1 200 OK"
2026-05-07 23:02:33,649 | INFO | httpx | HTTP Request: POST https://api.cloud.llamaindex.ai/api/v1/beta/files "HTTP/1.1 201 Created"
2026-05-07 23:02:34,081 | INFO | httpx | HTTP Request: POST https://api.cloud.llamaindex.ai/api/v2/parse "HTTP/1.1 200 OK"
2026-05-07 23:02:35,393 | INFO | httpx | HTTP Request: GET https://api.cloud.llamaindex.ai/api/v2/parse/pjb-z2l59uymqcwj36re7q19iweiug5d "HTTP/1.1 200 OK"
2026-05-07 23:02:37,688 | INFO | httpx | HTTP Request: GET https://api.cloud.llamaindex.ai/api/v2/parse/pjb-z2l59uymqcwj36re7q19iweiug5d "HTTP/1.1 200 OK"
2026-05-07 23:02:41,026 | INFO | httpx | HTTP Request: GET https://api.cloud.llamaindex.ai/api/v2/parse/pjb-z2l59uymqcwj36re7q19iweiug5d "HTTP/1.1 200 OK"
2026-05-07 23:02:45,369 | INFO | httpx | HTTP Request: GET https://api.cloud.llamaindex.ai/api/v2/parse/pjb-z2l59uymqcwj36re7q19iweiug5d "HTTP/1.1 200 OK"
2026-05-07 23:02:51,200 | INFO | httpx | HTTP Request: GET https://api.cloud.llamaindex.ai/api/v2/parse/pjb-z2l59uymqcwj36re7q19iweiug5d "HTTP/1.1 200 OK"
2026-05-07 23:02:51,687 | INFO | httpx | HTTP Request: GET https://api.cloud.llamaindex.ai/api/v2/parse/pjb-z2l59uymqcwj36re7q19iweiug5d?expand=markdown_full&expand=text_full "HTTP/1.1 200 OK"
2026-05-07 23:02:54,151 | INFO | httpx | HTTP Request: POST https://api.cloud.llamaindex.ai/api/v1/beta/files "HTTP/1.1 201 Created"
2026-05-07 23:02:54,590 | INFO | httpx | HTTP Request: POST https://api.cloud.llamaindex.ai/api/v2/parse "HTTP/1.1 200 OK"
2026-05-07 23:02:55,887 | INFO | httpx | HTTP Request: GET https://api.cloud.llamaindex.ai/api/v2/parse/pjb-ll3hnrb5zzdymgnmrcl1i491sr5y "HTTP/1.1 200 OK"
2026-05-07 23:02:58,185 | INFO | httpx | HTTP Request: GET https://api.cloud.llamaindex.ai/api/v2/parse/pjb-ll3hnrb5zzdymgnmrcl1i491sr5y "HTTP/1.1 200 OK"
2026-05-07 23:03:01,497 | INFO | httpx | HTTP Request: GET https://api.cloud.llamaindex.ai/api/v2/parse/pjb-ll3hnrb5zzdymgnmrcl1i491sr5y "HTTP/1.1 200 OK"
2026-05-07 23:03:05,835 | INFO | httpx | HTTP Request: GET https://api.cloud.llamaindex.ai/api/v2/parse/pjb-ll3hnrb5zzdymgnmrcl1i491sr5y "HTTP/1.1 200 OK"
2026-05-07 23:03:11,673 | INFO | httpx | HTTP Request: GET https://api.cloud.llamaindex.ai/api/v2/parse/pjb-ll3hnrb5zzdymgnmrcl1i491sr5y "HTTP/1.1 200 OK"
2026-05-07 23:03:17,525 | INFO | httpx | HTTP Request: GET https://api.cloud.llamaindex.ai/api/v2/parse/pjb-ll3hnrb5zzdymgnmrcl1i491sr5y "HTTP/1.1 200 OK"
2026-05-07 23:03:18,417 | INFO | httpx | HTTP Request: GET https://api.cloud.llamaindex.ai/api/v2/parse/pjb-ll3hnrb5zzdymgnmrcl1i491sr5y?expand=markdown_full&expand=text_full "HTTP/1.1 200 OK"
2026-05-07 23:03:21,180 | INFO | httpx | HTTP Request: POST https://api.cloud.llamaindex.ai/api/v1/beta/files "HTTP/1.1 201 Created"
2026-05-07 23:03:21,669 | INFO | httpx | HTTP Request: POST https://api.cloud.llamaindex.ai/api/v2/parse "HTTP/1.1 200 OK"
2026-05-07 23:03:22,995 | INFO | httpx | HTTP Request: GET https://api.cloud.llamaindex.ai/api/v2/parse/pjb-ciu0ghugszy0ajm91hghrlnk6cg9 "HTTP/1.1 200 OK"
2026-05-07 23:03:25,304 | INFO | httpx | HTTP Request: GET https://api.cloud.llamaindex.ai/api/v2/parse/pjb-ciu0ghugszy0ajm91hghrlnk6cg9 "HTTP/1.1 200 OK"
2026-05-07 23:03:28,618 | INFO | httpx | HTTP Request: GET https://api.cloud.llamaindex.ai/api/v2/parse/pjb-ciu0ghugszy0ajm91hghrlnk6cg9 "HTTP/1.1 200 OK"
2026-05-07 23:03:32,932 | INFO | httpx | HTTP Request: GET https://api.cloud.llamaindex.ai/api/v2/parse/pjb-ciu0ghugszy0ajm91hghrlnk6cg9 "HTTP/1.1 200 OK"
2026-05-07 23:03:38,770 | INFO | httpx | HTTP Request: GET https://api.cloud.llamaindex.ai/api/v2/parse/pjb-ciu0ghugszy0ajm91hghrlnk6cg9 "HTTP/1.1 200 OK"
2026-05-07 23:03:44,592 | INFO | httpx | HTTP Request: GET https://api.cloud.llamaindex.ai/api/v2/parse/pjb-ciu0ghugszy0ajm91hghrlnk6cg9 "HTTP/1.1 200 OK"
2026-05-07 23:03:50,479 | INFO | httpx | HTTP Request: GET https://api.cloud.llamaindex.ai/api/v2/parse/pjb-ciu0ghugszy0ajm91hghrlnk6cg9 "HTTP/1.1 200 OK"
2026-05-07 23:03:51,035 | INFO | httpx | HTTP Request: GET https://api.cloud.llamaindex.ai/api/v2/parse/pjb-ciu0ghugszy0ajm91hghrlnk6cg9?expand=markdown_full&expand=text_full "HTTP/1.1 200 OK"
2026-05-07 23:03:53,401 | INFO | httpx | HTTP Request: POST https://api.cloud.llamaindex.ai/api/v1/beta/files "HTTP/1.1 201 Created"
2026-05-07 23:03:53,891 | INFO | httpx | HTTP Request: POST https://api.cloud.llamaindex.ai/api/v2/parse "HTTP/1.1 200 OK"
2026-05-07 23:03:55,183 | INFO | httpx | HTTP Request: GET https://api.cloud.llamaindex.ai/api/v2/parse/pjb-in552nh72necukwo4zxpekdtp93c "HTTP/1.1 200 OK"
2026-05-07 23:03:57,495 | INFO | httpx | HTTP Request: GET https://api.cloud.llamaindex.ai/api/v2/parse/pjb-in552nh72necukwo4zxpekdtp93c "HTTP/1.1 200 OK"
2026-05-07 23:04:00,845 | INFO | httpx | HTTP Request: GET https://api.cloud.llamaindex.ai/api/v2/parse/pjb-in552nh72necukwo4zxpekdtp93c "HTTP/1.1 200 OK"
2026-05-07 23:04:05,144 | INFO | httpx | HTTP Request: GET https://api.cloud.llamaindex.ai/api/v2/parse/pjb-in552nh72necukwo4zxpekdtp93c "HTTP/1.1 200 OK"
2026-05-07 23:04:10,992 | INFO | httpx | HTTP Request: GET https://api.cloud.llamaindex.ai/api/v2/parse/pjb-in552nh72necukwo4zxpekdtp93c "HTTP/1.1 200 OK"
2026-05-07 23:04:17,607 | INFO | httpx | HTTP Request: GET https://api.cloud.llamaindex.ai/api/v2/parse/pjb-in552nh72necukwo4zxpekdtp93c "HTTP/1.1 200 OK"
2026-05-07 23:04:18,125 | INFO | httpx | HTTP Request: GET https://api.cloud.llamaindex.ai/api/v2/parse/pjb-in552nh72necukwo4zxpekdtp93c?expand=markdown_full&expand=text_full "HTTP/1.1 200 OK"
2026-05-07 23:04:21,775 | INFO | httpx | HTTP Request: POST https://api.cloud.llamaindex.ai/api/v1/beta/files "HTTP/1.1 201 Created"
2026-05-07 23:04:22,355 | INFO | httpx | HTTP Request: POST https://api.cloud.llamaindex.ai/api/v2/parse "HTTP/1.1 200 OK"
2026-05-07 23:04:24,303 | INFO | httpx | HTTP Request: GET https://api.cloud.llamaindex.ai/api/v2/parse/pjb-k0836xb8rtagf7969hkzm13jyjjf "HTTP/1.1 200 OK"
2026-05-07 23:04:26,632 | INFO | httpx | HTTP Request: GET https://api.cloud.llamaindex.ai/api/v2/parse/pjb-k0836xb8rtagf7969hkzm13jyjjf "HTTP/1.1 200 OK"
2026-05-07 23:04:30,167 | INFO | httpx | HTTP Request: GET https://api.cloud.llamaindex.ai/api/v2/parse/pjb-k0836xb8rtagf7969hkzm13jyjjf "HTTP/1.1 200 OK"
2026-05-07 23:04:34,487 | INFO | httpx | HTTP Request: GET https://api.cloud.llamaindex.ai/api/v2/parse/pjb-k0836xb8rtagf7969hkzm13jyjjf "HTTP/1.1 200 OK"
2026-05-07 23:04:40,502 | INFO | httpx | HTTP Request: GET https://api.cloud.llamaindex.ai/api/v2/parse/pjb-k0836xb8rtagf7969hkzm13jyjjf "HTTP/1.1 200 OK"
2026-05-07 23:04:41,004 | INFO | httpx | HTTP Request: GET https://api.cloud.llamaindex.ai/api/v2/parse/pjb-k0836xb8rtagf7969hkzm13jyjjf?expand=markdown_full&expand=text_full "HTTP/1.1 200 OK"
2026-05-07 23:04:44,476 | INFO | httpx | HTTP Request: POST https://api.cloud.llamaindex.ai/api/v1/beta/files "HTTP/1.1 201 Created"
2026-05-07 23:04:44,899 | INFO | httpx | HTTP Request: POST https://api.cloud.llamaindex.ai/api/v2/parse "HTTP/1.1 200 OK"
2026-05-07 23:04:46,250 | INFO | httpx | HTTP Request: GET https://api.cloud.llamaindex.ai/api/v2/parse/pjb-pfkeiyx1bjwdvi7lnh6u5srhoyog "HTTP/1.1 200 OK"
2026-05-07 23:04:48,543 | INFO | httpx | HTTP Request: GET https://api.cloud.llamaindex.ai/api/v2/parse/pjb-pfkeiyx1bjwdvi7lnh6u5srhoyog "HTTP/1.1 200 OK"
2026-05-07 23:04:51,855 | INFO | httpx | HTTP Request: GET https://api.cloud.llamaindex.ai/api/v2/parse/pjb-pfkeiyx1bjwdvi7lnh6u5srhoyog "HTTP/1.1 200 OK"
2026-05-07 23:04:56,193 | INFO | httpx | HTTP Request: GET https://api.cloud.llamaindex.ai/api/v2/parse/pjb-pfkeiyx1bjwdvi7lnh6u5srhoyog "HTTP/1.1 200 OK"
2026-05-07 23:05:02,050 | INFO | httpx | HTTP Request: GET https://api.cloud.llamaindex.ai/api/v2/parse/pjb-pfkeiyx1bjwdvi7lnh6u5srhoyog "HTTP/1.1 200 OK"
2026-05-07 23:05:02,566 | INFO | httpx | HTTP Request: GET https://api.cloud.llamaindex.ai/api/v2/parse/pjb-pfkeiyx1bjwdvi7lnh6u5srhoyog?expand=markdown_full&expand=text_full "HTTP/1.1 200 OK"
2026-05-07 23:05:06,075 | INFO | httpx | HTTP Request: POST https://api.cloud.llamaindex.ai/api/v1/beta/files "HTTP/1.1 201 Created"
2026-05-07 23:05:06,665 | INFO | httpx | HTTP Request: POST https://api.cloud.llamaindex.ai/api/v2/parse "HTTP/1.1 200 OK"
2026-05-07 23:05:07,967 | INFO | httpx | HTTP Request: GET https://api.cloud.llamaindex.ai/api/v2/parse/pjb-ocdis5fllw30fxhg570i9i19k682 "HTTP/1.1 200 OK"
2026-05-07 23:05:10,297 | INFO | httpx | HTTP Request: GET https://api.cloud.llamaindex.ai/api/v2/parse/pjb-ocdis5fllw30fxhg570i9i19k682 "HTTP/1.1 200 OK"
2026-05-07 23:05:13,617 | INFO | httpx | HTTP Request: GET https://api.cloud.llamaindex.ai/api/v2/parse/pjb-ocdis5fllw30fxhg570i9i19k682 "HTTP/1.1 200 OK"
2026-05-07 23:05:17,939 | INFO | httpx | HTTP Request: GET https://api.cloud.llamaindex.ai/api/v2/parse/pjb-ocdis5fllw30fxhg570i9i19k682 "HTTP/1.1 200 OK"
2026-05-07 23:05:23,726 | INFO | httpx | HTTP Request: GET https://api.cloud.llamaindex.ai/api/v2/parse/pjb-ocdis5fllw30fxhg570i9i19k682 "HTTP/1.1 200 OK"
2026-05-07 23:05:24,203 | INFO | httpx | HTTP Request: GET https://api.cloud.llamaindex.ai/api/v2/parse/pjb-ocdis5fllw30fxhg570i9i19k682?expand=markdown_full&expand=text_full "HTTP/1.1 200 OK"
2026-05-07 23:05:26,753 | INFO | httpx | HTTP Request: POST https://api.cloud.llamaindex.ai/api/v1/beta/files "HTTP/1.1 201 Created"
2026-05-07 23:05:27,213 | INFO | httpx | HTTP Request: POST https://api.cloud.llamaindex.ai/api/v2/parse "HTTP/1.1 200 OK"
2026-05-07 23:05:28,594 | INFO | httpx | HTTP Request: GET https://api.cloud.llamaindex.ai/api/v2/parse/pjb-1urcvkm0hw4w0azf9c4lguomcg6x "HTTP/1.1 200 OK"
2026-05-07 23:05:31,054 | INFO | httpx | HTTP Request: GET https://api.cloud.llamaindex.ai/api/v2/parse/pjb-1urcvkm0hw4w0azf9c4lguomcg6x "HTTP/1.1 200 OK"
2026-05-07 23:05:34,353 | INFO | httpx | HTTP Request: GET https://api.cloud.llamaindex.ai/api/v2/parse/pjb-1urcvkm0hw4w0azf9c4lguomcg6x "HTTP/1.1 200 OK"
2026-05-07 23:05:38,638 | INFO | httpx | HTTP Request: GET https://api.cloud.llamaindex.ai/api/v2/parse/pjb-1urcvkm0hw4w0azf9c4lguomcg6x "HTTP/1.1 200 OK"
2026-05-07 23:05:44,424 | INFO | httpx | HTTP Request: GET https://api.cloud.llamaindex.ai/api/v2/parse/pjb-1urcvkm0hw4w0azf9c4lguomcg6x "HTTP/1.1 200 OK"
2026-05-07 23:05:50,227 | INFO | httpx | HTTP Request: GET https://api.cloud.llamaindex.ai/api/v2/parse/pjb-1urcvkm0hw4w0azf9c4lguomcg6x "HTTP/1.1 200 OK"
2026-05-07 23:05:50,845 | INFO | httpx | HTTP Request: GET https://api.cloud.llamaindex.ai/api/v2/parse/pjb-1urcvkm0hw4w0azf9c4lguomcg6x?expand=markdown_full&expand=text_full "HTTP/1.1 200 OK"
2026-05-07 23:05:53,659 | INFO | httpx | HTTP Request: POST https://api.cloud.llamaindex.ai/api/v1/beta/files "HTTP/1.1 201 Created"
2026-05-07 23:05:54,136 | INFO | httpx | HTTP Request: POST https://api.cloud.llamaindex.ai/api/v2/parse "HTTP/1.1 200 OK"
2026-05-07 23:05:55,455 | INFO | httpx | HTTP Request: GET https://api.cloud.llamaindex.ai/api/v2/parse/pjb-p8wtnq93x78jrjceg2o13z4w5ls5 "HTTP/1.1 200 OK"
2026-05-07 23:05:57,872 | INFO | httpx | HTTP Request: GET https://api.cloud.llamaindex.ai/api/v2/parse/pjb-p8wtnq93x78jrjceg2o13z4w5ls5 "HTTP/1.1 200 OK"
2026-05-07 23:06:01,159 | INFO | httpx | HTTP Request: GET https://api.cloud.llamaindex.ai/api/v2/parse/pjb-p8wtnq93x78jrjceg2o13z4w5ls5 "HTTP/1.1 200 OK"
2026-05-07 23:06:05,450 | INFO | httpx | HTTP Request: GET https://api.cloud.llamaindex.ai/api/v2/parse/pjb-p8wtnq93x78jrjceg2o13z4w5ls5 "HTTP/1.1 200 OK"
2026-05-07 23:06:11,251 | INFO | httpx | HTTP Request: GET https://api.cloud.llamaindex.ai/api/v2/parse/pjb-p8wtnq93x78jrjceg2o13z4w5ls5 "HTTP/1.1 200 OK"
2026-05-07 23:06:17,068 | INFO | httpx | HTTP Request: GET https://api.cloud.llamaindex.ai/api/v2/parse/pjb-p8wtnq93x78jrjceg2o13z4w5ls5 "HTTP/1.1 200 OK"
2026-05-07 23:06:17,484 | INFO | httpx | HTTP Request: GET https://api.cloud.llamaindex.ai/api/v2/parse/pjb-p8wtnq93x78jrjceg2o13z4w5ls5?expand=markdown_full&expand=text_full "HTTP/1.1 200 OK"
2026-05-07 23:06:19,966 | INFO | httpx | HTTP Request: POST https://api.cloud.llamaindex.ai/api/v1/beta/files "HTTP/1.1 201 Created"
2026-05-07 23:06:20,396 | INFO | httpx | HTTP Request: POST https://api.cloud.llamaindex.ai/api/v2/parse "HTTP/1.1 200 OK"
2026-05-07 23:06:21,695 | INFO | httpx | HTTP Request: GET https://api.cloud.llamaindex.ai/api/v2/parse/pjb-57sgt1dgsifdnht2p8jrwn757lqt "HTTP/1.1 200 OK"
2026-05-07 23:06:24,001 | INFO | httpx | HTTP Request: GET https://api.cloud.llamaindex.ai/api/v2/parse/pjb-57sgt1dgsifdnht2p8jrwn757lqt "HTTP/1.1 200 OK"
2026-05-07 23:06:27,309 | INFO | httpx | HTTP Request: GET https://api.cloud.llamaindex.ai/api/v2/parse/pjb-57sgt1dgsifdnht2p8jrwn757lqt "HTTP/1.1 200 OK"
2026-05-07 23:06:31,724 | INFO | httpx | HTTP Request: GET https://api.cloud.llamaindex.ai/api/v2/parse/pjb-57sgt1dgsifdnht2p8jrwn757lqt "HTTP/1.1 200 OK"
2026-05-07 23:06:37,511 | INFO | httpx | HTTP Request: GET https://api.cloud.llamaindex.ai/api/v2/parse/pjb-57sgt1dgsifdnht2p8jrwn757lqt "HTTP/1.1 200 OK"
2026-05-07 23:06:43,325 | INFO | httpx | HTTP Request: GET https://api.cloud.llamaindex.ai/api/v2/parse/pjb-57sgt1dgsifdnht2p8jrwn757lqt "HTTP/1.1 200 OK"
2026-05-07 23:06:43,802 | INFO | httpx | HTTP Request: GET https://api.cloud.llamaindex.ai/api/v2/parse/pjb-57sgt1dgsifdnht2p8jrwn757lqt?expand=markdown_full&expand=text_full "HTTP/1.1 200 OK"
2026-05-07 23:06:46,361 | INFO | httpx | HTTP Request: POST https://api.cloud.llamaindex.ai/api/v1/beta/files "HTTP/1.1 201 Created"
2026-05-07 23:06:47,398 | INFO | httpx | HTTP Request: POST https://api.cloud.llamaindex.ai/api/v2/parse "HTTP/1.1 200 OK"
2026-05-07 23:06:48,681 | INFO | httpx | HTTP Request: GET https://api.cloud.llamaindex.ai/api/v2/parse/pjb-r4zrpvymvhqwo1b8uh2piz0v22qj "HTTP/1.1 200 OK"
2026-05-07 23:06:50,982 | INFO | httpx | HTTP Request: GET https://api.cloud.llamaindex.ai/api/v2/parse/pjb-r4zrpvymvhqwo1b8uh2piz0v22qj "HTTP/1.1 200 OK"
2026-05-07 23:06:54,265 | INFO | httpx | HTTP Request: GET https://api.cloud.llamaindex.ai/api/v2/parse/pjb-r4zrpvymvhqwo1b8uh2piz0v22qj "HTTP/1.1 200 OK"
2026-05-07 23:06:58,568 | INFO | httpx | HTTP Request: GET https://api.cloud.llamaindex.ai/api/v2/parse/pjb-r4zrpvymvhqwo1b8uh2piz0v22qj "HTTP/1.1 200 OK"
2026-05-07 23:07:04,363 | INFO | httpx | HTTP Request: GET https://api.cloud.llamaindex.ai/api/v2/parse/pjb-r4zrpvymvhqwo1b8uh2piz0v22qj "HTTP/1.1 200 OK"
2026-05-07 23:07:10,150 | INFO | httpx | HTTP Request: GET https://api.cloud.llamaindex.ai/api/v2/parse/pjb-r4zrpvymvhqwo1b8uh2piz0v22qj "HTTP/1.1 200 OK"
2026-05-07 23:07:10,628 | INFO | httpx | HTTP Request: GET https://api.cloud.llamaindex.ai/api/v2/parse/pjb-r4zrpvymvhqwo1b8uh2piz0v22qj?expand=markdown_full&expand=text_full "HTTP/1.1 200 OK"
2026-05-07 23:07:13,265 | INFO | httpx | HTTP Request: POST https://api.cloud.llamaindex.ai/api/v1/beta/files "HTTP/1.1 201 Created"
2026-05-07 23:07:13,701 | INFO | httpx | HTTP Request: POST https://api.cloud.llamaindex.ai/api/v2/parse "HTTP/1.1 200 OK"
2026-05-07 23:07:18,424 | INFO | httpx | HTTP Request: GET https://api.cloud.llamaindex.ai/api/v2/parse/pjb-yu5fwbob75glfuoepy3rt5bfn52t "HTTP/1.1 200 OK"
2026-05-07 23:07:20,729 | INFO | httpx | HTTP Request: GET https://api.cloud.llamaindex.ai/api/v2/parse/pjb-yu5fwbob75glfuoepy3rt5bfn52t "HTTP/1.1 200 OK"
2026-05-07 23:07:24,038 | INFO | httpx | HTTP Request: GET https://api.cloud.llamaindex.ai/api/v2/parse/pjb-yu5fwbob75glfuoepy3rt5bfn52t "HTTP/1.1 200 OK"
2026-05-07 23:07:28,451 | INFO | httpx | HTTP Request: GET https://api.cloud.llamaindex.ai/api/v2/parse/pjb-yu5fwbob75glfuoepy3rt5bfn52t "HTTP/1.1 200 OK"
2026-05-07 23:07:34,274 | INFO | httpx | HTTP Request: GET https://api.cloud.llamaindex.ai/api/v2/parse/pjb-yu5fwbob75glfuoepy3rt5bfn52t "HTTP/1.1 200 OK"
2026-05-07 23:07:34,865 | INFO | httpx | HTTP Request: GET https://api.cloud.llamaindex.ai/api/v2/parse/pjb-yu5fwbob75glfuoepy3rt5bfn52t?expand=markdown_full&expand=text_full "HTTP/1.1 200 OK"
2026-05-07 23:07:37,303 | INFO | httpx | HTTP Request: POST https://api.cloud.llamaindex.ai/api/v1/beta/files "HTTP/1.1 201 Created"
2026-05-07 23:07:37,769 | INFO | httpx | HTTP Request: POST https://api.cloud.llamaindex.ai/api/v2/parse "HTTP/1.1 200 OK"
2026-05-07 23:07:39,060 | INFO | httpx | HTTP Request: GET https://api.cloud.llamaindex.ai/api/v2/parse/pjb-yia5nyppdn6xt9fvsprtb0o6pgxv "HTTP/1.1 200 OK"
2026-05-07 23:07:41,377 | INFO | httpx | HTTP Request: GET https://api.cloud.llamaindex.ai/api/v2/parse/pjb-yia5nyppdn6xt9fvsprtb0o6pgxv "HTTP/1.1 200 OK"
2026-05-07 23:07:44,666 | INFO | httpx | HTTP Request: GET https://api.cloud.llamaindex.ai/api/v2/parse/pjb-yia5nyppdn6xt9fvsprtb0o6pgxv "HTTP/1.1 200 OK"
2026-05-07 23:07:48,963 | INFO | httpx | HTTP Request: GET https://api.cloud.llamaindex.ai/api/v2/parse/pjb-yia5nyppdn6xt9fvsprtb0o6pgxv "HTTP/1.1 200 OK"
2026-05-07 23:07:54,774 | INFO | httpx | HTTP Request: GET https://api.cloud.llamaindex.ai/api/v2/parse/pjb-yia5nyppdn6xt9fvsprtb0o6pgxv "HTTP/1.1 200 OK"
2026-05-07 23:08:00,558 | INFO | httpx | HTTP Request: GET https://api.cloud.llamaindex.ai/api/v2/parse/pjb-yia5nyppdn6xt9fvsprtb0o6pgxv "HTTP/1.1 200 OK"
2026-05-07 23:08:01,540 | INFO | httpx | HTTP Request: GET https://api.cloud.llamaindex.ai/api/v2/parse/pjb-yia5nyppdn6xt9fvsprtb0o6pgxv?expand=markdown_full&expand=text_full "HTTP/1.1 200 OK"
2026-05-07 23:08:03,544 | INFO | httpx | HTTP Request: POST https://api.cloud.llamaindex.ai/api/v1/beta/files "HTTP/1.1 201 Created"
2026-05-07 23:08:04,026 | INFO | httpx | HTTP Request: POST https://api.cloud.llamaindex.ai/api/v2/parse "HTTP/1.1 200 OK"
2026-05-07 23:08:05,364 | INFO | httpx | HTTP Request: GET https://api.cloud.llamaindex.ai/api/v2/parse/pjb-venpzn6rsi0t4wiaj2gem46os68o "HTTP/1.1 200 OK"
2026-05-07 23:08:07,667 | INFO | httpx | HTTP Request: GET https://api.cloud.llamaindex.ai/api/v2/parse/pjb-venpzn6rsi0t4wiaj2gem46os68o "HTTP/1.1 200 OK"
2026-05-07 23:08:10,982 | INFO | httpx | HTTP Request: GET https://api.cloud.llamaindex.ai/api/v2/parse/pjb-venpzn6rsi0t4wiaj2gem46os68o "HTTP/1.1 200 OK"
2026-05-07 23:08:15,298 | INFO | httpx | HTTP Request: GET https://api.cloud.llamaindex.ai/api/v2/parse/pjb-venpzn6rsi0t4wiaj2gem46os68o "HTTP/1.1 200 OK"
2026-05-07 23:08:21,153 | INFO | httpx | HTTP Request: GET https://api.cloud.llamaindex.ai/api/v2/parse/pjb-venpzn6rsi0t4wiaj2gem46os68o "HTTP/1.1 200 OK"
2026-05-07 23:08:27,224 | INFO | httpx | HTTP Request: GET https://api.cloud.llamaindex.ai/api/v2/parse/pjb-venpzn6rsi0t4wiaj2gem46os68o "HTTP/1.1 200 OK"
2026-05-07 23:08:27,741 | INFO | httpx | HTTP Request: GET https://api.cloud.llamaindex.ai/api/v2/parse/pjb-venpzn6rsi0t4wiaj2gem46os68o?expand=markdown_full&expand=text_full "HTTP/1.1 200 OK"
2026-05-07 23:08:30,551 | INFO | httpx | HTTP Request: POST https://api.cloud.llamaindex.ai/api/v1/beta/files "HTTP/1.1 201 Created"
2026-05-07 23:08:31,023 | INFO | httpx | HTTP Request: POST https://api.cloud.llamaindex.ai/api/v2/parse "HTTP/1.1 200 OK"
2026-05-07 23:08:32,336 | INFO | httpx | HTTP Request: GET https://api.cloud.llamaindex.ai/api/v2/parse/pjb-zzq4jzmt9p0oi7ob444413j9triv "HTTP/1.1 200 OK"
2026-05-07 23:08:34,686 | INFO | httpx | HTTP Request: GET https://api.cloud.llamaindex.ai/api/v2/parse/pjb-zzq4jzmt9p0oi7ob444413j9triv "HTTP/1.1 200 OK"
2026-05-07 23:08:38,363 | INFO | httpx | HTTP Request: GET https://api.cloud.llamaindex.ai/api/v2/parse/pjb-zzq4jzmt9p0oi7ob444413j9triv "HTTP/1.1 200 OK"
2026-05-07 23:08:42,672 | INFO | httpx | HTTP Request: GET https://api.cloud.llamaindex.ai/api/v2/parse/pjb-zzq4jzmt9p0oi7ob444413j9triv "HTTP/1.1 200 OK"
2026-05-07 23:08:48,519 | INFO | httpx | HTTP Request: GET https://api.cloud.llamaindex.ai/api/v2/parse/pjb-zzq4jzmt9p0oi7ob444413j9triv "HTTP/1.1 200 OK"
2026-05-07 23:08:54,349 | INFO | httpx | HTTP Request: GET https://api.cloud.llamaindex.ai/api/v2/parse/pjb-zzq4jzmt9p0oi7ob444413j9triv "HTTP/1.1 200 OK"
2026-05-07 23:09:00,166 | INFO | httpx | HTTP Request: GET https://api.cloud.llamaindex.ai/api/v2/parse/pjb-zzq4jzmt9p0oi7ob444413j9triv "HTTP/1.1 200 OK"
2026-05-07 23:09:05,989 | INFO | httpx | HTTP Request: GET https://api.cloud.llamaindex.ai/api/v2/parse/pjb-zzq4jzmt9p0oi7ob444413j9triv "HTTP/1.1 200 OK"
2026-05-07 23:09:06,494 | INFO | httpx | HTTP Request: GET https://api.cloud.llamaindex.ai/api/v2/parse/pjb-zzq4jzmt9p0oi7ob444413j9triv?expand=markdown_full&expand=text_full "HTTP/1.1 200 OK"
2026-05-07 23:09:09,143 | INFO | httpx | HTTP Request: POST https://api.cloud.llamaindex.ai/api/v1/beta/files "HTTP/1.1 201 Created"
2026-05-07 23:09:09,755 | INFO | httpx | HTTP Request: POST https://api.cloud.llamaindex.ai/api/v2/parse "HTTP/1.1 200 OK"
2026-05-07 23:09:11,292 | INFO | httpx | HTTP Request: GET https://api.cloud.llamaindex.ai/api/v2/parse/pjb-cdplbitijojru2dilwgavo0la4nx "HTTP/1.1 200 OK"
2026-05-07 23:09:13,593 | INFO | httpx | HTTP Request: GET https://api.cloud.llamaindex.ai/api/v2/parse/pjb-cdplbitijojru2dilwgavo0la4nx "HTTP/1.1 200 OK"
2026-05-07 23:09:17,220 | INFO | httpx | HTTP Request: GET https://api.cloud.llamaindex.ai/api/v2/parse/pjb-cdplbitijojru2dilwgavo0la4nx "HTTP/1.1 200 OK"
2026-05-07 23:09:21,546 | INFO | httpx | HTTP Request: GET https://api.cloud.llamaindex.ai/api/v2/parse/pjb-cdplbitijojru2dilwgavo0la4nx "HTTP/1.1 200 OK"
2026-05-07 23:09:27,383 | INFO | httpx | HTTP Request: GET https://api.cloud.llamaindex.ai/api/v2/parse/pjb-cdplbitijojru2dilwgavo0la4nx "HTTP/1.1 200 OK"
2026-05-07 23:09:33,230 | INFO | httpx | HTTP Request: GET https://api.cloud.llamaindex.ai/api/v2/parse/pjb-cdplbitijojru2dilwgavo0la4nx "HTTP/1.1 200 OK"
2026-05-07 23:09:39,068 | INFO | httpx | HTTP Request: GET https://api.cloud.llamaindex.ai/api/v2/parse/pjb-cdplbitijojru2dilwgavo0la4nx "HTTP/1.1 200 OK"
2026-05-07 23:09:44,905 | INFO | httpx | HTTP Request: GET https://api.cloud.llamaindex.ai/api/v2/parse/pjb-cdplbitijojru2dilwgavo0la4nx "HTTP/1.1 200 OK"
2026-05-07 23:09:50,716 | INFO | httpx | HTTP Request: GET https://api.cloud.llamaindex.ai/api/v2/parse/pjb-cdplbitijojru2dilwgavo0la4nx "HTTP/1.1 200 OK"
2026-05-07 23:09:51,207 | INFO | httpx | HTTP Request: GET https://api.cloud.llamaindex.ai/api/v2/parse/pjb-cdplbitijojru2dilwgavo0la4nx?expand=markdown_full&expand=text_full "HTTP/1.1 200 OK"
2026-05-07 23:09:54,347 | INFO | httpx | HTTP Request: POST https://api.cloud.llamaindex.ai/api/v1/beta/files "HTTP/1.1 201 Created"
2026-05-07 23:09:54,792 | INFO | httpx | HTTP Request: POST https://api.cloud.llamaindex.ai/api/v2/parse "HTTP/1.1 200 OK"
2026-05-07 23:09:56,100 | INFO | httpx | HTTP Request: GET https://api.cloud.llamaindex.ai/api/v2/parse/pjb-zrdo14u6tvk7c0g310ajgwwk5raa "HTTP/1.1 200 OK"
2026-05-07 23:09:58,434 | INFO | httpx | HTTP Request: GET https://api.cloud.llamaindex.ai/api/v2/parse/pjb-zrdo14u6tvk7c0g310ajgwwk5raa "HTTP/1.1 200 OK"
2026-05-07 23:10:01,754 | INFO | httpx | HTTP Request: GET https://api.cloud.llamaindex.ai/api/v2/parse/pjb-zrdo14u6tvk7c0g310ajgwwk5raa "HTTP/1.1 200 OK"
2026-05-07 23:10:06,057 | INFO | httpx | HTTP Request: GET https://api.cloud.llamaindex.ai/api/v2/parse/pjb-zrdo14u6tvk7c0g310ajgwwk5raa "HTTP/1.1 200 OK"
2026-05-07 23:10:11,909 | INFO | httpx | HTTP Request: GET https://api.cloud.llamaindex.ai/api/v2/parse/pjb-zrdo14u6tvk7c0g310ajgwwk5raa "HTTP/1.1 200 OK"
2026-05-07 23:10:17,707 | INFO | httpx | HTTP Request: GET https://api.cloud.llamaindex.ai/api/v2/parse/pjb-zrdo14u6tvk7c0g310ajgwwk5raa "HTTP/1.1 200 OK"
2026-05-07 23:10:18,239 | INFO | httpx | HTTP Request: GET https://api.cloud.llamaindex.ai/api/v2/parse/pjb-zrdo14u6tvk7c0g310ajgwwk5raa?expand=markdown_full&expand=text_full "HTTP/1.1 200 OK"
2026-05-07 23:10:20,653 | INFO | httpx | HTTP Request: POST https://api.cloud.llamaindex.ai/api/v1/beta/files "HTTP/1.1 201 Created"
2026-05-07 23:10:21,115 | INFO | httpx | HTTP Request: POST https://api.cloud.llamaindex.ai/api/v2/parse "HTTP/1.1 200 OK"
2026-05-07 23:10:22,453 | INFO | httpx | HTTP Request: GET https://api.cloud.llamaindex.ai/api/v2/parse/pjb-whrc94cfwtkha1tmobgrm479nfh8 "HTTP/1.1 200 OK"
2026-05-07 23:10:24,768 | INFO | httpx | HTTP Request: GET https://api.cloud.llamaindex.ai/api/v2/parse/pjb-whrc94cfwtkha1tmobgrm479nfh8 "HTTP/1.1 200 OK"
2026-05-07 23:10:28,083 | INFO | httpx | HTTP Request: GET https://api.cloud.llamaindex.ai/api/v2/parse/pjb-whrc94cfwtkha1tmobgrm479nfh8 "HTTP/1.1 200 OK"
2026-05-07 23:10:32,396 | INFO | httpx | HTTP Request: GET https://api.cloud.llamaindex.ai/api/v2/parse/pjb-whrc94cfwtkha1tmobgrm479nfh8 "HTTP/1.1 200 OK"
2026-05-07 23:10:38,239 | INFO | httpx | HTTP Request: GET https://api.cloud.llamaindex.ai/api/v2/parse/pjb-whrc94cfwtkha1tmobgrm479nfh8 "HTTP/1.1 200 OK"
2026-05-07 23:10:44,186 | INFO | httpx | HTTP Request: GET https://api.cloud.llamaindex.ai/api/v2/parse/pjb-whrc94cfwtkha1tmobgrm479nfh8 "HTTP/1.1 200 OK"
2026-05-07 23:10:49,983 | INFO | httpx | HTTP Request: GET https://api.cloud.llamaindex.ai/api/v2/parse/pjb-whrc94cfwtkha1tmobgrm479nfh8 "HTTP/1.1 200 OK"
2026-05-07 23:10:55,830 | INFO | httpx | HTTP Request: GET https://api.cloud.llamaindex.ai/api/v2/parse/pjb-whrc94cfwtkha1tmobgrm479nfh8 "HTTP/1.1 200 OK"
2026-05-07 23:11:01,678 | INFO | httpx | HTTP Request: GET https://api.cloud.llamaindex.ai/api/v2/parse/pjb-whrc94cfwtkha1tmobgrm479nfh8 "HTTP/1.1 200 OK"
2026-05-07 23:11:07,517 | INFO | httpx | HTTP Request: GET https://api.cloud.llamaindex.ai/api/v2/parse/pjb-whrc94cfwtkha1tmobgrm479nfh8 "HTTP/1.1 200 OK"
2026-05-07 23:11:13,374 | INFO | httpx | HTTP Request: GET https://api.cloud.llamaindex.ai/api/v2/parse/pjb-whrc94cfwtkha1tmobgrm479nfh8 "HTTP/1.1 200 OK"
2026-05-07 23:11:19,196 | INFO | httpx | HTTP Request: GET https://api.cloud.llamaindex.ai/api/v2/parse/pjb-whrc94cfwtkha1tmobgrm479nfh8 "HTTP/1.1 200 OK"
2026-05-07 23:11:24,999 | INFO | httpx | HTTP Request: GET https://api.cloud.llamaindex.ai/api/v2/parse/pjb-whrc94cfwtkha1tmobgrm479nfh8 "HTTP/1.1 200 OK"
2026-05-07 23:11:30,798 | INFO | httpx | HTTP Request: GET https://api.cloud.llamaindex.ai/api/v2/parse/pjb-whrc94cfwtkha1tmobgrm479nfh8 "HTTP/1.1 200 OK"
2026-05-07 23:11:36,610 | INFO | httpx | HTTP Request: GET https://api.cloud.llamaindex.ai/api/v2/parse/pjb-whrc94cfwtkha1tmobgrm479nfh8 "HTTP/1.1 200 OK"
2026-05-07 23:11:42,420 | INFO | httpx | HTTP Request: GET https://api.cloud.llamaindex.ai/api/v2/parse/pjb-whrc94cfwtkha1tmobgrm479nfh8 "HTTP/1.1 200 OK"
2026-05-07 23:11:48,373 | INFO | httpx | HTTP Request: GET https://api.cloud.llamaindex.ai/api/v2/parse/pjb-whrc94cfwtkha1tmobgrm479nfh8 "HTTP/1.1 200 OK"
2026-05-07 23:11:54,316 | INFO | httpx | HTTP Request: GET https://api.cloud.llamaindex.ai/api/v2/parse/pjb-whrc94cfwtkha1tmobgrm479nfh8 "HTTP/1.1 200 OK"
2026-05-07 23:12:00,141 | INFO | httpx | HTTP Request: GET https://api.cloud.llamaindex.ai/api/v2/parse/pjb-whrc94cfwtkha1tmobgrm479nfh8 "HTTP/1.1 200 OK"
2026-05-07 23:12:05,965 | INFO | httpx | HTTP Request: GET https://api.cloud.llamaindex.ai/api/v2/parse/pjb-whrc94cfwtkha1tmobgrm479nfh8 "HTTP/1.1 200 OK"
2026-05-07 23:12:11,786 | INFO | httpx | HTTP Request: GET https://api.cloud.llamaindex.ai/api/v2/parse/pjb-whrc94cfwtkha1tmobgrm479nfh8 "HTTP/1.1 200 OK"
2026-05-07 23:12:17,616 | INFO | httpx | HTTP Request: GET https://api.cloud.llamaindex.ai/api/v2/parse/pjb-whrc94cfwtkha1tmobgrm479nfh8 "HTTP/1.1 200 OK"
2026-05-07 23:12:23,412 | INFO | httpx | HTTP Request: GET https://api.cloud.llamaindex.ai/api/v2/parse/pjb-whrc94cfwtkha1tmobgrm479nfh8 "HTTP/1.1 200 OK"
2026-05-07 23:12:29,545 | INFO | httpx | HTTP Request: GET https://api.cloud.llamaindex.ai/api/v2/parse/pjb-whrc94cfwtkha1tmobgrm479nfh8 "HTTP/1.1 200 OK"
2026-05-07 23:12:35,408 | INFO | httpx | HTTP Request: GET https://api.cloud.llamaindex.ai/api/v2/parse/pjb-whrc94cfwtkha1tmobgrm479nfh8 "HTTP/1.1 200 OK"
2026-05-07 23:12:41,227 | INFO | httpx | HTTP Request: GET https://api.cloud.llamaindex.ai/api/v2/parse/pjb-whrc94cfwtkha1tmobgrm479nfh8 "HTTP/1.1 200 OK"
2026-05-07 23:12:47,051 | INFO | httpx | HTTP Request: GET https://api.cloud.llamaindex.ai/api/v2/parse/pjb-whrc94cfwtkha1tmobgrm479nfh8 "HTTP/1.1 200 OK"
2026-05-07 23:12:53,062 | INFO | httpx | HTTP Request: GET https://api.cloud.llamaindex.ai/api/v2/parse/pjb-whrc94cfwtkha1tmobgrm479nfh8 "HTTP/1.1 200 OK"
2026-05-07 23:12:58,894 | INFO | httpx | HTTP Request: GET https://api.cloud.llamaindex.ai/api/v2/parse/pjb-whrc94cfwtkha1tmobgrm479nfh8 "HTTP/1.1 200 OK"
2026-05-07 23:13:04,733 | INFO | httpx | HTTP Request: GET https://api.cloud.llamaindex.ai/api/v2/parse/pjb-whrc94cfwtkha1tmobgrm479nfh8 "HTTP/1.1 200 OK"
2026-05-07 23:13:10,561 | INFO | httpx | HTTP Request: GET https://api.cloud.llamaindex.ai/api/v2/parse/pjb-whrc94cfwtkha1tmobgrm479nfh8 "HTTP/1.1 200 OK"
2026-05-07 23:13:16,393 | INFO | httpx | HTTP Request: GET https://api.cloud.llamaindex.ai/api/v2/parse/pjb-whrc94cfwtkha1tmobgrm479nfh8 "HTTP/1.1 200 OK"
2026-05-07 23:13:22,243 | INFO | httpx | HTTP Request: GET https://api.cloud.llamaindex.ai/api/v2/parse/pjb-whrc94cfwtkha1tmobgrm479nfh8 "HTTP/1.1 200 OK"
2026-05-07 23:13:28,053 | INFO | httpx | HTTP Request: GET https://api.cloud.llamaindex.ai/api/v2/parse/pjb-whrc94cfwtkha1tmobgrm479nfh8 "HTTP/1.1 200 OK"
2026-05-07 23:13:33,915 | INFO | httpx | HTTP Request: GET https://api.cloud.llamaindex.ai/api/v2/parse/pjb-whrc94cfwtkha1tmobgrm479nfh8 "HTTP/1.1 200 OK"
2026-05-07 23:13:39,770 | INFO | httpx | HTTP Request: GET https://api.cloud.llamaindex.ai/api/v2/parse/pjb-whrc94cfwtkha1tmobgrm479nfh8 "HTTP/1.1 200 OK"
2026-05-07 23:13:45,592 | INFO | httpx | HTTP Request: GET https://api.cloud.llamaindex.ai/api/v2/parse/pjb-whrc94cfwtkha1tmobgrm479nfh8 "HTTP/1.1 200 OK"
2026-05-07 23:13:51,441 | INFO | httpx | HTTP Request: GET https://api.cloud.llamaindex.ai/api/v2/parse/pjb-whrc94cfwtkha1tmobgrm479nfh8 "HTTP/1.1 200 OK"
2026-05-07 23:13:57,333 | INFO | httpx | HTTP Request: GET https://api.cloud.llamaindex.ai/api/v2/parse/pjb-whrc94cfwtkha1tmobgrm479nfh8 "HTTP/1.1 200 OK"
2026-05-07 23:14:03,167 | INFO | httpx | HTTP Request: GET https://api.cloud.llamaindex.ai/api/v2/parse/pjb-whrc94cfwtkha1tmobgrm479nfh8 "HTTP/1.1 200 OK"
2026-05-07 23:14:08,986 | INFO | httpx | HTTP Request: GET https://api.cloud.llamaindex.ai/api/v2/parse/pjb-whrc94cfwtkha1tmobgrm479nfh8 "HTTP/1.1 200 OK"
2026-05-07 23:14:14,834 | INFO | httpx | HTTP Request: GET https://api.cloud.llamaindex.ai/api/v2/parse/pjb-whrc94cfwtkha1tmobgrm479nfh8 "HTTP/1.1 200 OK"
2026-05-07 23:14:20,658 | INFO | httpx | HTTP Request: GET https://api.cloud.llamaindex.ai/api/v2/parse/pjb-whrc94cfwtkha1tmobgrm479nfh8 "HTTP/1.1 200 OK"
2026-05-07 23:14:26,486 | INFO | httpx | HTTP Request: GET https://api.cloud.llamaindex.ai/api/v2/parse/pjb-whrc94cfwtkha1tmobgrm479nfh8 "HTTP/1.1 200 OK"
2026-05-07 23:14:32,289 | INFO | httpx | HTTP Request: GET https://api.cloud.llamaindex.ai/api/v2/parse/pjb-whrc94cfwtkha1tmobgrm479nfh8 "HTTP/1.1 200 OK"
2026-05-07 23:14:38,136 | INFO | httpx | HTTP Request: GET https://api.cloud.llamaindex.ai/api/v2/parse/pjb-whrc94cfwtkha1tmobgrm479nfh8 "HTTP/1.1 200 OK"
2026-05-07 23:14:43,961 | INFO | httpx | HTTP Request: GET https://api.cloud.llamaindex.ai/api/v2/parse/pjb-whrc94cfwtkha1tmobgrm479nfh8 "HTTP/1.1 200 OK"
2026-05-07 23:14:49,789 | INFO | httpx | HTTP Request: GET https://api.cloud.llamaindex.ai/api/v2/parse/pjb-whrc94cfwtkha1tmobgrm479nfh8 "HTTP/1.1 200 OK"
2026-05-07 23:14:55,649 | INFO | httpx | HTTP Request: GET https://api.cloud.llamaindex.ai/api/v2/parse/pjb-whrc94cfwtkha1tmobgrm479nfh8 "HTTP/1.1 200 OK"
2026-05-07 23:15:01,527 | INFO | httpx | HTTP Request: GET https://api.cloud.llamaindex.ai/api/v2/parse/pjb-whrc94cfwtkha1tmobgrm479nfh8 "HTTP/1.1 200 OK"
2026-05-07 23:15:07,327 | INFO | httpx | HTTP Request: GET https://api.cloud.llamaindex.ai/api/v2/parse/pjb-whrc94cfwtkha1tmobgrm479nfh8 "HTTP/1.1 200 OK"
2026-05-07 23:15:13,122 | INFO | httpx | HTTP Request: GET https://api.cloud.llamaindex.ai/api/v2/parse/pjb-whrc94cfwtkha1tmobgrm479nfh8 "HTTP/1.1 200 OK"
2026-05-07 23:15:18,937 | INFO | httpx | HTTP Request: GET https://api.cloud.llamaindex.ai/api/v2/parse/pjb-whrc94cfwtkha1tmobgrm479nfh8 "HTTP/1.1 200 OK"
2026-05-07 23:15:24,753 | INFO | httpx | HTTP Request: GET https://api.cloud.llamaindex.ai/api/v2/parse/pjb-whrc94cfwtkha1tmobgrm479nfh8 "HTTP/1.1 200 OK"
2026-05-07 23:15:30,589 | INFO | httpx | HTTP Request: GET https://api.cloud.llamaindex.ai/api/v2/parse/pjb-whrc94cfwtkha1tmobgrm479nfh8 "HTTP/1.1 200 OK"
2026-05-07 23:15:36,410 | INFO | httpx | HTTP Request: GET https://api.cloud.llamaindex.ai/api/v2/parse/pjb-whrc94cfwtkha1tmobgrm479nfh8 "HTTP/1.1 200 OK"
2026-05-07 23:15:42,242 | INFO | httpx | HTTP Request: GET https://api.cloud.llamaindex.ai/api/v2/parse/pjb-whrc94cfwtkha1tmobgrm479nfh8 "HTTP/1.1 200 OK"
2026-05-07 23:15:42,729 | INFO | httpx | HTTP Request: GET https://api.cloud.llamaindex.ai/api/v2/parse/pjb-whrc94cfwtkha1tmobgrm479nfh8?expand=markdown_full&expand=text_full "HTTP/1.1 200 OK"
2026-05-07 23:15:46,824 | INFO | httpx | HTTP Request: POST https://api.cloud.llamaindex.ai/api/v1/beta/files "HTTP/1.1 201 Created"
2026-05-07 23:15:47,258 | INFO | httpx | HTTP Request: POST https://api.cloud.llamaindex.ai/api/v2/parse "HTTP/1.1 200 OK"
2026-05-07 23:15:48,542 | INFO | httpx | HTTP Request: GET https://api.cloud.llamaindex.ai/api/v2/parse/pjb-jqud5g8dudrskwdyurbd0f9qqqam "HTTP/1.1 200 OK"
2026-05-07 23:15:50,817 | INFO | httpx | HTTP Request: GET https://api.cloud.llamaindex.ai/api/v2/parse/pjb-jqud5g8dudrskwdyurbd0f9qqqam "HTTP/1.1 200 OK"
2026-05-07 23:15:54,121 | INFO | httpx | HTTP Request: GET https://api.cloud.llamaindex.ai/api/v2/parse/pjb-jqud5g8dudrskwdyurbd0f9qqqam "HTTP/1.1 200 OK"
2026-05-07 23:15:58,423 | INFO | httpx | HTTP Request: GET https://api.cloud.llamaindex.ai/api/v2/parse/pjb-jqud5g8dudrskwdyurbd0f9qqqam "HTTP/1.1 200 OK"
2026-05-07 23:16:04,273 | INFO | httpx | HTTP Request: GET https://api.cloud.llamaindex.ai/api/v2/parse/pjb-jqud5g8dudrskwdyurbd0f9qqqam "HTTP/1.1 200 OK"
2026-05-07 23:16:10,084 | INFO | httpx | HTTP Request: GET https://api.cloud.llamaindex.ai/api/v2/parse/pjb-jqud5g8dudrskwdyurbd0f9qqqam "HTTP/1.1 200 OK"
2026-05-07 23:16:10,594 | INFO | httpx | HTTP Request: GET https://api.cloud.llamaindex.ai/api/v2/parse/pjb-jqud5g8dudrskwdyurbd0f9qqqam?expand=markdown_full&expand=text_full "HTTP/1.1 200 OK"
2026-05-07 23:16:13,314 | INFO | httpx | HTTP Request: POST https://api.cloud.llamaindex.ai/api/v1/beta/files "HTTP/1.1 201 Created"
2026-05-07 23:16:13,715 | INFO | httpx | HTTP Request: POST https://api.cloud.llamaindex.ai/api/v2/parse "HTTP/1.1 200 OK"
2026-05-07 23:16:15,009 | INFO | httpx | HTTP Request: GET https://api.cloud.llamaindex.ai/api/v2/parse/pjb-wija0bhl4b7yc6tbgo99abytwbhb "HTTP/1.1 200 OK"
2026-05-07 23:16:17,288 | INFO | httpx | HTTP Request: GET https://api.cloud.llamaindex.ai/api/v2/parse/pjb-wija0bhl4b7yc6tbgo99abytwbhb "HTTP/1.1 200 OK"
2026-05-07 23:16:20,577 | INFO | httpx | HTTP Request: GET https://api.cloud.llamaindex.ai/api/v2/parse/pjb-wija0bhl4b7yc6tbgo99abytwbhb "HTTP/1.1 200 OK"
2026-05-07 23:16:24,880 | INFO | httpx | HTTP Request: GET https://api.cloud.llamaindex.ai/api/v2/parse/pjb-wija0bhl4b7yc6tbgo99abytwbhb "HTTP/1.1 200 OK"
2026-05-07 23:16:30,677 | INFO | httpx | HTTP Request: GET https://api.cloud.llamaindex.ai/api/v2/parse/pjb-wija0bhl4b7yc6tbgo99abytwbhb "HTTP/1.1 200 OK"
2026-05-07 23:16:36,672 | INFO | httpx | HTTP Request: GET https://api.cloud.llamaindex.ai/api/v2/parse/pjb-wija0bhl4b7yc6tbgo99abytwbhb "HTTP/1.1 200 OK"
2026-05-07 23:16:37,184 | INFO | httpx | HTTP Request: GET https://api.cloud.llamaindex.ai/api/v2/parse/pjb-wija0bhl4b7yc6tbgo99abytwbhb?expand=markdown_full&expand=text_full "HTTP/1.1 200 OK"
2026-05-07 23:16:39,556 | INFO | httpx | HTTP Request: POST https://api.cloud.llamaindex.ai/api/v1/beta/files "HTTP/1.1 201 Created"
2026-05-07 23:16:40,045 | INFO | httpx | HTTP Request: POST https://api.cloud.llamaindex.ai/api/v2/parse "HTTP/1.1 200 OK"
2026-05-07 23:16:41,344 | INFO | httpx | HTTP Request: GET https://api.cloud.llamaindex.ai/api/v2/parse/pjb-hpydddyoytqs5rlyhv1sl64mscct "HTTP/1.1 200 OK"
2026-05-07 23:16:43,643 | INFO | httpx | HTTP Request: GET https://api.cloud.llamaindex.ai/api/v2/parse/pjb-hpydddyoytqs5rlyhv1sl64mscct "HTTP/1.1 200 OK"
2026-05-07 23:16:46,938 | INFO | httpx | HTTP Request: GET https://api.cloud.llamaindex.ai/api/v2/parse/pjb-hpydddyoytqs5rlyhv1sl64mscct "HTTP/1.1 200 OK"
2026-05-07 23:16:51,245 | INFO | httpx | HTTP Request: GET https://api.cloud.llamaindex.ai/api/v2/parse/pjb-hpydddyoytqs5rlyhv1sl64mscct "HTTP/1.1 200 OK"
2026-05-07 23:16:57,063 | INFO | httpx | HTTP Request: GET https://api.cloud.llamaindex.ai/api/v2/parse/pjb-hpydddyoytqs5rlyhv1sl64mscct "HTTP/1.1 200 OK"
2026-05-07 23:17:02,879 | INFO | httpx | HTTP Request: GET https://api.cloud.llamaindex.ai/api/v2/parse/pjb-hpydddyoytqs5rlyhv1sl64mscct "HTTP/1.1 200 OK"
2026-05-07 23:17:03,448 | INFO | httpx | HTTP Request: GET https://api.cloud.llamaindex.ai/api/v2/parse/pjb-hpydddyoytqs5rlyhv1sl64mscct?expand=markdown_full&expand=text_full "HTTP/1.1 200 OK"
2026-05-07 23:17:06,585 | INFO | httpx | HTTP Request: POST https://api.cloud.llamaindex.ai/api/v1/beta/files "HTTP/1.1 201 Created"
2026-05-07 23:17:07,114 | INFO | httpx | HTTP Request: POST https://api.cloud.llamaindex.ai/api/v2/parse "HTTP/1.1 200 OK"
2026-05-07 23:17:08,546 | INFO | httpx | HTTP Request: GET https://api.cloud.llamaindex.ai/api/v2/parse/pjb-mvpiq8g53388ttfdzvpop8rlx7cn "HTTP/1.1 200 OK"
2026-05-07 23:17:10,943 | INFO | httpx | HTTP Request: GET https://api.cloud.llamaindex.ai/api/v2/parse/pjb-mvpiq8g53388ttfdzvpop8rlx7cn "HTTP/1.1 200 OK"
2026-05-07 23:17:14,238 | INFO | httpx | HTTP Request: GET https://api.cloud.llamaindex.ai/api/v2/parse/pjb-mvpiq8g53388ttfdzvpop8rlx7cn "HTTP/1.1 200 OK"
2026-05-07 23:17:18,532 | INFO | httpx | HTTP Request: GET https://api.cloud.llamaindex.ai/api/v2/parse/pjb-mvpiq8g53388ttfdzvpop8rlx7cn "HTTP/1.1 200 OK"
2026-05-07 23:17:24,353 | INFO | httpx | HTTP Request: GET https://api.cloud.llamaindex.ai/api/v2/parse/pjb-mvpiq8g53388ttfdzvpop8rlx7cn "HTTP/1.1 200 OK"
2026-05-07 23:17:30,166 | INFO | httpx | HTTP Request: GET https://api.cloud.llamaindex.ai/api/v2/parse/pjb-mvpiq8g53388ttfdzvpop8rlx7cn "HTTP/1.1 200 OK"
2026-05-07 23:17:30,754 | INFO | httpx | HTTP Request: GET https://api.cloud.llamaindex.ai/api/v2/parse/pjb-mvpiq8g53388ttfdzvpop8rlx7cn?expand=markdown_full&expand=text_full "HTTP/1.1 200 OK"
2026-05-07 23:17:33,335 | INFO | httpx | HTTP Request: POST https://api.cloud.llamaindex.ai/api/v1/beta/files "HTTP/1.1 201 Created"
2026-05-07 23:17:33,808 | INFO | httpx | HTTP Request: POST https://api.cloud.llamaindex.ai/api/v2/parse "HTTP/1.1 200 OK"
2026-05-07 23:17:35,132 | INFO | httpx | HTTP Request: GET https://api.cloud.llamaindex.ai/api/v2/parse/pjb-s6i8gtw319e11w00bprk1mw98aik "HTTP/1.1 200 OK"
2026-05-07 23:17:37,448 | INFO | httpx | HTTP Request: GET https://api.cloud.llamaindex.ai/api/v2/parse/pjb-s6i8gtw319e11w00bprk1mw98aik "HTTP/1.1 200 OK"
2026-05-07 23:17:40,756 | INFO | httpx | HTTP Request: GET https://api.cloud.llamaindex.ai/api/v2/parse/pjb-s6i8gtw319e11w00bprk1mw98aik "HTTP/1.1 200 OK"
2026-05-07 23:17:45,096 | INFO | httpx | HTTP Request: GET https://api.cloud.llamaindex.ai/api/v2/parse/pjb-s6i8gtw319e11w00bprk1mw98aik "HTTP/1.1 200 OK"
2026-05-07 23:17:50,917 | INFO | httpx | HTTP Request: GET https://api.cloud.llamaindex.ai/api/v2/parse/pjb-s6i8gtw319e11w00bprk1mw98aik "HTTP/1.1 200 OK"
2026-05-07 23:17:56,727 | INFO | httpx | HTTP Request: GET https://api.cloud.llamaindex.ai/api/v2/parse/pjb-s6i8gtw319e11w00bprk1mw98aik "HTTP/1.1 200 OK"
2026-05-07 23:17:57,246 | INFO | httpx | HTTP Request: GET https://api.cloud.llamaindex.ai/api/v2/parse/pjb-s6i8gtw319e11w00bprk1mw98aik?expand=markdown_full&expand=text_full "HTTP/1.1 200 OK"
2026-05-07 23:18:00,960 | INFO | httpx | HTTP Request: POST https://api.cloud.llamaindex.ai/api/v1/beta/files "HTTP/1.1 201 Created"
2026-05-07 23:18:01,389 | INFO | httpx | HTTP Request: POST https://api.cloud.llamaindex.ai/api/v2/parse "HTTP/1.1 200 OK"
2026-05-07 23:18:02,726 | INFO | httpx | HTTP Request: GET https://api.cloud.llamaindex.ai/api/v2/parse/pjb-c4yebl0lbsu5dcfgvlmhm4vt2ymu "HTTP/1.1 200 OK"
2026-05-07 23:18:05,045 | INFO | httpx | HTTP Request: GET https://api.cloud.llamaindex.ai/api/v2/parse/pjb-c4yebl0lbsu5dcfgvlmhm4vt2ymu "HTTP/1.1 200 OK"
2026-05-07 23:18:08,359 | INFO | httpx | HTTP Request: GET https://api.cloud.llamaindex.ai/api/v2/parse/pjb-c4yebl0lbsu5dcfgvlmhm4vt2ymu "HTTP/1.1 200 OK"
2026-05-07 23:18:12,756 | INFO | httpx | HTTP Request: GET https://api.cloud.llamaindex.ai/api/v2/parse/pjb-c4yebl0lbsu5dcfgvlmhm4vt2ymu "HTTP/1.1 200 OK"
2026-05-07 23:18:18,569 | INFO | httpx | HTTP Request: GET https://api.cloud.llamaindex.ai/api/v2/parse/pjb-c4yebl0lbsu5dcfgvlmhm4vt2ymu "HTTP/1.1 200 OK"
2026-05-07 23:18:24,393 | INFO | httpx | HTTP Request: GET https://api.cloud.llamaindex.ai/api/v2/parse/pjb-c4yebl0lbsu5dcfgvlmhm4vt2ymu "HTTP/1.1 200 OK"
2026-05-07 23:18:24,907 | INFO | httpx | HTTP Request: GET https://api.cloud.llamaindex.ai/api/v2/parse/pjb-c4yebl0lbsu5dcfgvlmhm4vt2ymu?expand=markdown_full&expand=text_full "HTTP/1.1 200 OK"
2026-05-07 23:18:27,346 | INFO | httpx | HTTP Request: POST https://api.cloud.llamaindex.ai/api/v1/beta/files "HTTP/1.1 201 Created"
2026-05-07 23:18:27,830 | INFO | httpx | HTTP Request: POST https://api.cloud.llamaindex.ai/api/v2/parse "HTTP/1.1 200 OK"
2026-05-07 23:18:29,135 | INFO | httpx | HTTP Request: GET https://api.cloud.llamaindex.ai/api/v2/parse/pjb-nbis1j2w7amw5ujyz73br47wznqg "HTTP/1.1 200 OK"
2026-05-07 23:18:31,483 | INFO | httpx | HTTP Request: GET https://api.cloud.llamaindex.ai/api/v2/parse/pjb-nbis1j2w7amw5ujyz73br47wznqg "HTTP/1.1 200 OK"
2026-05-07 23:18:34,798 | INFO | httpx | HTTP Request: GET https://api.cloud.llamaindex.ai/api/v2/parse/pjb-nbis1j2w7amw5ujyz73br47wznqg "HTTP/1.1 200 OK"
2026-05-07 23:18:39,125 | INFO | httpx | HTTP Request: GET https://api.cloud.llamaindex.ai/api/v2/parse/pjb-nbis1j2w7amw5ujyz73br47wznqg "HTTP/1.1 200 OK"
2026-05-07 23:18:44,945 | INFO | httpx | HTTP Request: GET https://api.cloud.llamaindex.ai/api/v2/parse/pjb-nbis1j2w7amw5ujyz73br47wznqg "HTTP/1.1 200 OK"
2026-05-07 23:18:50,820 | INFO | httpx | HTTP Request: GET https://api.cloud.llamaindex.ai/api/v2/parse/pjb-nbis1j2w7amw5ujyz73br47wznqg "HTTP/1.1 200 OK"
2026-05-07 23:18:51,385 | INFO | httpx | HTTP Request: GET https://api.cloud.llamaindex.ai/api/v2/parse/pjb-nbis1j2w7amw5ujyz73br47wznqg?expand=markdown_full&expand=text_full "HTTP/1.1 200 OK"
2026-05-07 23:18:53,856 | INFO | httpx | HTTP Request: POST https://api.cloud.llamaindex.ai/api/v1/beta/files "HTTP/1.1 201 Created"
2026-05-07 23:18:54,318 | INFO | httpx | HTTP Request: POST https://api.cloud.llamaindex.ai/api/v2/parse "HTTP/1.1 200 OK"
2026-05-07 23:18:55,613 | INFO | httpx | HTTP Request: GET https://api.cloud.llamaindex.ai/api/v2/parse/pjb-jgrdaepka0jfhe5kg496fl54gt70 "HTTP/1.1 200 OK"
2026-05-07 23:18:57,928 | INFO | httpx | HTTP Request: GET https://api.cloud.llamaindex.ai/api/v2/parse/pjb-jgrdaepka0jfhe5kg496fl54gt70 "HTTP/1.1 200 OK"
2026-05-07 23:19:01,235 | INFO | httpx | HTTP Request: GET https://api.cloud.llamaindex.ai/api/v2/parse/pjb-jgrdaepka0jfhe5kg496fl54gt70 "HTTP/1.1 200 OK"
2026-05-07 23:19:05,541 | INFO | httpx | HTTP Request: GET https://api.cloud.llamaindex.ai/api/v2/parse/pjb-jgrdaepka0jfhe5kg496fl54gt70 "HTTP/1.1 200 OK"
2026-05-07 23:19:11,389 | INFO | httpx | HTTP Request: GET https://api.cloud.llamaindex.ai/api/v2/parse/pjb-jgrdaepka0jfhe5kg496fl54gt70 "HTTP/1.1 200 OK"
2026-05-07 23:19:17,247 | INFO | httpx | HTTP Request: GET https://api.cloud.llamaindex.ai/api/v2/parse/pjb-jgrdaepka0jfhe5kg496fl54gt70 "HTTP/1.1 200 OK"
2026-05-07 23:19:17,834 | INFO | httpx | HTTP Request: GET https://api.cloud.llamaindex.ai/api/v2/parse/pjb-jgrdaepka0jfhe5kg496fl54gt70?expand=markdown_full&expand=text_full "HTTP/1.1 200 OK"
2026-05-07 23:19:17,840 | WARNING | ocr | OCR issue in Constituency_45ตำบลชุมพล.pdf unit 0: No structured election values found in OCR text
2026-05-07 23:19:20,349 | INFO | httpx | HTTP Request: POST https://api.cloud.llamaindex.ai/api/v1/beta/files "HTTP/1.1 201 Created"
2026-05-07 23:19:20,790 | INFO | httpx | HTTP Request: POST https://api.cloud.llamaindex.ai/api/v2/parse "HTTP/1.1 200 OK"
2026-05-07 23:19:22,091 | INFO | httpx | HTTP Request: GET https://api.cloud.llamaindex.ai/api/v2/parse/pjb-bwmftgopodlthk6sg2bdg39ugjmu "HTTP/1.1 200 OK"
2026-05-07 23:19:24,428 | INFO | httpx | HTTP Request: GET https://api.cloud.llamaindex.ai/api/v2/parse/pjb-bwmftgopodlthk6sg2bdg39ugjmu "HTTP/1.1 200 OK"
2026-05-07 23:19:27,747 | INFO | httpx | HTTP Request: GET https://api.cloud.llamaindex.ai/api/v2/parse/pjb-bwmftgopodlthk6sg2bdg39ugjmu "HTTP/1.1 200 OK"
2026-05-07 23:19:32,060 | INFO | httpx | HTTP Request: GET https://api.cloud.llamaindex.ai/api/v2/parse/pjb-bwmftgopodlthk6sg2bdg39ugjmu "HTTP/1.1 200 OK"
2026-05-07 23:19:37,851 | INFO | httpx | HTTP Request: GET https://api.cloud.llamaindex.ai/api/v2/parse/pjb-bwmftgopodlthk6sg2bdg39ugjmu "HTTP/1.1 200 OK"
2026-05-07 23:19:43,698 | INFO | httpx | HTTP Request: GET https://api.cloud.llamaindex.ai/api/v2/parse/pjb-bwmftgopodlthk6sg2bdg39ugjmu "HTTP/1.1 200 OK"
2026-05-07 23:19:44,261 | INFO | httpx | HTTP Request: GET https://api.cloud.llamaindex.ai/api/v2/parse/pjb-bwmftgopodlthk6sg2bdg39ugjmu?expand=markdown_full&expand=text_full "HTTP/1.1 200 OK"
2026-05-07 23:19:47,632 | INFO | httpx | HTTP Request: POST https://api.cloud.llamaindex.ai/api/v1/beta/files "HTTP/1.1 201 Created"
2026-05-07 23:19:48,085 | INFO | httpx | HTTP Request: POST https://api.cloud.llamaindex.ai/api/v2/parse "HTTP/1.1 200 OK"
2026-05-07 23:19:49,388 | INFO | httpx | HTTP Request: GET https://api.cloud.llamaindex.ai/api/v2/parse/pjb-f3en9vqrvf591og2kudumxaijujt "HTTP/1.1 200 OK"
2026-05-07 23:19:51,719 | INFO | httpx | HTTP Request: GET https://api.cloud.llamaindex.ai/api/v2/parse/pjb-f3en9vqrvf591og2kudumxaijujt "HTTP/1.1 200 OK"
2026-05-07 23:19:55,027 | INFO | httpx | HTTP Request: GET https://api.cloud.llamaindex.ai/api/v2/parse/pjb-f3en9vqrvf591og2kudumxaijujt "HTTP/1.1 200 OK"
2026-05-07 23:19:59,327 | INFO | httpx | HTTP Request: GET https://api.cloud.llamaindex.ai/api/v2/parse/pjb-f3en9vqrvf591og2kudumxaijujt "HTTP/1.1 200 OK"
2026-05-07 23:20:05,127 | INFO | httpx | HTTP Request: GET https://api.cloud.llamaindex.ai/api/v2/parse/pjb-f3en9vqrvf591og2kudumxaijujt "HTTP/1.1 200 OK"
2026-05-07 23:20:05,638 | INFO | httpx | HTTP Request: GET https://api.cloud.llamaindex.ai/api/v2/parse/pjb-f3en9vqrvf591og2kudumxaijujt?expand=markdown_full&expand=text_full "HTTP/1.1 200 OK"
2026-05-07 23:20:08,105 | INFO | httpx | HTTP Request: POST https://api.cloud.llamaindex.ai/api/v1/beta/files "HTTP/1.1 201 Created"
2026-05-07 23:20:08,616 | INFO | httpx | HTTP Request: POST https://api.cloud.llamaindex.ai/api/v2/parse "HTTP/1.1 200 OK"
2026-05-07 23:20:09,934 | INFO | httpx | HTTP Request: GET https://api.cloud.llamaindex.ai/api/v2/parse/pjb-baed3nqgx22f1s3oardjfq27uk1e "HTTP/1.1 200 OK"
2026-05-07 23:20:12,237 | INFO | httpx | HTTP Request: GET https://api.cloud.llamaindex.ai/api/v2/parse/pjb-baed3nqgx22f1s3oardjfq27uk1e "HTTP/1.1 200 OK"
2026-05-07 23:20:15,993 | INFO | httpx | HTTP Request: GET https://api.cloud.llamaindex.ai/api/v2/parse/pjb-baed3nqgx22f1s3oardjfq27uk1e "HTTP/1.1 200 OK"
2026-05-07 23:20:20,402 | INFO | httpx | HTTP Request: GET https://api.cloud.llamaindex.ai/api/v2/parse/pjb-baed3nqgx22f1s3oardjfq27uk1e "HTTP/1.1 200 OK"
2026-05-07 23:20:26,197 | INFO | httpx | HTTP Request: GET https://api.cloud.llamaindex.ai/api/v2/parse/pjb-baed3nqgx22f1s3oardjfq27uk1e "HTTP/1.1 200 OK"
2026-05-07 23:20:31,983 | INFO | httpx | HTTP Request: GET https://api.cloud.llamaindex.ai/api/v2/parse/pjb-baed3nqgx22f1s3oardjfq27uk1e "HTTP/1.1 200 OK"
2026-05-07 23:20:32,474 | INFO | httpx | HTTP Request: GET https://api.cloud.llamaindex.ai/api/v2/parse/pjb-baed3nqgx22f1s3oardjfq27uk1e?expand=markdown_full&expand=text_full "HTTP/1.1 200 OK"
2026-05-07 23:20:35,096 | INFO | httpx | HTTP Request: POST https://api.cloud.llamaindex.ai/api/v1/beta/files "HTTP/1.1 201 Created"
2026-05-07 23:20:35,579 | INFO | httpx | HTTP Request: POST https://api.cloud.llamaindex.ai/api/v2/parse "HTTP/1.1 200 OK"
2026-05-07 23:20:36,868 | INFO | httpx | HTTP Request: GET https://api.cloud.llamaindex.ai/api/v2/parse/pjb-6jrflblje11bmtv95yqzdylcyg0d "HTTP/1.1 200 OK"
2026-05-07 23:20:39,169 | INFO | httpx | HTTP Request: GET https://api.cloud.llamaindex.ai/api/v2/parse/pjb-6jrflblje11bmtv95yqzdylcyg0d "HTTP/1.1 200 OK"
2026-05-07 23:20:42,458 | INFO | httpx | HTTP Request: GET https://api.cloud.llamaindex.ai/api/v2/parse/pjb-6jrflblje11bmtv95yqzdylcyg0d "HTTP/1.1 200 OK"
2026-05-07 23:20:46,791 | INFO | httpx | HTTP Request: GET https://api.cloud.llamaindex.ai/api/v2/parse/pjb-6jrflblje11bmtv95yqzdylcyg0d "HTTP/1.1 200 OK"
2026-05-07 23:20:52,648 | INFO | httpx | HTTP Request: GET https://api.cloud.llamaindex.ai/api/v2/parse/pjb-6jrflblje11bmtv95yqzdylcyg0d "HTTP/1.1 200 OK"
2026-05-07 23:20:58,495 | INFO | httpx | HTTP Request: GET https://api.cloud.llamaindex.ai/api/v2/parse/pjb-6jrflblje11bmtv95yqzdylcyg0d "HTTP/1.1 200 OK"
2026-05-07 23:20:59,022 | INFO | httpx | HTTP Request: GET https://api.cloud.llamaindex.ai/api/v2/parse/pjb-6jrflblje11bmtv95yqzdylcyg0d?expand=markdown_full&expand=text_full "HTTP/1.1 200 OK"
2026-05-07 23:21:01,790 | INFO | httpx | HTTP Request: POST https://api.cloud.llamaindex.ai/api/v1/beta/files "HTTP/1.1 201 Created"
2026-05-07 23:21:02,273 | INFO | httpx | HTTP Request: POST https://api.cloud.llamaindex.ai/api/v2/parse "HTTP/1.1 200 OK"
2026-05-07 23:21:03,580 | INFO | httpx | HTTP Request: GET https://api.cloud.llamaindex.ai/api/v2/parse/pjb-9liyxmteaw6ixzdoor8vheex9kq6 "HTTP/1.1 200 OK"
2026-05-07 23:21:05,898 | INFO | httpx | HTTP Request: GET https://api.cloud.llamaindex.ai/api/v2/parse/pjb-9liyxmteaw6ixzdoor8vheex9kq6 "HTTP/1.1 200 OK"
2026-05-07 23:21:09,759 | INFO | httpx | HTTP Request: GET https://api.cloud.llamaindex.ai/api/v2/parse/pjb-9liyxmteaw6ixzdoor8vheex9kq6 "HTTP/1.1 200 OK"
2026-05-07 23:21:14,074 | INFO | httpx | HTTP Request: GET https://api.cloud.llamaindex.ai/api/v2/parse/pjb-9liyxmteaw6ixzdoor8vheex9kq6 "HTTP/1.1 200 OK"
2026-05-07 23:21:19,926 | INFO | httpx | HTTP Request: GET https://api.cloud.llamaindex.ai/api/v2/parse/pjb-9liyxmteaw6ixzdoor8vheex9kq6 "HTTP/1.1 200 OK"
2026-05-07 23:21:20,410 | INFO | httpx | HTTP Request: GET https://api.cloud.llamaindex.ai/api/v2/parse/pjb-9liyxmteaw6ixzdoor8vheex9kq6?expand=markdown_full&expand=text_full "HTTP/1.1 200 OK"
2026-05-07 23:21:22,826 | INFO | httpx | HTTP Request: POST https://api.cloud.llamaindex.ai/api/v1/beta/files "HTTP/1.1 201 Created"
2026-05-07 23:21:23,245 | INFO | httpx | HTTP Request: POST https://api.cloud.llamaindex.ai/api/v2/parse "HTTP/1.1 200 OK"
2026-05-07 23:21:24,556 | INFO | httpx | HTTP Request: GET https://api.cloud.llamaindex.ai/api/v2/parse/pjb-jwqqnc2u3alupfsv64o66ltn7psp "HTTP/1.1 200 OK"
2026-05-07 23:21:26,865 | INFO | httpx | HTTP Request: GET https://api.cloud.llamaindex.ai/api/v2/parse/pjb-jwqqnc2u3alupfsv64o66ltn7psp "HTTP/1.1 200 OK"
2026-05-07 23:21:30,157 | INFO | httpx | HTTP Request: GET https://api.cloud.llamaindex.ai/api/v2/parse/pjb-jwqqnc2u3alupfsv64o66ltn7psp "HTTP/1.1 200 OK"
2026-05-07 23:21:34,459 | INFO | httpx | HTTP Request: GET https://api.cloud.llamaindex.ai/api/v2/parse/pjb-jwqqnc2u3alupfsv64o66ltn7psp "HTTP/1.1 200 OK"
2026-05-07 23:21:40,293 | INFO | httpx | HTTP Request: GET https://api.cloud.llamaindex.ai/api/v2/parse/pjb-jwqqnc2u3alupfsv64o66ltn7psp "HTTP/1.1 200 OK"
2026-05-07 23:21:40,777 | INFO | httpx | HTTP Request: GET https://api.cloud.llamaindex.ai/api/v2/parse/pjb-jwqqnc2u3alupfsv64o66ltn7psp?expand=markdown_full&expand=text_full "HTTP/1.1 200 OK"
2026-05-07 23:21:43,157 | INFO | httpx | HTTP Request: POST https://api.cloud.llamaindex.ai/api/v1/beta/files "HTTP/1.1 201 Created"
2026-05-07 23:21:43,647 | INFO | httpx | HTTP Request: POST https://api.cloud.llamaindex.ai/api/v2/parse "HTTP/1.1 200 OK"
2026-05-07 23:21:44,961 | INFO | httpx | HTTP Request: GET https://api.cloud.llamaindex.ai/api/v2/parse/pjb-divnko2kup1pr7qcpa4nq1ringjr "HTTP/1.1 200 OK"
2026-05-07 23:21:47,276 | INFO | httpx | HTTP Request: GET https://api.cloud.llamaindex.ai/api/v2/parse/pjb-divnko2kup1pr7qcpa4nq1ringjr "HTTP/1.1 200 OK"
2026-05-07 23:21:50,610 | INFO | httpx | HTTP Request: GET https://api.cloud.llamaindex.ai/api/v2/parse/pjb-divnko2kup1pr7qcpa4nq1ringjr "HTTP/1.1 200 OK"
2026-05-07 23:21:54,951 | INFO | httpx | HTTP Request: GET https://api.cloud.llamaindex.ai/api/v2/parse/pjb-divnko2kup1pr7qcpa4nq1ringjr "HTTP/1.1 200 OK"
2026-05-07 23:22:00,788 | INFO | httpx | HTTP Request: GET https://api.cloud.llamaindex.ai/api/v2/parse/pjb-divnko2kup1pr7qcpa4nq1ringjr "HTTP/1.1 200 OK"
2026-05-07 23:22:06,599 | INFO | httpx | HTTP Request: GET https://api.cloud.llamaindex.ai/api/v2/parse/pjb-divnko2kup1pr7qcpa4nq1ringjr "HTTP/1.1 200 OK"
2026-05-07 23:22:07,104 | INFO | httpx | HTTP Request: GET https://api.cloud.llamaindex.ai/api/v2/parse/pjb-divnko2kup1pr7qcpa4nq1ringjr?expand=markdown_full&expand=text_full "HTTP/1.1 200 OK"
2026-05-07 23:22:09,568 | INFO | httpx | HTTP Request: POST https://api.cloud.llamaindex.ai/api/v1/beta/files "HTTP/1.1 201 Created"
2026-05-07 23:22:09,985 | INFO | httpx | HTTP Request: POST https://api.cloud.llamaindex.ai/api/v2/parse "HTTP/1.1 200 OK"
2026-05-07 23:22:11,288 | INFO | httpx | HTTP Request: GET https://api.cloud.llamaindex.ai/api/v2/parse/pjb-blql67mtthhvbammvi7s081amfk6 "HTTP/1.1 200 OK"
2026-05-07 23:22:13,588 | INFO | httpx | HTTP Request: GET https://api.cloud.llamaindex.ai/api/v2/parse/pjb-blql67mtthhvbammvi7s081amfk6 "HTTP/1.1 200 OK"
2026-05-07 23:22:16,889 | INFO | httpx | HTTP Request: GET https://api.cloud.llamaindex.ai/api/v2/parse/pjb-blql67mtthhvbammvi7s081amfk6 "HTTP/1.1 200 OK"
2026-05-07 23:22:21,212 | INFO | httpx | HTTP Request: GET https://api.cloud.llamaindex.ai/api/v2/parse/pjb-blql67mtthhvbammvi7s081amfk6 "HTTP/1.1 200 OK"
2026-05-07 23:22:27,122 | INFO | httpx | HTTP Request: GET https://api.cloud.llamaindex.ai/api/v2/parse/pjb-blql67mtthhvbammvi7s081amfk6 "HTTP/1.1 200 OK"
2026-05-07 23:22:32,967 | INFO | httpx | HTTP Request: GET https://api.cloud.llamaindex.ai/api/v2/parse/pjb-blql67mtthhvbammvi7s081amfk6 "HTTP/1.1 200 OK"
2026-05-07 23:22:33,482 | INFO | httpx | HTTP Request: GET https://api.cloud.llamaindex.ai/api/v2/parse/pjb-blql67mtthhvbammvi7s081amfk6?expand=markdown_full&expand=text_full "HTTP/1.1 200 OK"
2026-05-07 23:22:35,926 | INFO | httpx | HTTP Request: POST https://api.cloud.llamaindex.ai/api/v1/beta/files "HTTP/1.1 201 Created"
2026-05-07 23:22:36,690 | INFO | httpx | HTTP Request: POST https://api.cloud.llamaindex.ai/api/v2/parse "HTTP/1.1 200 OK"
2026-05-07 23:22:38,002 | INFO | httpx | HTTP Request: GET https://api.cloud.llamaindex.ai/api/v2/parse/pjb-2665drd739bslg729ebgcps4roov "HTTP/1.1 200 OK"
2026-05-07 23:22:40,372 | INFO | httpx | HTTP Request: GET https://api.cloud.llamaindex.ai/api/v2/parse/pjb-2665drd739bslg729ebgcps4roov "HTTP/1.1 200 OK"
2026-05-07 23:22:43,690 | INFO | httpx | HTTP Request: GET https://api.cloud.llamaindex.ai/api/v2/parse/pjb-2665drd739bslg729ebgcps4roov "HTTP/1.1 200 OK"
2026-05-07 23:22:48,008 | INFO | httpx | HTTP Request: GET https://api.cloud.llamaindex.ai/api/v2/parse/pjb-2665drd739bslg729ebgcps4roov "HTTP/1.1 200 OK"
2026-05-07 23:22:53,841 | INFO | httpx | HTTP Request: GET https://api.cloud.llamaindex.ai/api/v2/parse/pjb-2665drd739bslg729ebgcps4roov "HTTP/1.1 200 OK"
2026-05-07 23:22:54,336 | INFO | httpx | HTTP Request: GET https://api.cloud.llamaindex.ai/api/v2/parse/pjb-2665drd739bslg729ebgcps4roov?expand=markdown_full&expand=text_full "HTTP/1.1 200 OK"
2026-05-07 23:22:56,791 | INFO | httpx | HTTP Request: POST https://api.cloud.llamaindex.ai/api/v1/beta/files "HTTP/1.1 201 Created"
2026-05-07 23:22:57,278 | INFO | httpx | HTTP Request: POST https://api.cloud.llamaindex.ai/api/v2/parse "HTTP/1.1 200 OK"
2026-05-07 23:22:58,583 | INFO | httpx | HTTP Request: GET https://api.cloud.llamaindex.ai/api/v2/parse/pjb-c1e4eii5rjw28l3eqw5j9buxrfhp "HTTP/1.1 200 OK"
2026-05-07 23:23:00,974 | INFO | httpx | HTTP Request: GET https://api.cloud.llamaindex.ai/api/v2/parse/pjb-c1e4eii5rjw28l3eqw5j9buxrfhp "HTTP/1.1 200 OK"
2026-05-07 23:23:04,276 | INFO | httpx | HTTP Request: GET https://api.cloud.llamaindex.ai/api/v2/parse/pjb-c1e4eii5rjw28l3eqw5j9buxrfhp "HTTP/1.1 200 OK"
2026-05-07 23:23:08,587 | INFO | httpx | HTTP Request: GET https://api.cloud.llamaindex.ai/api/v2/parse/pjb-c1e4eii5rjw28l3eqw5j9buxrfhp "HTTP/1.1 200 OK"
2026-05-07 23:23:14,424 | INFO | httpx | HTTP Request: GET https://api.cloud.llamaindex.ai/api/v2/parse/pjb-c1e4eii5rjw28l3eqw5j9buxrfhp "HTTP/1.1 200 OK"
2026-05-07 23:23:14,922 | INFO | httpx | HTTP Request: GET https://api.cloud.llamaindex.ai/api/v2/parse/pjb-c1e4eii5rjw28l3eqw5j9buxrfhp?expand=markdown_full&expand=text_full "HTTP/1.1 200 OK"
2026-05-07 23:23:17,763 | INFO | httpx | HTTP Request: POST https://api.cloud.llamaindex.ai/api/v1/beta/files "HTTP/1.1 201 Created"
2026-05-07 23:23:18,231 | INFO | httpx | HTTP Request: POST https://api.cloud.llamaindex.ai/api/v2/parse "HTTP/1.1 200 OK"
2026-05-07 23:23:19,535 | INFO | httpx | HTTP Request: GET https://api.cloud.llamaindex.ai/api/v2/parse/pjb-beiv8iuh9hzdbfjauh9q7xsa4976 "HTTP/1.1 200 OK"
2026-05-07 23:23:21,846 | INFO | httpx | HTTP Request: GET https://api.cloud.llamaindex.ai/api/v2/parse/pjb-beiv8iuh9hzdbfjauh9q7xsa4976 "HTTP/1.1 200 OK"
2026-05-07 23:23:25,196 | INFO | httpx | HTTP Request: GET https://api.cloud.llamaindex.ai/api/v2/parse/pjb-beiv8iuh9hzdbfjauh9q7xsa4976 "HTTP/1.1 200 OK"
2026-05-07 23:23:29,550 | INFO | httpx | HTTP Request: GET https://api.cloud.llamaindex.ai/api/v2/parse/pjb-beiv8iuh9hzdbfjauh9q7xsa4976 "HTTP/1.1 200 OK"
2026-05-07 23:23:35,390 | INFO | httpx | HTTP Request: GET https://api.cloud.llamaindex.ai/api/v2/parse/pjb-beiv8iuh9hzdbfjauh9q7xsa4976 "HTTP/1.1 200 OK"
2026-05-07 23:23:41,207 | INFO | httpx | HTTP Request: GET https://api.cloud.llamaindex.ai/api/v2/parse/pjb-beiv8iuh9hzdbfjauh9q7xsa4976 "HTTP/1.1 200 OK"
2026-05-07 23:23:41,749 | INFO | httpx | HTTP Request: GET https://api.cloud.llamaindex.ai/api/v2/parse/pjb-beiv8iuh9hzdbfjauh9q7xsa4976?expand=markdown_full&expand=text_full "HTTP/1.1 200 OK"
2026-05-07 23:23:44,261 | INFO | httpx | HTTP Request: POST https://api.cloud.llamaindex.ai/api/v1/beta/files "HTTP/1.1 201 Created"
2026-05-07 23:23:44,693 | INFO | httpx | HTTP Request: POST https://api.cloud.llamaindex.ai/api/v2/parse "HTTP/1.1 200 OK"
2026-05-07 23:23:46,233 | INFO | httpx | HTTP Request: GET https://api.cloud.llamaindex.ai/api/v2/parse/pjb-rwj7syfwa7a85dfjl9h24qabhera "HTTP/1.1 200 OK"
2026-05-07 23:23:48,539 | INFO | httpx | HTTP Request: GET https://api.cloud.llamaindex.ai/api/v2/parse/pjb-rwj7syfwa7a85dfjl9h24qabhera "HTTP/1.1 200 OK"
2026-05-07 23:23:51,852 | INFO | httpx | HTTP Request: GET https://api.cloud.llamaindex.ai/api/v2/parse/pjb-rwj7syfwa7a85dfjl9h24qabhera "HTTP/1.1 200 OK"
2026-05-07 23:23:56,164 | INFO | httpx | HTTP Request: GET https://api.cloud.llamaindex.ai/api/v2/parse/pjb-rwj7syfwa7a85dfjl9h24qabhera "HTTP/1.1 200 OK"
2026-05-07 23:24:01,982 | INFO | httpx | HTTP Request: GET https://api.cloud.llamaindex.ai/api/v2/parse/pjb-rwj7syfwa7a85dfjl9h24qabhera "HTTP/1.1 200 OK"
2026-05-07 23:24:07,818 | INFO | httpx | HTTP Request: GET https://api.cloud.llamaindex.ai/api/v2/parse/pjb-rwj7syfwa7a85dfjl9h24qabhera "HTTP/1.1 200 OK"
2026-05-07 23:24:08,291 | INFO | httpx | HTTP Request: GET https://api.cloud.llamaindex.ai/api/v2/parse/pjb-rwj7syfwa7a85dfjl9h24qabhera?expand=markdown_full&expand=text_full "HTTP/1.1 200 OK"
2026-05-07 23:24:11,116 | INFO | httpx | HTTP Request: POST https://api.cloud.llamaindex.ai/api/v1/beta/files "HTTP/1.1 201 Created"
2026-05-07 23:24:11,629 | INFO | httpx | HTTP Request: POST https://api.cloud.llamaindex.ai/api/v2/parse "HTTP/1.1 200 OK"
2026-05-07 23:24:12,938 | INFO | httpx | HTTP Request: GET https://api.cloud.llamaindex.ai/api/v2/parse/pjb-hz6zejiwyf1f4820so97w4gmn2ey "HTTP/1.1 200 OK"
2026-05-07 23:24:15,241 | INFO | httpx | HTTP Request: GET https://api.cloud.llamaindex.ai/api/v2/parse/pjb-hz6zejiwyf1f4820so97w4gmn2ey "HTTP/1.1 200 OK"
2026-05-07 23:24:18,539 | INFO | httpx | HTTP Request: GET https://api.cloud.llamaindex.ai/api/v2/parse/pjb-hz6zejiwyf1f4820so97w4gmn2ey "HTTP/1.1 200 OK"
2026-05-07 23:24:22,850 | INFO | httpx | HTTP Request: GET https://api.cloud.llamaindex.ai/api/v2/parse/pjb-hz6zejiwyf1f4820so97w4gmn2ey "HTTP/1.1 200 OK"
2026-05-07 23:24:28,682 | INFO | httpx | HTTP Request: GET https://api.cloud.llamaindex.ai/api/v2/parse/pjb-hz6zejiwyf1f4820so97w4gmn2ey "HTTP/1.1 200 OK"
2026-05-07 23:24:34,526 | INFO | httpx | HTTP Request: GET https://api.cloud.llamaindex.ai/api/v2/parse/pjb-hz6zejiwyf1f4820so97w4gmn2ey "HTTP/1.1 200 OK"
2026-05-07 23:24:35,005 | INFO | httpx | HTTP Request: GET https://api.cloud.llamaindex.ai/api/v2/parse/pjb-hz6zejiwyf1f4820so97w4gmn2ey?expand=markdown_full&expand=text_full "HTTP/1.1 200 OK"
2026-05-07 23:24:37,420 | INFO | httpx | HTTP Request: POST https://api.cloud.llamaindex.ai/api/v1/beta/files "HTTP/1.1 201 Created"
2026-05-07 23:24:37,886 | INFO | httpx | HTTP Request: POST https://api.cloud.llamaindex.ai/api/v2/parse "HTTP/1.1 200 OK"
2026-05-07 23:24:39,192 | INFO | httpx | HTTP Request: GET https://api.cloud.llamaindex.ai/api/v2/parse/pjb-t4js6f5v3z0qal04do8zz5fybqvz "HTTP/1.1 200 OK"
2026-05-07 23:24:41,501 | INFO | httpx | HTTP Request: GET https://api.cloud.llamaindex.ai/api/v2/parse/pjb-t4js6f5v3z0qal04do8zz5fybqvz "HTTP/1.1 200 OK"
2026-05-07 23:24:44,816 | INFO | httpx | HTTP Request: GET https://api.cloud.llamaindex.ai/api/v2/parse/pjb-t4js6f5v3z0qal04do8zz5fybqvz "HTTP/1.1 200 OK"
2026-05-07 23:24:49,166 | INFO | httpx | HTTP Request: GET https://api.cloud.llamaindex.ai/api/v2/parse/pjb-t4js6f5v3z0qal04do8zz5fybqvz "HTTP/1.1 200 OK"
2026-05-07 23:24:55,000 | INFO | httpx | HTTP Request: GET https://api.cloud.llamaindex.ai/api/v2/parse/pjb-t4js6f5v3z0qal04do8zz5fybqvz "HTTP/1.1 200 OK"
2026-05-07 23:25:00,843 | INFO | httpx | HTTP Request: GET https://api.cloud.llamaindex.ai/api/v2/parse/pjb-t4js6f5v3z0qal04do8zz5fybqvz "HTTP/1.1 200 OK"
2026-05-07 23:25:01,280 | INFO | httpx | HTTP Request: GET https://api.cloud.llamaindex.ai/api/v2/parse/pjb-t4js6f5v3z0qal04do8zz5fybqvz?expand=markdown_full&expand=text_full "HTTP/1.1 200 OK"
2026-05-07 23:25:01,804 | INFO | ocr | Finished OCR for constituency: 62 records
2026-05-07 23:25:01,806 | INFO | ocr | Starting OCR for partylist with provider=llamaparse and 6 PDF(s)
2026-05-07 23:25:04,240 | INFO | httpx | HTTP Request: POST https://api.cloud.llamaindex.ai/api/v1/beta/files "HTTP/1.1 201 Created"
2026-05-07 23:25:04,783 | INFO | httpx | HTTP Request: POST https://api.cloud.llamaindex.ai/api/v2/parse "HTTP/1.1 200 OK"
2026-05-07 23:25:06,090 | INFO | httpx | HTTP Request: GET https://api.cloud.llamaindex.ai/api/v2/parse/pjb-hncp6sss97q68kydn6hkj1an8cun "HTTP/1.1 200 OK"
2026-05-07 23:25:08,394 | INFO | httpx | HTTP Request: GET https://api.cloud.llamaindex.ai/api/v2/parse/pjb-hncp6sss97q68kydn6hkj1an8cun "HTTP/1.1 200 OK"
2026-05-07 23:25:11,689 | INFO | httpx | HTTP Request: GET https://api.cloud.llamaindex.ai/api/v2/parse/pjb-hncp6sss97q68kydn6hkj1an8cun "HTTP/1.1 200 OK"
2026-05-07 23:25:16,426 | INFO | httpx | HTTP Request: GET https://api.cloud.llamaindex.ai/api/v2/parse/pjb-hncp6sss97q68kydn6hkj1an8cun "HTTP/1.1 200 OK"
2026-05-07 23:25:22,259 | INFO | httpx | HTTP Request: GET https://api.cloud.llamaindex.ai/api/v2/parse/pjb-hncp6sss97q68kydn6hkj1an8cun "HTTP/1.1 200 OK"
2026-05-07 23:25:28,083 | INFO | httpx | HTTP Request: GET https://api.cloud.llamaindex.ai/api/v2/parse/pjb-hncp6sss97q68kydn6hkj1an8cun "HTTP/1.1 200 OK"
2026-05-07 23:25:28,827 | INFO | httpx | HTTP Request: GET https://api.cloud.llamaindex.ai/api/v2/parse/pjb-hncp6sss97q68kydn6hkj1an8cun?expand=markdown_full&expand=text_full "HTTP/1.1 200 OK"
2026-05-07 23:25:31,769 | INFO | httpx | HTTP Request: POST https://api.cloud.llamaindex.ai/api/v1/beta/files "HTTP/1.1 201 Created"
2026-05-07 23:25:32,193 | INFO | httpx | HTTP Request: POST https://api.cloud.llamaindex.ai/api/v2/parse "HTTP/1.1 200 OK"
2026-05-07 23:25:33,492 | INFO | httpx | HTTP Request: GET https://api.cloud.llamaindex.ai/api/v2/parse/pjb-l3hn2pszx56n8tmhgbfzesckjo15 "HTTP/1.1 200 OK"
2026-05-07 23:25:35,874 | INFO | httpx | HTTP Request: GET https://api.cloud.llamaindex.ai/api/v2/parse/pjb-l3hn2pszx56n8tmhgbfzesckjo15 "HTTP/1.1 200 OK"
2026-05-07 23:25:39,192 | INFO | httpx | HTTP Request: GET https://api.cloud.llamaindex.ai/api/v2/parse/pjb-l3hn2pszx56n8tmhgbfzesckjo15 "HTTP/1.1 200 OK"
2026-05-07 23:25:43,497 | INFO | httpx | HTTP Request: GET https://api.cloud.llamaindex.ai/api/v2/parse/pjb-l3hn2pszx56n8tmhgbfzesckjo15 "HTTP/1.1 200 OK"
2026-05-07 23:25:49,343 | INFO | httpx | HTTP Request: GET https://api.cloud.llamaindex.ai/api/v2/parse/pjb-l3hn2pszx56n8tmhgbfzesckjo15 "HTTP/1.1 200 OK"
2026-05-07 23:25:55,167 | INFO | httpx | HTTP Request: GET https://api.cloud.llamaindex.ai/api/v2/parse/pjb-l3hn2pszx56n8tmhgbfzesckjo15 "HTTP/1.1 200 OK"
2026-05-07 23:25:55,643 | INFO | httpx | HTTP Request: GET https://api.cloud.llamaindex.ai/api/v2/parse/pjb-l3hn2pszx56n8tmhgbfzesckjo15?expand=markdown_full&expand=text_full "HTTP/1.1 200 OK"
2026-05-07 23:25:58,598 | INFO | httpx | HTTP Request: POST https://api.cloud.llamaindex.ai/api/v1/beta/files "HTTP/1.1 201 Created"
2026-05-07 23:25:59,710 | INFO | httpx | HTTP Request: POST https://api.cloud.llamaindex.ai/api/v2/parse "HTTP/1.1 200 OK"
2026-05-07 23:26:01,016 | INFO | httpx | HTTP Request: GET https://api.cloud.llamaindex.ai/api/v2/parse/pjb-hfdnclreu065hvk4kj8bz9n7q72d "HTTP/1.1 200 OK"
2026-05-07 23:26:03,672 | INFO | httpx | HTTP Request: GET https://api.cloud.llamaindex.ai/api/v2/parse/pjb-hfdnclreu065hvk4kj8bz9n7q72d "HTTP/1.1 200 OK"
2026-05-07 23:26:06,965 | INFO | httpx | HTTP Request: GET https://api.cloud.llamaindex.ai/api/v2/parse/pjb-hfdnclreu065hvk4kj8bz9n7q72d "HTTP/1.1 200 OK"
2026-05-07 23:26:11,274 | INFO | httpx | HTTP Request: GET https://api.cloud.llamaindex.ai/api/v2/parse/pjb-hfdnclreu065hvk4kj8bz9n7q72d "HTTP/1.1 200 OK"
2026-05-07 23:26:17,137 | INFO | httpx | HTTP Request: GET https://api.cloud.llamaindex.ai/api/v2/parse/pjb-hfdnclreu065hvk4kj8bz9n7q72d "HTTP/1.1 200 OK"
2026-05-07 23:26:22,966 | INFO | httpx | HTTP Request: GET https://api.cloud.llamaindex.ai/api/v2/parse/pjb-hfdnclreu065hvk4kj8bz9n7q72d "HTTP/1.1 200 OK"
2026-05-07 23:26:23,670 | INFO | httpx | HTTP Request: GET https://api.cloud.llamaindex.ai/api/v2/parse/pjb-hfdnclreu065hvk4kj8bz9n7q72d?expand=markdown_full&expand=text_full "HTTP/1.1 200 OK"
2026-05-07 23:26:26,354 | INFO | httpx | HTTP Request: POST https://api.cloud.llamaindex.ai/api/v1/beta/files "HTTP/1.1 201 Created"
2026-05-07 23:26:26,823 | INFO | httpx | HTTP Request: POST https://api.cloud.llamaindex.ai/api/v2/parse "HTTP/1.1 200 OK"
2026-05-07 23:26:28,122 | INFO | httpx | HTTP Request: GET https://api.cloud.llamaindex.ai/api/v2/parse/pjb-tsy7dx50z2icttoux89v6xpqfplz "HTTP/1.1 200 OK"
2026-05-07 23:26:30,477 | INFO | httpx | HTTP Request: GET https://api.cloud.llamaindex.ai/api/v2/parse/pjb-tsy7dx50z2icttoux89v6xpqfplz "HTTP/1.1 200 OK"
2026-05-07 23:26:33,800 | INFO | httpx | HTTP Request: GET https://api.cloud.llamaindex.ai/api/v2/parse/pjb-tsy7dx50z2icttoux89v6xpqfplz "HTTP/1.1 200 OK"
2026-05-07 23:26:38,110 | INFO | httpx | HTTP Request: GET https://api.cloud.llamaindex.ai/api/v2/parse/pjb-tsy7dx50z2icttoux89v6xpqfplz "HTTP/1.1 200 OK"
2026-05-07 23:26:43,928 | INFO | httpx | HTTP Request: GET https://api.cloud.llamaindex.ai/api/v2/parse/pjb-tsy7dx50z2icttoux89v6xpqfplz "HTTP/1.1 200 OK"
2026-05-07 23:26:49,732 | INFO | httpx | HTTP Request: GET https://api.cloud.llamaindex.ai/api/v2/parse/pjb-tsy7dx50z2icttoux89v6xpqfplz "HTTP/1.1 200 OK"
2026-05-07 23:26:55,567 | INFO | httpx | HTTP Request: GET https://api.cloud.llamaindex.ai/api/v2/parse/pjb-tsy7dx50z2icttoux89v6xpqfplz "HTTP/1.1 200 OK"
2026-05-07 23:27:01,392 | INFO | httpx | HTTP Request: GET https://api.cloud.llamaindex.ai/api/v2/parse/pjb-tsy7dx50z2icttoux89v6xpqfplz "HTTP/1.1 200 OK"
2026-05-07 23:27:07,255 | INFO | httpx | HTTP Request: GET https://api.cloud.llamaindex.ai/api/v2/parse/pjb-tsy7dx50z2icttoux89v6xpqfplz "HTTP/1.1 200 OK"
2026-05-07 23:27:13,133 | INFO | httpx | HTTP Request: GET https://api.cloud.llamaindex.ai/api/v2/parse/pjb-tsy7dx50z2icttoux89v6xpqfplz "HTTP/1.1 200 OK"
2026-05-07 23:27:18,936 | INFO | httpx | HTTP Request: GET https://api.cloud.llamaindex.ai/api/v2/parse/pjb-tsy7dx50z2icttoux89v6xpqfplz "HTTP/1.1 200 OK"
2026-05-07 23:27:24,779 | INFO | httpx | HTTP Request: GET https://api.cloud.llamaindex.ai/api/v2/parse/pjb-tsy7dx50z2icttoux89v6xpqfplz "HTTP/1.1 200 OK"
2026-05-07 23:27:30,617 | INFO | httpx | HTTP Request: GET https://api.cloud.llamaindex.ai/api/v2/parse/pjb-tsy7dx50z2icttoux89v6xpqfplz "HTTP/1.1 200 OK"
2026-05-07 23:27:36,647 | INFO | httpx | HTTP Request: GET https://api.cloud.llamaindex.ai/api/v2/parse/pjb-tsy7dx50z2icttoux89v6xpqfplz "HTTP/1.1 200 OK"
2026-05-07 23:27:42,613 | INFO | httpx | HTTP Request: GET https://api.cloud.llamaindex.ai/api/v2/parse/pjb-tsy7dx50z2icttoux89v6xpqfplz "HTTP/1.1 200 OK"
2026-05-07 23:27:48,435 | INFO | httpx | HTTP Request: GET https://api.cloud.llamaindex.ai/api/v2/parse/pjb-tsy7dx50z2icttoux89v6xpqfplz "HTTP/1.1 200 OK"
2026-05-07 23:27:54,266 | INFO | httpx | HTTP Request: GET https://api.cloud.llamaindex.ai/api/v2/parse/pjb-tsy7dx50z2icttoux89v6xpqfplz "HTTP/1.1 200 OK"
2026-05-07 23:28:00,087 | INFO | httpx | HTTP Request: GET https://api.cloud.llamaindex.ai/api/v2/parse/pjb-tsy7dx50z2icttoux89v6xpqfplz "HTTP/1.1 200 OK"
2026-05-07 23:28:05,936 | INFO | httpx | HTTP Request: GET https://api.cloud.llamaindex.ai/api/v2/parse/pjb-tsy7dx50z2icttoux89v6xpqfplz "HTTP/1.1 200 OK"
2026-05-07 23:28:11,772 | INFO | httpx | HTTP Request: GET https://api.cloud.llamaindex.ai/api/v2/parse/pjb-tsy7dx50z2icttoux89v6xpqfplz "HTTP/1.1 200 OK"
2026-05-07 23:28:17,642 | INFO | httpx | HTTP Request: GET https://api.cloud.llamaindex.ai/api/v2/parse/pjb-tsy7dx50z2icttoux89v6xpqfplz "HTTP/1.1 200 OK"
2026-05-07 23:28:23,457 | INFO | httpx | HTTP Request: GET https://api.cloud.llamaindex.ai/api/v2/parse/pjb-tsy7dx50z2icttoux89v6xpqfplz "HTTP/1.1 200 OK"
2026-05-07 23:28:29,413 | INFO | httpx | HTTP Request: GET https://api.cloud.llamaindex.ai/api/v2/parse/pjb-tsy7dx50z2icttoux89v6xpqfplz "HTTP/1.1 200 OK"
2026-05-07 23:28:35,236 | INFO | httpx | HTTP Request: GET https://api.cloud.llamaindex.ai/api/v2/parse/pjb-tsy7dx50z2icttoux89v6xpqfplz "HTTP/1.1 200 OK"
2026-05-07 23:28:41,079 | INFO | httpx | HTTP Request: GET https://api.cloud.llamaindex.ai/api/v2/parse/pjb-tsy7dx50z2icttoux89v6xpqfplz "HTTP/1.1 200 OK"
2026-05-07 23:28:47,017 | INFO | httpx | HTTP Request: GET https://api.cloud.llamaindex.ai/api/v2/parse/pjb-tsy7dx50z2icttoux89v6xpqfplz "HTTP/1.1 200 OK"
2026-05-07 23:28:52,907 | INFO | httpx | HTTP Request: GET https://api.cloud.llamaindex.ai/api/v2/parse/pjb-tsy7dx50z2icttoux89v6xpqfplz "HTTP/1.1 200 OK"
2026-05-07 23:28:58,737 | INFO | httpx | HTTP Request: GET https://api.cloud.llamaindex.ai/api/v2/parse/pjb-tsy7dx50z2icttoux89v6xpqfplz "HTTP/1.1 200 OK"
2026-05-07 23:29:04,577 | INFO | httpx | HTTP Request: GET https://api.cloud.llamaindex.ai/api/v2/parse/pjb-tsy7dx50z2icttoux89v6xpqfplz "HTTP/1.1 200 OK"
2026-05-07 23:29:10,389 | INFO | httpx | HTTP Request: GET https://api.cloud.llamaindex.ai/api/v2/parse/pjb-tsy7dx50z2icttoux89v6xpqfplz "HTTP/1.1 200 OK"
2026-05-07 23:29:16,221 | INFO | httpx | HTTP Request: GET https://api.cloud.llamaindex.ai/api/v2/parse/pjb-tsy7dx50z2icttoux89v6xpqfplz "HTTP/1.1 200 OK"
2026-05-07 23:29:22,051 | INFO | httpx | HTTP Request: GET https://api.cloud.llamaindex.ai/api/v2/parse/pjb-tsy7dx50z2icttoux89v6xpqfplz "HTTP/1.1 200 OK"
2026-05-07 23:29:27,976 | INFO | httpx | HTTP Request: GET https://api.cloud.llamaindex.ai/api/v2/parse/pjb-tsy7dx50z2icttoux89v6xpqfplz "HTTP/1.1 200 OK"
2026-05-07 23:29:33,807 | INFO | httpx | HTTP Request: GET https://api.cloud.llamaindex.ai/api/v2/parse/pjb-tsy7dx50z2icttoux89v6xpqfplz "HTTP/1.1 200 OK"
2026-05-07 23:29:39,635 | INFO | httpx | HTTP Request: GET https://api.cloud.llamaindex.ai/api/v2/parse/pjb-tsy7dx50z2icttoux89v6xpqfplz "HTTP/1.1 200 OK"
2026-05-07 23:29:45,453 | INFO | httpx | HTTP Request: GET https://api.cloud.llamaindex.ai/api/v2/parse/pjb-tsy7dx50z2icttoux89v6xpqfplz "HTTP/1.1 200 OK"
2026-05-07 23:29:51,346 | INFO | httpx | HTTP Request: GET https://api.cloud.llamaindex.ai/api/v2/parse/pjb-tsy7dx50z2icttoux89v6xpqfplz "HTTP/1.1 200 OK"
2026-05-07 23:29:57,176 | INFO | httpx | HTTP Request: GET https://api.cloud.llamaindex.ai/api/v2/parse/pjb-tsy7dx50z2icttoux89v6xpqfplz "HTTP/1.1 200 OK"
2026-05-07 23:30:02,990 | INFO | httpx | HTTP Request: GET https://api.cloud.llamaindex.ai/api/v2/parse/pjb-tsy7dx50z2icttoux89v6xpqfplz "HTTP/1.1 200 OK"
2026-05-07 23:30:08,821 | INFO | httpx | HTTP Request: GET https://api.cloud.llamaindex.ai/api/v2/parse/pjb-tsy7dx50z2icttoux89v6xpqfplz "HTTP/1.1 200 OK"
2026-05-07 23:30:14,654 | INFO | httpx | HTTP Request: GET https://api.cloud.llamaindex.ai/api/v2/parse/pjb-tsy7dx50z2icttoux89v6xpqfplz "HTTP/1.1 200 OK"
2026-05-07 23:30:20,494 | INFO | httpx | HTTP Request: GET https://api.cloud.llamaindex.ai/api/v2/parse/pjb-tsy7dx50z2icttoux89v6xpqfplz "HTTP/1.1 200 OK"
2026-05-07 23:30:26,319 | INFO | httpx | HTTP Request: GET https://api.cloud.llamaindex.ai/api/v2/parse/pjb-tsy7dx50z2icttoux89v6xpqfplz "HTTP/1.1 200 OK"
2026-05-07 23:30:32,122 | INFO | httpx | HTTP Request: GET https://api.cloud.llamaindex.ai/api/v2/parse/pjb-tsy7dx50z2icttoux89v6xpqfplz "HTTP/1.1 200 OK"
2026-05-07 23:30:37,982 | INFO | httpx | HTTP Request: GET https://api.cloud.llamaindex.ai/api/v2/parse/pjb-tsy7dx50z2icttoux89v6xpqfplz "HTTP/1.1 200 OK"
2026-05-07 23:30:43,793 | INFO | httpx | HTTP Request: GET https://api.cloud.llamaindex.ai/api/v2/parse/pjb-tsy7dx50z2icttoux89v6xpqfplz "HTTP/1.1 200 OK"
2026-05-07 23:30:49,630 | INFO | httpx | HTTP Request: GET https://api.cloud.llamaindex.ai/api/v2/parse/pjb-tsy7dx50z2icttoux89v6xpqfplz "HTTP/1.1 200 OK"
2026-05-07 23:30:55,514 | INFO | httpx | HTTP Request: GET https://api.cloud.llamaindex.ai/api/v2/parse/pjb-tsy7dx50z2icttoux89v6xpqfplz "HTTP/1.1 200 OK"
2026-05-07 23:31:01,406 | INFO | httpx | HTTP Request: GET https://api.cloud.llamaindex.ai/api/v2/parse/pjb-tsy7dx50z2icttoux89v6xpqfplz "HTTP/1.1 200 OK"
2026-05-07 23:31:07,286 | INFO | httpx | HTTP Request: GET https://api.cloud.llamaindex.ai/api/v2/parse/pjb-tsy7dx50z2icttoux89v6xpqfplz "HTTP/1.1 200 OK"
2026-05-07 23:31:13,110 | INFO | httpx | HTTP Request: GET https://api.cloud.llamaindex.ai/api/v2/parse/pjb-tsy7dx50z2icttoux89v6xpqfplz "HTTP/1.1 200 OK"
2026-05-07 23:31:18,925 | INFO | httpx | HTTP Request: GET https://api.cloud.llamaindex.ai/api/v2/parse/pjb-tsy7dx50z2icttoux89v6xpqfplz "HTTP/1.1 200 OK"
2026-05-07 23:31:24,766 | INFO | httpx | HTTP Request: GET https://api.cloud.llamaindex.ai/api/v2/parse/pjb-tsy7dx50z2icttoux89v6xpqfplz "HTTP/1.1 200 OK"
2026-05-07 23:31:30,605 | INFO | httpx | HTTP Request: GET https://api.cloud.llamaindex.ai/api/v2/parse/pjb-tsy7dx50z2icttoux89v6xpqfplz "HTTP/1.1 200 OK"
2026-05-07 23:31:36,457 | INFO | httpx | HTTP Request: GET https://api.cloud.llamaindex.ai/api/v2/parse/pjb-tsy7dx50z2icttoux89v6xpqfplz "HTTP/1.1 200 OK"
2026-05-07 23:31:42,314 | INFO | httpx | HTTP Request: GET https://api.cloud.llamaindex.ai/api/v2/parse/pjb-tsy7dx50z2icttoux89v6xpqfplz "HTTP/1.1 200 OK"
2026-05-07 23:31:48,207 | INFO | httpx | HTTP Request: GET https://api.cloud.llamaindex.ai/api/v2/parse/pjb-tsy7dx50z2icttoux89v6xpqfplz "HTTP/1.1 200 OK"
2026-05-07 23:31:48,713 | INFO | httpx | HTTP Request: GET https://api.cloud.llamaindex.ai/api/v2/parse/pjb-tsy7dx50z2icttoux89v6xpqfplz?expand=markdown_full&expand=text_full "HTTP/1.1 200 OK"
2026-05-07 23:31:52,770 | INFO | httpx | HTTP Request: POST https://api.cloud.llamaindex.ai/api/v1/beta/files "HTTP/1.1 201 Created"
2026-05-07 23:31:53,245 | INFO | httpx | HTTP Request: POST https://api.cloud.llamaindex.ai/api/v2/parse "HTTP/1.1 200 OK"
2026-05-07 23:31:54,543 | INFO | httpx | HTTP Request: GET https://api.cloud.llamaindex.ai/api/v2/parse/pjb-bh850609fhw84w4gutk5z4n0c7ec "HTTP/1.1 200 OK"
2026-05-07 23:31:56,850 | INFO | httpx | HTTP Request: GET https://api.cloud.llamaindex.ai/api/v2/parse/pjb-bh850609fhw84w4gutk5z4n0c7ec "HTTP/1.1 200 OK"
2026-05-07 23:32:00,159 | INFO | httpx | HTTP Request: GET https://api.cloud.llamaindex.ai/api/v2/parse/pjb-bh850609fhw84w4gutk5z4n0c7ec "HTTP/1.1 200 OK"
2026-05-07 23:32:04,453 | INFO | httpx | HTTP Request: GET https://api.cloud.llamaindex.ai/api/v2/parse/pjb-bh850609fhw84w4gutk5z4n0c7ec "HTTP/1.1 200 OK"
2026-05-07 23:32:10,270 | INFO | httpx | HTTP Request: GET https://api.cloud.llamaindex.ai/api/v2/parse/pjb-bh850609fhw84w4gutk5z4n0c7ec "HTTP/1.1 200 OK"
2026-05-07 23:32:16,059 | INFO | httpx | HTTP Request: GET https://api.cloud.llamaindex.ai/api/v2/parse/pjb-bh850609fhw84w4gutk5z4n0c7ec "HTTP/1.1 200 OK"
2026-05-07 23:32:21,889 | INFO | httpx | HTTP Request: GET https://api.cloud.llamaindex.ai/api/v2/parse/pjb-bh850609fhw84w4gutk5z4n0c7ec "HTTP/1.1 200 OK"
2026-05-07 23:32:22,751 | INFO | httpx | HTTP Request: GET https://api.cloud.llamaindex.ai/api/v2/parse/pjb-bh850609fhw84w4gutk5z4n0c7ec?expand=markdown_full&expand=text_full "HTTP/1.1 200 OK"
2026-05-07 23:32:25,845 | INFO | httpx | HTTP Request: POST https://api.cloud.llamaindex.ai/api/v1/beta/files "HTTP/1.1 201 Created"
2026-05-07 23:32:26,297 | INFO | httpx | HTTP Request: POST https://api.cloud.llamaindex.ai/api/v2/parse "HTTP/1.1 200 OK"
2026-05-07 23:32:27,598 | INFO | httpx | HTTP Request: GET https://api.cloud.llamaindex.ai/api/v2/parse/pjb-unx1e4by38wzkpcn93880m623sz1 "HTTP/1.1 200 OK"
2026-05-07 23:32:29,915 | INFO | httpx | HTTP Request: GET https://api.cloud.llamaindex.ai/api/v2/parse/pjb-unx1e4by38wzkpcn93880m623sz1 "HTTP/1.1 200 OK"
2026-05-07 23:32:33,230 | INFO | httpx | HTTP Request: GET https://api.cloud.llamaindex.ai/api/v2/parse/pjb-unx1e4by38wzkpcn93880m623sz1 "HTTP/1.1 200 OK"
2026-05-07 23:32:37,556 | INFO | httpx | HTTP Request: GET https://api.cloud.llamaindex.ai/api/v2/parse/pjb-unx1e4by38wzkpcn93880m623sz1 "HTTP/1.1 200 OK"
2026-05-07 23:32:43,364 | INFO | httpx | HTTP Request: GET https://api.cloud.llamaindex.ai/api/v2/parse/pjb-unx1e4by38wzkpcn93880m623sz1 "HTTP/1.1 200 OK"
2026-05-07 23:32:49,194 | INFO | httpx | HTTP Request: GET https://api.cloud.llamaindex.ai/api/v2/parse/pjb-unx1e4by38wzkpcn93880m623sz1 "HTTP/1.1 200 OK"
2026-05-07 23:32:55,000 | INFO | httpx | HTTP Request: GET https://api.cloud.llamaindex.ai/api/v2/parse/pjb-unx1e4by38wzkpcn93880m623sz1 "HTTP/1.1 200 OK"
2026-05-07 23:32:55,454 | INFO | httpx | HTTP Request: GET https://api.cloud.llamaindex.ai/api/v2/parse/pjb-unx1e4by38wzkpcn93880m623sz1?expand=markdown_full&expand=text_full "HTTP/1.1 200 OK"
2026-05-07 23:32:58,782 | INFO | httpx | HTTP Request: POST https://api.cloud.llamaindex.ai/api/v1/beta/files "HTTP/1.1 201 Created"
2026-05-07 23:32:59,273 | INFO | httpx | HTTP Request: POST https://api.cloud.llamaindex.ai/api/v2/parse "HTTP/1.1 200 OK"
2026-05-07 23:33:00,600 | INFO | httpx | HTTP Request: GET https://api.cloud.llamaindex.ai/api/v2/parse/pjb-aiogkv6ybs115infp77zqhzfjum3 "HTTP/1.1 200 OK"
2026-05-07 23:33:02,910 | INFO | httpx | HTTP Request: GET https://api.cloud.llamaindex.ai/api/v2/parse/pjb-aiogkv6ybs115infp77zqhzfjum3 "HTTP/1.1 200 OK"
2026-05-07 23:33:06,243 | INFO | httpx | HTTP Request: GET https://api.cloud.llamaindex.ai/api/v2/parse/pjb-aiogkv6ybs115infp77zqhzfjum3 "HTTP/1.1 200 OK"
2026-05-07 23:33:11,009 | INFO | httpx | HTTP Request: GET https://api.cloud.llamaindex.ai/api/v2/parse/pjb-aiogkv6ybs115infp77zqhzfjum3 "HTTP/1.1 200 OK"
2026-05-07 23:33:16,862 | INFO | httpx | HTTP Request: GET https://api.cloud.llamaindex.ai/api/v2/parse/pjb-aiogkv6ybs115infp77zqhzfjum3 "HTTP/1.1 200 OK"
2026-05-07 23:33:22,678 | INFO | httpx | HTTP Request: GET https://api.cloud.llamaindex.ai/api/v2/parse/pjb-aiogkv6ybs115infp77zqhzfjum3 "HTTP/1.1 200 OK"
2026-05-07 23:33:23,439 | INFO | httpx | HTTP Request: GET https://api.cloud.llamaindex.ai/api/v2/parse/pjb-aiogkv6ybs115infp77zqhzfjum3?expand=markdown_full&expand=text_full "HTTP/1.1 200 OK"
2026-05-07 23:33:26,272 | INFO | httpx | HTTP Request: POST https://api.cloud.llamaindex.ai/api/v1/beta/files "HTTP/1.1 201 Created"
2026-05-07 23:33:26,675 | INFO | httpx | HTTP Request: POST https://api.cloud.llamaindex.ai/api/v2/parse "HTTP/1.1 200 OK"
2026-05-07 23:33:27,991 | INFO | httpx | HTTP Request: GET https://api.cloud.llamaindex.ai/api/v2/parse/pjb-ygopv1njxqqomkbwbn27j5qh2gst "HTTP/1.1 200 OK"
2026-05-07 23:33:30,297 | INFO | httpx | HTTP Request: GET https://api.cloud.llamaindex.ai/api/v2/parse/pjb-ygopv1njxqqomkbwbn27j5qh2gst "HTTP/1.1 200 OK"
2026-05-07 23:33:33,610 | INFO | httpx | HTTP Request: GET https://api.cloud.llamaindex.ai/api/v2/parse/pjb-ygopv1njxqqomkbwbn27j5qh2gst "HTTP/1.1 200 OK"
2026-05-07 23:33:37,921 | INFO | httpx | HTTP Request: GET https://api.cloud.llamaindex.ai/api/v2/parse/pjb-ygopv1njxqqomkbwbn27j5qh2gst "HTTP/1.1 200 OK"
2026-05-07 23:33:43,747 | INFO | httpx | HTTP Request: GET https://api.cloud.llamaindex.ai/api/v2/parse/pjb-ygopv1njxqqomkbwbn27j5qh2gst "HTTP/1.1 200 OK"
2026-05-07 23:33:49,589 | INFO | httpx | HTTP Request: GET https://api.cloud.llamaindex.ai/api/v2/parse/pjb-ygopv1njxqqomkbwbn27j5qh2gst "HTTP/1.1 200 OK"
2026-05-07 23:33:50,347 | INFO | httpx | HTTP Request: GET https://api.cloud.llamaindex.ai/api/v2/parse/pjb-ygopv1njxqqomkbwbn27j5qh2gst?expand=markdown_full&expand=text_full "HTTP/1.1 200 OK"
2026-05-07 23:33:53,405 | INFO | httpx | HTTP Request: POST https://api.cloud.llamaindex.ai/api/v1/beta/files "HTTP/1.1 201 Created"
2026-05-07 23:33:53,907 | INFO | httpx | HTTP Request: POST https://api.cloud.llamaindex.ai/api/v2/parse "HTTP/1.1 200 OK"
2026-05-07 23:33:55,221 | INFO | httpx | HTTP Request: GET https://api.cloud.llamaindex.ai/api/v2/parse/pjb-jedaneywzzj4a125xoyj3zgflug8 "HTTP/1.1 200 OK"
2026-05-07 23:33:57,539 | INFO | httpx | HTTP Request: GET https://api.cloud.llamaindex.ai/api/v2/parse/pjb-jedaneywzzj4a125xoyj3zgflug8 "HTTP/1.1 200 OK"
2026-05-07 23:34:00,847 | INFO | httpx | HTTP Request: GET https://api.cloud.llamaindex.ai/api/v2/parse/pjb-jedaneywzzj4a125xoyj3zgflug8 "HTTP/1.1 200 OK"
2026-05-07 23:34:05,157 | INFO | httpx | HTTP Request: GET https://api.cloud.llamaindex.ai/api/v2/parse/pjb-jedaneywzzj4a125xoyj3zgflug8 "HTTP/1.1 200 OK"
2026-05-07 23:34:10,993 | INFO | httpx | HTTP Request: GET https://api.cloud.llamaindex.ai/api/v2/parse/pjb-jedaneywzzj4a125xoyj3zgflug8 "HTTP/1.1 200 OK"
2026-05-07 23:34:16,790 | INFO | httpx | HTTP Request: GET https://api.cloud.llamaindex.ai/api/v2/parse/pjb-jedaneywzzj4a125xoyj3zgflug8 "HTTP/1.1 200 OK"
2026-05-07 23:34:17,503 | INFO | httpx | HTTP Request: GET https://api.cloud.llamaindex.ai/api/v2/parse/pjb-jedaneywzzj4a125xoyj3zgflug8?expand=markdown_full&expand=text_full "HTTP/1.1 200 OK"
2026-05-07 23:34:20,156 | INFO | httpx | HTTP Request: POST https://api.cloud.llamaindex.ai/api/v1/beta/files "HTTP/1.1 201 Created"
2026-05-07 23:34:20,677 | INFO | httpx | HTTP Request: POST https://api.cloud.llamaindex.ai/api/v2/parse "HTTP/1.1 200 OK"
2026-05-07 23:34:21,979 | INFO | httpx | HTTP Request: GET https://api.cloud.llamaindex.ai/api/v2/parse/pjb-b5bl2t7h8f2jfdkv67p1p98p6v1g "HTTP/1.1 200 OK"
2026-05-07 23:34:24,280 | INFO | httpx | HTTP Request: GET https://api.cloud.llamaindex.ai/api/v2/parse/pjb-b5bl2t7h8f2jfdkv67p1p98p6v1g "HTTP/1.1 200 OK"
2026-05-07 23:34:27,605 | INFO | httpx | HTTP Request: GET https://api.cloud.llamaindex.ai/api/v2/parse/pjb-b5bl2t7h8f2jfdkv67p1p98p6v1g "HTTP/1.1 200 OK"
2026-05-07 23:34:31,908 | INFO | httpx | HTTP Request: GET https://api.cloud.llamaindex.ai/api/v2/parse/pjb-b5bl2t7h8f2jfdkv67p1p98p6v1g "HTTP/1.1 200 OK"
2026-05-07 23:34:37,717 | INFO | httpx | HTTP Request: GET https://api.cloud.llamaindex.ai/api/v2/parse/pjb-b5bl2t7h8f2jfdkv67p1p98p6v1g "HTTP/1.1 200 OK"
2026-05-07 23:34:43,530 | INFO | httpx | HTTP Request: GET https://api.cloud.llamaindex.ai/api/v2/parse/pjb-b5bl2t7h8f2jfdkv67p1p98p6v1g "HTTP/1.1 200 OK"
2026-05-07 23:34:49,314 | INFO | httpx | HTTP Request: GET https://api.cloud.llamaindex.ai/api/v2/parse/pjb-b5bl2t7h8f2jfdkv67p1p98p6v1g "HTTP/1.1 200 OK"
2026-05-07 23:34:50,053 | INFO | httpx | HTTP Request: GET https://api.cloud.llamaindex.ai/api/v2/parse/pjb-b5bl2t7h8f2jfdkv67p1p98p6v1g?expand=markdown_full&expand=text_full "HTTP/1.1 200 OK"
2026-05-07 23:34:52,632 | INFO | httpx | HTTP Request: POST https://api.cloud.llamaindex.ai/api/v1/beta/files "HTTP/1.1 201 Created"
2026-05-07 23:34:53,132 | INFO | httpx | HTTP Request: POST https://api.cloud.llamaindex.ai/api/v2/parse "HTTP/1.1 200 OK"
2026-05-07 23:34:54,434 | INFO | httpx | HTTP Request: GET https://api.cloud.llamaindex.ai/api/v2/parse/pjb-1qpaiynlr8su6aaua0muabgl0xd0 "HTTP/1.1 200 OK"
2026-05-07 23:34:56,729 | INFO | httpx | HTTP Request: GET https://api.cloud.llamaindex.ai/api/v2/parse/pjb-1qpaiynlr8su6aaua0muabgl0xd0 "HTTP/1.1 200 OK"
2026-05-07 23:35:00,038 | INFO | httpx | HTTP Request: GET https://api.cloud.llamaindex.ai/api/v2/parse/pjb-1qpaiynlr8su6aaua0muabgl0xd0 "HTTP/1.1 200 OK"
2026-05-07 23:35:04,349 | INFO | httpx | HTTP Request: GET https://api.cloud.llamaindex.ai/api/v2/parse/pjb-1qpaiynlr8su6aaua0muabgl0xd0 "HTTP/1.1 200 OK"
2026-05-07 23:35:10,147 | INFO | httpx | HTTP Request: GET https://api.cloud.llamaindex.ai/api/v2/parse/pjb-1qpaiynlr8su6aaua0muabgl0xd0 "HTTP/1.1 200 OK"
2026-05-07 23:35:15,975 | INFO | httpx | HTTP Request: GET https://api.cloud.llamaindex.ai/api/v2/parse/pjb-1qpaiynlr8su6aaua0muabgl0xd0 "HTTP/1.1 200 OK"
2026-05-07 23:35:16,461 | INFO | httpx | HTTP Request: GET https://api.cloud.llamaindex.ai/api/v2/parse/pjb-1qpaiynlr8su6aaua0muabgl0xd0?expand=markdown_full&expand=text_full "HTTP/1.1 200 OK"
2026-05-07 23:35:19,665 | INFO | httpx | HTTP Request: POST https://api.cloud.llamaindex.ai/api/v1/beta/files "HTTP/1.1 201 Created"
2026-05-07 23:35:20,069 | INFO | httpx | HTTP Request: POST https://api.cloud.llamaindex.ai/api/v2/parse "HTTP/1.1 200 OK"
2026-05-07 23:35:21,355 | INFO | httpx | HTTP Request: GET https://api.cloud.llamaindex.ai/api/v2/parse/pjb-p2gy9gy8076yuuni3o0g51nlzl4e "HTTP/1.1 200 OK"
2026-05-07 23:35:23,658 | INFO | httpx | HTTP Request: GET https://api.cloud.llamaindex.ai/api/v2/parse/pjb-p2gy9gy8076yuuni3o0g51nlzl4e "HTTP/1.1 200 OK"
2026-05-07 23:35:26,953 | INFO | httpx | HTTP Request: GET https://api.cloud.llamaindex.ai/api/v2/parse/pjb-p2gy9gy8076yuuni3o0g51nlzl4e "HTTP/1.1 200 OK"
2026-05-07 23:35:31,294 | INFO | httpx | HTTP Request: GET https://api.cloud.llamaindex.ai/api/v2/parse/pjb-p2gy9gy8076yuuni3o0g51nlzl4e "HTTP/1.1 200 OK"
2026-05-07 23:35:37,104 | INFO | httpx | HTTP Request: GET https://api.cloud.llamaindex.ai/api/v2/parse/pjb-p2gy9gy8076yuuni3o0g51nlzl4e "HTTP/1.1 200 OK"
2026-05-07 23:35:42,904 | INFO | httpx | HTTP Request: GET https://api.cloud.llamaindex.ai/api/v2/parse/pjb-p2gy9gy8076yuuni3o0g51nlzl4e "HTTP/1.1 200 OK"
2026-05-07 23:35:43,365 | INFO | httpx | HTTP Request: GET https://api.cloud.llamaindex.ai/api/v2/parse/pjb-p2gy9gy8076yuuni3o0g51nlzl4e?expand=markdown_full&expand=text_full "HTTP/1.1 200 OK"
2026-05-07 23:35:46,468 | INFO | httpx | HTTP Request: POST https://api.cloud.llamaindex.ai/api/v1/beta/files "HTTP/1.1 201 Created"
2026-05-07 23:35:46,929 | INFO | httpx | HTTP Request: POST https://api.cloud.llamaindex.ai/api/v2/parse "HTTP/1.1 200 OK"
2026-05-07 23:35:48,211 | INFO | httpx | HTTP Request: GET https://api.cloud.llamaindex.ai/api/v2/parse/pjb-uqy1bvu6tx2b8fl9oegnb14v0nvz "HTTP/1.1 200 OK"
2026-05-07 23:35:50,529 | INFO | httpx | HTTP Request: GET https://api.cloud.llamaindex.ai/api/v2/parse/pjb-uqy1bvu6tx2b8fl9oegnb14v0nvz "HTTP/1.1 200 OK"
2026-05-07 23:35:53,811 | INFO | httpx | HTTP Request: GET https://api.cloud.llamaindex.ai/api/v2/parse/pjb-uqy1bvu6tx2b8fl9oegnb14v0nvz "HTTP/1.1 200 OK"
2026-05-07 23:35:58,116 | INFO | httpx | HTTP Request: GET https://api.cloud.llamaindex.ai/api/v2/parse/pjb-uqy1bvu6tx2b8fl9oegnb14v0nvz "HTTP/1.1 200 OK"
2026-05-07 23:36:03,961 | INFO | httpx | HTTP Request: GET https://api.cloud.llamaindex.ai/api/v2/parse/pjb-uqy1bvu6tx2b8fl9oegnb14v0nvz "HTTP/1.1 200 OK"
2026-05-07 23:36:09,771 | INFO | httpx | HTTP Request: GET https://api.cloud.llamaindex.ai/api/v2/parse/pjb-uqy1bvu6tx2b8fl9oegnb14v0nvz "HTTP/1.1 200 OK"
2026-05-07 23:36:10,246 | INFO | httpx | HTTP Request: GET https://api.cloud.llamaindex.ai/api/v2/parse/pjb-uqy1bvu6tx2b8fl9oegnb14v0nvz?expand=markdown_full&expand=text_full "HTTP/1.1 200 OK"
2026-05-07 23:36:13,606 | INFO | httpx | HTTP Request: POST https://api.cloud.llamaindex.ai/api/v1/beta/files "HTTP/1.1 201 Created"
2026-05-07 23:36:14,076 | INFO | httpx | HTTP Request: POST https://api.cloud.llamaindex.ai/api/v2/parse "HTTP/1.1 200 OK"
2026-05-07 23:36:15,383 | INFO | httpx | HTTP Request: GET https://api.cloud.llamaindex.ai/api/v2/parse/pjb-e9enmlb9l2c2lm9wvvi8983rwwgn "HTTP/1.1 200 OK"
2026-05-07 23:36:17,678 | INFO | httpx | HTTP Request: GET https://api.cloud.llamaindex.ai/api/v2/parse/pjb-e9enmlb9l2c2lm9wvvi8983rwwgn "HTTP/1.1 200 OK"
2026-05-07 23:36:20,976 | INFO | httpx | HTTP Request: GET https://api.cloud.llamaindex.ai/api/v2/parse/pjb-e9enmlb9l2c2lm9wvvi8983rwwgn "HTTP/1.1 200 OK"
2026-05-07 23:36:25,268 | INFO | httpx | HTTP Request: GET https://api.cloud.llamaindex.ai/api/v2/parse/pjb-e9enmlb9l2c2lm9wvvi8983rwwgn "HTTP/1.1 200 OK"
2026-05-07 23:36:31,084 | INFO | httpx | HTTP Request: GET https://api.cloud.llamaindex.ai/api/v2/parse/pjb-e9enmlb9l2c2lm9wvvi8983rwwgn "HTTP/1.1 200 OK"
2026-05-07 23:36:37,119 | INFO | httpx | HTTP Request: GET https://api.cloud.llamaindex.ai/api/v2/parse/pjb-e9enmlb9l2c2lm9wvvi8983rwwgn "HTTP/1.1 200 OK"
2026-05-07 23:36:37,849 | INFO | httpx | HTTP Request: GET https://api.cloud.llamaindex.ai/api/v2/parse/pjb-e9enmlb9l2c2lm9wvvi8983rwwgn?expand=markdown_full&expand=text_full "HTTP/1.1 200 OK"
2026-05-07 23:36:40,494 | INFO | httpx | HTTP Request: POST https://api.cloud.llamaindex.ai/api/v1/beta/files "HTTP/1.1 201 Created"
2026-05-07 23:36:41,034 | INFO | httpx | HTTP Request: POST https://api.cloud.llamaindex.ai/api/v2/parse "HTTP/1.1 200 OK"
2026-05-07 23:36:42,348 | INFO | httpx | HTTP Request: GET https://api.cloud.llamaindex.ai/api/v2/parse/pjb-h8tbo798n8z5huhpr03rww41vazf "HTTP/1.1 200 OK"
2026-05-07 23:36:44,639 | INFO | httpx | HTTP Request: GET https://api.cloud.llamaindex.ai/api/v2/parse/pjb-h8tbo798n8z5huhpr03rww41vazf "HTTP/1.1 200 OK"
2026-05-07 23:36:47,975 | INFO | httpx | HTTP Request: GET https://api.cloud.llamaindex.ai/api/v2/parse/pjb-h8tbo798n8z5huhpr03rww41vazf "HTTP/1.1 200 OK"
2026-05-07 23:36:52,278 | INFO | httpx | HTTP Request: GET https://api.cloud.llamaindex.ai/api/v2/parse/pjb-h8tbo798n8z5huhpr03rww41vazf "HTTP/1.1 200 OK"
2026-05-07 23:36:58,102 | INFO | httpx | HTTP Request: GET https://api.cloud.llamaindex.ai/api/v2/parse/pjb-h8tbo798n8z5huhpr03rww41vazf "HTTP/1.1 200 OK"
2026-05-07 23:37:03,939 | INFO | httpx | HTTP Request: GET https://api.cloud.llamaindex.ai/api/v2/parse/pjb-h8tbo798n8z5huhpr03rww41vazf "HTTP/1.1 200 OK"
2026-05-07 23:37:04,419 | INFO | httpx | HTTP Request: GET https://api.cloud.llamaindex.ai/api/v2/parse/pjb-h8tbo798n8z5huhpr03rww41vazf?expand=markdown_full&expand=text_full "HTTP/1.1 200 OK"
2026-05-07 23:37:07,368 | INFO | httpx | HTTP Request: POST https://api.cloud.llamaindex.ai/api/v1/beta/files "HTTP/1.1 201 Created"
2026-05-07 23:37:08,073 | INFO | httpx | HTTP Request: POST https://api.cloud.llamaindex.ai/api/v2/parse "HTTP/1.1 200 OK"
2026-05-07 23:37:09,391 | INFO | httpx | HTTP Request: GET https://api.cloud.llamaindex.ai/api/v2/parse/pjb-fsl3samt4zcm9cwykm87r3xxgup9 "HTTP/1.1 200 OK"
2026-05-07 23:37:11,826 | INFO | httpx | HTTP Request: GET https://api.cloud.llamaindex.ai/api/v2/parse/pjb-fsl3samt4zcm9cwykm87r3xxgup9 "HTTP/1.1 200 OK"
2026-05-07 23:37:15,140 | INFO | httpx | HTTP Request: GET https://api.cloud.llamaindex.ai/api/v2/parse/pjb-fsl3samt4zcm9cwykm87r3xxgup9 "HTTP/1.1 200 OK"
2026-05-07 23:37:19,470 | INFO | httpx | HTTP Request: GET https://api.cloud.llamaindex.ai/api/v2/parse/pjb-fsl3samt4zcm9cwykm87r3xxgup9 "HTTP/1.1 200 OK"
2026-05-07 23:37:25,286 | INFO | httpx | HTTP Request: GET https://api.cloud.llamaindex.ai/api/v2/parse/pjb-fsl3samt4zcm9cwykm87r3xxgup9 "HTTP/1.1 200 OK"
2026-05-07 23:37:31,156 | INFO | httpx | HTTP Request: GET https://api.cloud.llamaindex.ai/api/v2/parse/pjb-fsl3samt4zcm9cwykm87r3xxgup9 "HTTP/1.1 200 OK"
2026-05-07 23:37:31,603 | INFO | httpx | HTTP Request: GET https://api.cloud.llamaindex.ai/api/v2/parse/pjb-fsl3samt4zcm9cwykm87r3xxgup9?expand=markdown_full&expand=text_full "HTTP/1.1 200 OK"
2026-05-07 23:37:34,635 | INFO | httpx | HTTP Request: POST https://api.cloud.llamaindex.ai/api/v1/beta/files "HTTP/1.1 201 Created"
2026-05-07 23:37:35,161 | INFO | httpx | HTTP Request: POST https://api.cloud.llamaindex.ai/api/v2/parse "HTTP/1.1 200 OK"
2026-05-07 23:37:36,473 | INFO | httpx | HTTP Request: GET https://api.cloud.llamaindex.ai/api/v2/parse/pjb-cz0g47tzjqe3ql05xzidp82sq1nv "HTTP/1.1 200 OK"
2026-05-07 23:37:38,818 | INFO | httpx | HTTP Request: GET https://api.cloud.llamaindex.ai/api/v2/parse/pjb-cz0g47tzjqe3ql05xzidp82sq1nv "HTTP/1.1 200 OK"
2026-05-07 23:37:42,125 | INFO | httpx | HTTP Request: GET https://api.cloud.llamaindex.ai/api/v2/parse/pjb-cz0g47tzjqe3ql05xzidp82sq1nv "HTTP/1.1 200 OK"
2026-05-07 23:37:46,429 | INFO | httpx | HTTP Request: GET https://api.cloud.llamaindex.ai/api/v2/parse/pjb-cz0g47tzjqe3ql05xzidp82sq1nv "HTTP/1.1 200 OK"
2026-05-07 23:37:52,276 | INFO | httpx | HTTP Request: GET https://api.cloud.llamaindex.ai/api/v2/parse/pjb-cz0g47tzjqe3ql05xzidp82sq1nv "HTTP/1.1 200 OK"
2026-05-07 23:37:58,104 | INFO | httpx | HTTP Request: GET https://api.cloud.llamaindex.ai/api/v2/parse/pjb-cz0g47tzjqe3ql05xzidp82sq1nv "HTTP/1.1 200 OK"
2026-05-07 23:37:58,850 | INFO | httpx | HTTP Request: GET https://api.cloud.llamaindex.ai/api/v2/parse/pjb-cz0g47tzjqe3ql05xzidp82sq1nv?expand=markdown_full&expand=text_full "HTTP/1.1 200 OK"
2026-05-07 23:38:01,926 | INFO | httpx | HTTP Request: POST https://api.cloud.llamaindex.ai/api/v1/beta/files "HTTP/1.1 201 Created"
2026-05-07 23:38:02,490 | INFO | httpx | HTTP Request: POST https://api.cloud.llamaindex.ai/api/v2/parse "HTTP/1.1 200 OK"
2026-05-07 23:38:03,792 | INFO | httpx | HTTP Request: GET https://api.cloud.llamaindex.ai/api/v2/parse/pjb-eh9r7r5vwzmim3ootjw75mog989s "HTTP/1.1 200 OK"
2026-05-07 23:38:06,104 | INFO | httpx | HTTP Request: GET https://api.cloud.llamaindex.ai/api/v2/parse/pjb-eh9r7r5vwzmim3ootjw75mog989s "HTTP/1.1 200 OK"
2026-05-07 23:38:09,416 | INFO | httpx | HTTP Request: GET https://api.cloud.llamaindex.ai/api/v2/parse/pjb-eh9r7r5vwzmim3ootjw75mog989s "HTTP/1.1 200 OK"
2026-05-07 23:38:13,743 | INFO | httpx | HTTP Request: GET https://api.cloud.llamaindex.ai/api/v2/parse/pjb-eh9r7r5vwzmim3ootjw75mog989s "HTTP/1.1 200 OK"
2026-05-07 23:38:19,554 | INFO | httpx | HTTP Request: GET https://api.cloud.llamaindex.ai/api/v2/parse/pjb-eh9r7r5vwzmim3ootjw75mog989s "HTTP/1.1 200 OK"
2026-05-07 23:38:25,421 | INFO | httpx | HTTP Request: GET https://api.cloud.llamaindex.ai/api/v2/parse/pjb-eh9r7r5vwzmim3ootjw75mog989s "HTTP/1.1 200 OK"
2026-05-07 23:38:26,177 | INFO | httpx | HTTP Request: GET https://api.cloud.llamaindex.ai/api/v2/parse/pjb-eh9r7r5vwzmim3ootjw75mog989s?expand=markdown_full&expand=text_full "HTTP/1.1 200 OK"
2026-05-07 23:38:28,947 | INFO | httpx | HTTP Request: POST https://api.cloud.llamaindex.ai/api/v1/beta/files "HTTP/1.1 201 Created"
2026-05-07 23:38:29,447 | INFO | httpx | HTTP Request: POST https://api.cloud.llamaindex.ai/api/v2/parse "HTTP/1.1 200 OK"
2026-05-07 23:38:30,742 | INFO | httpx | HTTP Request: GET https://api.cloud.llamaindex.ai/api/v2/parse/pjb-ww1bgcz4b0kc01puattjz77kibfg "HTTP/1.1 200 OK"
2026-05-07 23:38:33,816 | INFO | httpx | HTTP Request: GET https://api.cloud.llamaindex.ai/api/v2/parse/pjb-ww1bgcz4b0kc01puattjz77kibfg "HTTP/1.1 200 OK"
2026-05-07 23:38:37,175 | INFO | httpx | HTTP Request: GET https://api.cloud.llamaindex.ai/api/v2/parse/pjb-ww1bgcz4b0kc01puattjz77kibfg "HTTP/1.1 200 OK"
2026-05-07 23:38:41,524 | INFO | httpx | HTTP Request: GET https://api.cloud.llamaindex.ai/api/v2/parse/pjb-ww1bgcz4b0kc01puattjz77kibfg "HTTP/1.1 200 OK"
2026-05-07 23:38:47,362 | INFO | httpx | HTTP Request: GET https://api.cloud.llamaindex.ai/api/v2/parse/pjb-ww1bgcz4b0kc01puattjz77kibfg "HTTP/1.1 200 OK"
2026-05-07 23:38:53,155 | INFO | httpx | HTTP Request: GET https://api.cloud.llamaindex.ai/api/v2/parse/pjb-ww1bgcz4b0kc01puattjz77kibfg "HTTP/1.1 200 OK"
2026-05-07 23:38:53,634 | INFO | httpx | HTTP Request: GET https://api.cloud.llamaindex.ai/api/v2/parse/pjb-ww1bgcz4b0kc01puattjz77kibfg?expand=markdown_full&expand=text_full "HTTP/1.1 200 OK"
2026-05-07 23:38:56,522 | INFO | httpx | HTTP Request: POST https://api.cloud.llamaindex.ai/api/v1/beta/files "HTTP/1.1 201 Created"
2026-05-07 23:38:57,025 | INFO | httpx | HTTP Request: POST https://api.cloud.llamaindex.ai/api/v2/parse "HTTP/1.1 200 OK"
2026-05-07 23:38:58,328 | INFO | httpx | HTTP Request: GET https://api.cloud.llamaindex.ai/api/v2/parse/pjb-of6ucl1o499v34mvkhk4m8e28dkm "HTTP/1.1 200 OK"
2026-05-07 23:39:00,664 | INFO | httpx | HTTP Request: GET https://api.cloud.llamaindex.ai/api/v2/parse/pjb-of6ucl1o499v34mvkhk4m8e28dkm "HTTP/1.1 200 OK"
2026-05-07 23:39:03,963 | INFO | httpx | HTTP Request: GET https://api.cloud.llamaindex.ai/api/v2/parse/pjb-of6ucl1o499v34mvkhk4m8e28dkm "HTTP/1.1 200 OK"
2026-05-07 23:39:08,271 | INFO | httpx | HTTP Request: GET https://api.cloud.llamaindex.ai/api/v2/parse/pjb-of6ucl1o499v34mvkhk4m8e28dkm "HTTP/1.1 200 OK"
2026-05-07 23:39:14,119 | INFO | httpx | HTTP Request: GET https://api.cloud.llamaindex.ai/api/v2/parse/pjb-of6ucl1o499v34mvkhk4m8e28dkm "HTTP/1.1 200 OK"
2026-05-07 23:39:19,906 | INFO | httpx | HTTP Request: GET https://api.cloud.llamaindex.ai/api/v2/parse/pjb-of6ucl1o499v34mvkhk4m8e28dkm "HTTP/1.1 200 OK"
2026-05-07 23:39:20,655 | INFO | httpx | HTTP Request: GET https://api.cloud.llamaindex.ai/api/v2/parse/pjb-of6ucl1o499v34mvkhk4m8e28dkm?expand=markdown_full&expand=text_full "HTTP/1.1 200 OK"
2026-05-07 23:39:23,912 | INFO | httpx | HTTP Request: POST https://api.cloud.llamaindex.ai/api/v1/beta/files "HTTP/1.1 201 Created"
2026-05-07 23:39:24,322 | INFO | httpx | HTTP Request: POST https://api.cloud.llamaindex.ai/api/v2/parse "HTTP/1.1 200 OK"
2026-05-07 23:39:25,668 | INFO | httpx | HTTP Request: GET https://api.cloud.llamaindex.ai/api/v2/parse/pjb-psx6jxdg5c332cv7peyexd7zl080 "HTTP/1.1 200 OK"
2026-05-07 23:39:27,956 | INFO | httpx | HTTP Request: GET https://api.cloud.llamaindex.ai/api/v2/parse/pjb-psx6jxdg5c332cv7peyexd7zl080 "HTTP/1.1 200 OK"
2026-05-07 23:39:31,284 | INFO | httpx | HTTP Request: GET https://api.cloud.llamaindex.ai/api/v2/parse/pjb-psx6jxdg5c332cv7peyexd7zl080 "HTTP/1.1 200 OK"
2026-05-07 23:39:35,590 | INFO | httpx | HTTP Request: GET https://api.cloud.llamaindex.ai/api/v2/parse/pjb-psx6jxdg5c332cv7peyexd7zl080 "HTTP/1.1 200 OK"
2026-05-07 23:39:41,402 | INFO | httpx | HTTP Request: GET https://api.cloud.llamaindex.ai/api/v2/parse/pjb-psx6jxdg5c332cv7peyexd7zl080 "HTTP/1.1 200 OK"
2026-05-07 23:39:47,247 | INFO | httpx | HTTP Request: GET https://api.cloud.llamaindex.ai/api/v2/parse/pjb-psx6jxdg5c332cv7peyexd7zl080 "HTTP/1.1 200 OK"
2026-05-07 23:39:53,150 | INFO | httpx | HTTP Request: GET https://api.cloud.llamaindex.ai/api/v2/parse/pjb-psx6jxdg5c332cv7peyexd7zl080 "HTTP/1.1 200 OK"
2026-05-07 23:39:53,576 | INFO | httpx | HTTP Request: GET https://api.cloud.llamaindex.ai/api/v2/parse/pjb-psx6jxdg5c332cv7peyexd7zl080?expand=markdown_full&expand=text_full "HTTP/1.1 200 OK"
2026-05-07 23:39:57,070 | INFO | httpx | HTTP Request: POST https://api.cloud.llamaindex.ai/api/v1/beta/files "HTTP/1.1 201 Created"
2026-05-07 23:39:57,551 | INFO | httpx | HTTP Request: POST https://api.cloud.llamaindex.ai/api/v2/parse "HTTP/1.1 200 OK"
2026-05-07 23:39:58,846 | INFO | httpx | HTTP Request: GET https://api.cloud.llamaindex.ai/api/v2/parse/pjb-smxjy4wp1z55vdxntur1qwjsfah6 "HTTP/1.1 200 OK"
2026-05-07 23:40:01,193 | INFO | httpx | HTTP Request: GET https://api.cloud.llamaindex.ai/api/v2/parse/pjb-smxjy4wp1z55vdxntur1qwjsfah6 "HTTP/1.1 200 OK"
2026-05-07 23:40:04,493 | INFO | httpx | HTTP Request: GET https://api.cloud.llamaindex.ai/api/v2/parse/pjb-smxjy4wp1z55vdxntur1qwjsfah6 "HTTP/1.1 200 OK"
2026-05-07 23:40:08,821 | INFO | httpx | HTTP Request: GET https://api.cloud.llamaindex.ai/api/v2/parse/pjb-smxjy4wp1z55vdxntur1qwjsfah6 "HTTP/1.1 200 OK"
2026-05-07 23:40:14,663 | INFO | httpx | HTTP Request: GET https://api.cloud.llamaindex.ai/api/v2/parse/pjb-smxjy4wp1z55vdxntur1qwjsfah6 "HTTP/1.1 200 OK"
2026-05-07 23:40:20,498 | INFO | httpx | HTTP Request: GET https://api.cloud.llamaindex.ai/api/v2/parse/pjb-smxjy4wp1z55vdxntur1qwjsfah6 "HTTP/1.1 200 OK"
2026-05-07 23:40:26,398 | INFO | httpx | HTTP Request: GET https://api.cloud.llamaindex.ai/api/v2/parse/pjb-smxjy4wp1z55vdxntur1qwjsfah6 "HTTP/1.1 200 OK"
2026-05-07 23:40:26,820 | INFO | httpx | HTTP Request: GET https://api.cloud.llamaindex.ai/api/v2/parse/pjb-smxjy4wp1z55vdxntur1qwjsfah6?expand=markdown_full&expand=text_full "HTTP/1.1 200 OK"
2026-05-07 23:40:30,034 | INFO | httpx | HTTP Request: POST https://api.cloud.llamaindex.ai/api/v1/beta/files "HTTP/1.1 201 Created"
2026-05-07 23:40:30,497 | INFO | httpx | HTTP Request: POST https://api.cloud.llamaindex.ai/api/v2/parse "HTTP/1.1 200 OK"
2026-05-07 23:40:31,839 | INFO | httpx | HTTP Request: GET https://api.cloud.llamaindex.ai/api/v2/parse/pjb-z94qzgbw4y8rnmfj806fkiqt1bmk "HTTP/1.1 200 OK"
2026-05-07 23:40:34,134 | INFO | httpx | HTTP Request: GET https://api.cloud.llamaindex.ai/api/v2/parse/pjb-z94qzgbw4y8rnmfj806fkiqt1bmk "HTTP/1.1 200 OK"
2026-05-07 23:40:37,442 | INFO | httpx | HTTP Request: GET https://api.cloud.llamaindex.ai/api/v2/parse/pjb-z94qzgbw4y8rnmfj806fkiqt1bmk "HTTP/1.1 200 OK"
2026-05-07 23:40:41,745 | INFO | httpx | HTTP Request: GET https://api.cloud.llamaindex.ai/api/v2/parse/pjb-z94qzgbw4y8rnmfj806fkiqt1bmk "HTTP/1.1 200 OK"
2026-05-07 23:40:47,581 | INFO | httpx | HTTP Request: GET https://api.cloud.llamaindex.ai/api/v2/parse/pjb-z94qzgbw4y8rnmfj806fkiqt1bmk "HTTP/1.1 200 OK"
2026-05-07 23:40:53,425 | INFO | httpx | HTTP Request: GET https://api.cloud.llamaindex.ai/api/v2/parse/pjb-z94qzgbw4y8rnmfj806fkiqt1bmk "HTTP/1.1 200 OK"
2026-05-07 23:40:54,118 | INFO | httpx | HTTP Request: GET https://api.cloud.llamaindex.ai/api/v2/parse/pjb-z94qzgbw4y8rnmfj806fkiqt1bmk?expand=markdown_full&expand=text_full "HTTP/1.1 200 OK"
2026-05-07 23:40:56,899 | INFO | httpx | HTTP Request: POST https://api.cloud.llamaindex.ai/api/v1/beta/files "HTTP/1.1 201 Created"
2026-05-07 23:40:57,342 | INFO | httpx | HTTP Request: POST https://api.cloud.llamaindex.ai/api/v2/parse "HTTP/1.1 200 OK"
2026-05-07 23:40:58,654 | INFO | httpx | HTTP Request: GET https://api.cloud.llamaindex.ai/api/v2/parse/pjb-qy5b02foq7ru7z6ezdigur268vzr "HTTP/1.1 200 OK"
2026-05-07 23:41:00,947 | INFO | httpx | HTTP Request: GET https://api.cloud.llamaindex.ai/api/v2/parse/pjb-qy5b02foq7ru7z6ezdigur268vzr "HTTP/1.1 200 OK"
2026-05-07 23:41:04,242 | INFO | httpx | HTTP Request: GET https://api.cloud.llamaindex.ai/api/v2/parse/pjb-qy5b02foq7ru7z6ezdigur268vzr "HTTP/1.1 200 OK"
2026-05-07 23:41:08,555 | INFO | httpx | HTTP Request: GET https://api.cloud.llamaindex.ai/api/v2/parse/pjb-qy5b02foq7ru7z6ezdigur268vzr "HTTP/1.1 200 OK"
2026-05-07 23:41:14,375 | INFO | httpx | HTTP Request: GET https://api.cloud.llamaindex.ai/api/v2/parse/pjb-qy5b02foq7ru7z6ezdigur268vzr "HTTP/1.1 200 OK"
2026-05-07 23:41:20,259 | INFO | httpx | HTTP Request: GET https://api.cloud.llamaindex.ai/api/v2/parse/pjb-qy5b02foq7ru7z6ezdigur268vzr "HTTP/1.1 200 OK"
2026-05-07 23:41:20,997 | INFO | httpx | HTTP Request: GET https://api.cloud.llamaindex.ai/api/v2/parse/pjb-qy5b02foq7ru7z6ezdigur268vzr?expand=markdown_full&expand=text_full "HTTP/1.1 200 OK"
2026-05-07 23:41:23,693 | INFO | httpx | HTTP Request: POST https://api.cloud.llamaindex.ai/api/v1/beta/files "HTTP/1.1 201 Created"
2026-05-07 23:41:24,237 | INFO | httpx | HTTP Request: POST https://api.cloud.llamaindex.ai/api/v2/parse "HTTP/1.1 200 OK"
2026-05-07 23:41:25,567 | INFO | httpx | HTTP Request: GET https://api.cloud.llamaindex.ai/api/v2/parse/pjb-cmuul45ypis4qx6d7gmc4zuu0nly "HTTP/1.1 200 OK"
2026-05-07 23:41:27,886 | INFO | httpx | HTTP Request: GET https://api.cloud.llamaindex.ai/api/v2/parse/pjb-cmuul45ypis4qx6d7gmc4zuu0nly "HTTP/1.1 200 OK"
2026-05-07 23:41:31,200 | INFO | httpx | HTTP Request: GET https://api.cloud.llamaindex.ai/api/v2/parse/pjb-cmuul45ypis4qx6d7gmc4zuu0nly "HTTP/1.1 200 OK"
2026-05-07 23:41:35,533 | INFO | httpx | HTTP Request: GET https://api.cloud.llamaindex.ai/api/v2/parse/pjb-cmuul45ypis4qx6d7gmc4zuu0nly "HTTP/1.1 200 OK"
2026-05-07 23:41:41,373 | INFO | httpx | HTTP Request: GET https://api.cloud.llamaindex.ai/api/v2/parse/pjb-cmuul45ypis4qx6d7gmc4zuu0nly "HTTP/1.1 200 OK"
2026-05-07 23:41:47,245 | INFO | httpx | HTTP Request: GET https://api.cloud.llamaindex.ai/api/v2/parse/pjb-cmuul45ypis4qx6d7gmc4zuu0nly "HTTP/1.1 200 OK"
2026-05-07 23:41:47,937 | INFO | httpx | HTTP Request: GET https://api.cloud.llamaindex.ai/api/v2/parse/pjb-cmuul45ypis4qx6d7gmc4zuu0nly?expand=markdown_full&expand=text_full "HTTP/1.1 200 OK"
2026-05-07 23:41:50,845 | INFO | httpx | HTTP Request: POST https://api.cloud.llamaindex.ai/api/v1/beta/files "HTTP/1.1 201 Created"
2026-05-07 23:41:51,351 | INFO | httpx | HTTP Request: POST https://api.cloud.llamaindex.ai/api/v2/parse "HTTP/1.1 200 OK"
2026-05-07 23:41:52,661 | INFO | httpx | HTTP Request: GET https://api.cloud.llamaindex.ai/api/v2/parse/pjb-qxb6btr4slwr6m3n49uc9yhz729t "HTTP/1.1 200 OK"
2026-05-07 23:41:54,992 | INFO | httpx | HTTP Request: GET https://api.cloud.llamaindex.ai/api/v2/parse/pjb-qxb6btr4slwr6m3n49uc9yhz729t "HTTP/1.1 200 OK"
2026-05-07 23:41:58,308 | INFO | httpx | HTTP Request: GET https://api.cloud.llamaindex.ai/api/v2/parse/pjb-qxb6btr4slwr6m3n49uc9yhz729t "HTTP/1.1 200 OK"
2026-05-07 23:42:02,627 | INFO | httpx | HTTP Request: GET https://api.cloud.llamaindex.ai/api/v2/parse/pjb-qxb6btr4slwr6m3n49uc9yhz729t "HTTP/1.1 200 OK"
2026-05-07 23:42:08,470 | INFO | httpx | HTTP Request: GET https://api.cloud.llamaindex.ai/api/v2/parse/pjb-qxb6btr4slwr6m3n49uc9yhz729t "HTTP/1.1 200 OK"
2026-05-07 23:42:14,287 | INFO | httpx | HTTP Request: GET https://api.cloud.llamaindex.ai/api/v2/parse/pjb-qxb6btr4slwr6m3n49uc9yhz729t "HTTP/1.1 200 OK"
2026-05-07 23:42:20,063 | INFO | httpx | HTTP Request: GET https://api.cloud.llamaindex.ai/api/v2/parse/pjb-qxb6btr4slwr6m3n49uc9yhz729t "HTTP/1.1 200 OK"
2026-05-07 23:42:20,515 | INFO | httpx | HTTP Request: GET https://api.cloud.llamaindex.ai/api/v2/parse/pjb-qxb6btr4slwr6m3n49uc9yhz729t?expand=markdown_full&expand=text_full "HTTP/1.1 200 OK"
2026-05-07 23:42:24,288 | INFO | httpx | HTTP Request: POST https://api.cloud.llamaindex.ai/api/v1/beta/files "HTTP/1.1 201 Created"
2026-05-07 23:42:24,769 | INFO | httpx | HTTP Request: POST https://api.cloud.llamaindex.ai/api/v2/parse "HTTP/1.1 200 OK"
2026-05-07 23:42:26,279 | INFO | httpx | HTTP Request: GET https://api.cloud.llamaindex.ai/api/v2/parse/pjb-0ozsicqi9pfk0vj3zb9x7ixjbw1a "HTTP/1.1 200 OK"
2026-05-07 23:42:28,578 | INFO | httpx | HTTP Request: GET https://api.cloud.llamaindex.ai/api/v2/parse/pjb-0ozsicqi9pfk0vj3zb9x7ixjbw1a "HTTP/1.1 200 OK"
2026-05-07 23:42:31,886 | INFO | httpx | HTTP Request: GET https://api.cloud.llamaindex.ai/api/v2/parse/pjb-0ozsicqi9pfk0vj3zb9x7ixjbw1a "HTTP/1.1 200 OK"
2026-05-07 23:42:36,192 | INFO | httpx | HTTP Request: GET https://api.cloud.llamaindex.ai/api/v2/parse/pjb-0ozsicqi9pfk0vj3zb9x7ixjbw1a "HTTP/1.1 200 OK"
2026-05-07 23:42:42,055 | INFO | httpx | HTTP Request: GET https://api.cloud.llamaindex.ai/api/v2/parse/pjb-0ozsicqi9pfk0vj3zb9x7ixjbw1a "HTTP/1.1 200 OK"
2026-05-07 23:42:47,896 | INFO | httpx | HTTP Request: GET https://api.cloud.llamaindex.ai/api/v2/parse/pjb-0ozsicqi9pfk0vj3zb9x7ixjbw1a "HTTP/1.1 200 OK"
2026-05-07 23:42:53,789 | INFO | httpx | HTTP Request: GET https://api.cloud.llamaindex.ai/api/v2/parse/pjb-0ozsicqi9pfk0vj3zb9x7ixjbw1a "HTTP/1.1 200 OK"
2026-05-07 23:42:54,584 | INFO | httpx | HTTP Request: GET https://api.cloud.llamaindex.ai/api/v2/parse/pjb-0ozsicqi9pfk0vj3zb9x7ixjbw1a?expand=markdown_full&expand=text_full "HTTP/1.1 200 OK"
2026-05-07 23:42:57,509 | INFO | httpx | HTTP Request: POST https://api.cloud.llamaindex.ai/api/v1/beta/files "HTTP/1.1 201 Created"
2026-05-07 23:42:58,006 | INFO | httpx | HTTP Request: POST https://api.cloud.llamaindex.ai/api/v2/parse "HTTP/1.1 200 OK"
2026-05-07 23:42:59,294 | INFO | httpx | HTTP Request: GET https://api.cloud.llamaindex.ai/api/v2/parse/pjb-j04oomyiyqjktginvwre70uzxbjr "HTTP/1.1 200 OK"
2026-05-07 23:43:01,573 | INFO | httpx | HTTP Request: GET https://api.cloud.llamaindex.ai/api/v2/parse/pjb-j04oomyiyqjktginvwre70uzxbjr "HTTP/1.1 200 OK"
2026-05-07 23:43:04,858 | INFO | httpx | HTTP Request: GET https://api.cloud.llamaindex.ai/api/v2/parse/pjb-j04oomyiyqjktginvwre70uzxbjr "HTTP/1.1 200 OK"
2026-05-07 23:43:09,162 | INFO | httpx | HTTP Request: GET https://api.cloud.llamaindex.ai/api/v2/parse/pjb-j04oomyiyqjktginvwre70uzxbjr "HTTP/1.1 200 OK"
2026-05-07 23:43:15,004 | INFO | httpx | HTTP Request: GET https://api.cloud.llamaindex.ai/api/v2/parse/pjb-j04oomyiyqjktginvwre70uzxbjr "HTTP/1.1 200 OK"
2026-05-07 23:43:20,851 | INFO | httpx | HTTP Request: GET https://api.cloud.llamaindex.ai/api/v2/parse/pjb-j04oomyiyqjktginvwre70uzxbjr "HTTP/1.1 200 OK"
2026-05-07 23:43:21,569 | INFO | httpx | HTTP Request: GET https://api.cloud.llamaindex.ai/api/v2/parse/pjb-j04oomyiyqjktginvwre70uzxbjr?expand=markdown_full&expand=text_full "HTTP/1.1 200 OK"
2026-05-07 23:43:24,303 | INFO | httpx | HTTP Request: POST https://api.cloud.llamaindex.ai/api/v1/beta/files "HTTP/1.1 201 Created"
2026-05-07 23:43:24,751 | INFO | httpx | HTTP Request: POST https://api.cloud.llamaindex.ai/api/v2/parse "HTTP/1.1 200 OK"
2026-05-07 23:43:26,044 | INFO | httpx | HTTP Request: GET https://api.cloud.llamaindex.ai/api/v2/parse/pjb-ivfenuv0scuez04qxc2aa72a3c3x "HTTP/1.1 200 OK"
2026-05-07 23:43:28,400 | INFO | httpx | HTTP Request: GET https://api.cloud.llamaindex.ai/api/v2/parse/pjb-ivfenuv0scuez04qxc2aa72a3c3x "HTTP/1.1 200 OK"
2026-05-07 23:43:31,762 | INFO | httpx | HTTP Request: GET https://api.cloud.llamaindex.ai/api/v2/parse/pjb-ivfenuv0scuez04qxc2aa72a3c3x "HTTP/1.1 200 OK"
2026-05-07 23:43:36,069 | INFO | httpx | HTTP Request: GET https://api.cloud.llamaindex.ai/api/v2/parse/pjb-ivfenuv0scuez04qxc2aa72a3c3x "HTTP/1.1 200 OK"
2026-05-07 23:43:41,929 | INFO | httpx | HTTP Request: GET https://api.cloud.llamaindex.ai/api/v2/parse/pjb-ivfenuv0scuez04qxc2aa72a3c3x "HTTP/1.1 200 OK"
2026-05-07 23:43:47,772 | INFO | httpx | HTTP Request: GET https://api.cloud.llamaindex.ai/api/v2/parse/pjb-ivfenuv0scuez04qxc2aa72a3c3x "HTTP/1.1 200 OK"
2026-05-07 23:43:53,617 | INFO | httpx | HTTP Request: GET https://api.cloud.llamaindex.ai/api/v2/parse/pjb-ivfenuv0scuez04qxc2aa72a3c3x "HTTP/1.1 200 OK"
2026-05-07 23:43:59,538 | INFO | httpx | HTTP Request: GET https://api.cloud.llamaindex.ai/api/v2/parse/pjb-ivfenuv0scuez04qxc2aa72a3c3x "HTTP/1.1 200 OK"
2026-05-07 23:44:00,026 | INFO | httpx | HTTP Request: GET https://api.cloud.llamaindex.ai/api/v2/parse/pjb-ivfenuv0scuez04qxc2aa72a3c3x?expand=markdown_full&expand=text_full "HTTP/1.1 200 OK"
2026-05-07 23:44:02,989 | INFO | httpx | HTTP Request: POST https://api.cloud.llamaindex.ai/api/v1/beta/files "HTTP/1.1 201 Created"
2026-05-07 23:44:03,484 | INFO | httpx | HTTP Request: POST https://api.cloud.llamaindex.ai/api/v2/parse "HTTP/1.1 200 OK"
2026-05-07 23:44:04,838 | INFO | httpx | HTTP Request: GET https://api.cloud.llamaindex.ai/api/v2/parse/pjb-znt9wyu52avg17mk55kwyhk67vkh "HTTP/1.1 200 OK"
2026-05-07 23:44:07,156 | INFO | httpx | HTTP Request: GET https://api.cloud.llamaindex.ai/api/v2/parse/pjb-znt9wyu52avg17mk55kwyhk67vkh "HTTP/1.1 200 OK"
2026-05-07 23:44:10,457 | INFO | httpx | HTTP Request: GET https://api.cloud.llamaindex.ai/api/v2/parse/pjb-znt9wyu52avg17mk55kwyhk67vkh "HTTP/1.1 200 OK"
2026-05-07 23:44:14,771 | INFO | httpx | HTTP Request: GET https://api.cloud.llamaindex.ai/api/v2/parse/pjb-znt9wyu52avg17mk55kwyhk67vkh "HTTP/1.1 200 OK"
2026-05-07 23:44:20,609 | INFO | httpx | HTTP Request: GET https://api.cloud.llamaindex.ai/api/v2/parse/pjb-znt9wyu52avg17mk55kwyhk67vkh "HTTP/1.1 200 OK"
2026-05-07 23:44:26,635 | INFO | httpx | HTTP Request: GET https://api.cloud.llamaindex.ai/api/v2/parse/pjb-znt9wyu52avg17mk55kwyhk67vkh "HTTP/1.1 200 OK"
2026-05-07 23:44:32,484 | INFO | httpx | HTTP Request: GET https://api.cloud.llamaindex.ai/api/v2/parse/pjb-znt9wyu52avg17mk55kwyhk67vkh "HTTP/1.1 200 OK"
2026-05-07 23:44:33,217 | INFO | httpx | HTTP Request: GET https://api.cloud.llamaindex.ai/api/v2/parse/pjb-znt9wyu52avg17mk55kwyhk67vkh?expand=markdown_full&expand=text_full "HTTP/1.1 200 OK"
2026-05-07 23:44:37,364 | INFO | httpx | HTTP Request: POST https://api.cloud.llamaindex.ai/api/v1/beta/files "HTTP/1.1 201 Created"
2026-05-07 23:44:37,931 | INFO | httpx | HTTP Request: POST https://api.cloud.llamaindex.ai/api/v2/parse "HTTP/1.1 200 OK"
2026-05-07 23:44:39,248 | INFO | httpx | HTTP Request: GET https://api.cloud.llamaindex.ai/api/v2/parse/pjb-r6q6wj6nq6bkmapph64ucs1tcwso "HTTP/1.1 200 OK"
2026-05-07 23:44:41,563 | INFO | httpx | HTTP Request: GET https://api.cloud.llamaindex.ai/api/v2/parse/pjb-r6q6wj6nq6bkmapph64ucs1tcwso "HTTP/1.1 200 OK"
2026-05-07 23:44:44,869 | INFO | httpx | HTTP Request: GET https://api.cloud.llamaindex.ai/api/v2/parse/pjb-r6q6wj6nq6bkmapph64ucs1tcwso "HTTP/1.1 200 OK"
2026-05-07 23:44:49,187 | INFO | httpx | HTTP Request: GET https://api.cloud.llamaindex.ai/api/v2/parse/pjb-r6q6wj6nq6bkmapph64ucs1tcwso "HTTP/1.1 200 OK"
2026-05-07 23:44:55,021 | INFO | httpx | HTTP Request: GET https://api.cloud.llamaindex.ai/api/v2/parse/pjb-r6q6wj6nq6bkmapph64ucs1tcwso "HTTP/1.1 200 OK"
2026-05-07 23:45:00,890 | INFO | httpx | HTTP Request: GET https://api.cloud.llamaindex.ai/api/v2/parse/pjb-r6q6wj6nq6bkmapph64ucs1tcwso "HTTP/1.1 200 OK"
2026-05-07 23:45:07,167 | INFO | httpx | HTTP Request: GET https://api.cloud.llamaindex.ai/api/v2/parse/pjb-r6q6wj6nq6bkmapph64ucs1tcwso "HTTP/1.1 200 OK"
2026-05-07 23:45:07,654 | INFO | httpx | HTTP Request: GET https://api.cloud.llamaindex.ai/api/v2/parse/pjb-r6q6wj6nq6bkmapph64ucs1tcwso?expand=markdown_full&expand=text_full "HTTP/1.1 200 OK"
2026-05-07 23:45:10,678 | INFO | httpx | HTTP Request: POST https://api.cloud.llamaindex.ai/api/v1/beta/files "HTTP/1.1 201 Created"
2026-05-07 23:45:11,180 | INFO | httpx | HTTP Request: POST https://api.cloud.llamaindex.ai/api/v2/parse "HTTP/1.1 200 OK"
2026-05-07 23:45:12,501 | INFO | httpx | HTTP Request: GET https://api.cloud.llamaindex.ai/api/v2/parse/pjb-ynvpkl3sqrjckgvmrtbw84fvp513 "HTTP/1.1 200 OK"
2026-05-07 23:45:14,806 | INFO | httpx | HTTP Request: GET https://api.cloud.llamaindex.ai/api/v2/parse/pjb-ynvpkl3sqrjckgvmrtbw84fvp513 "HTTP/1.1 200 OK"
2026-05-07 23:45:18,113 | INFO | httpx | HTTP Request: GET https://api.cloud.llamaindex.ai/api/v2/parse/pjb-ynvpkl3sqrjckgvmrtbw84fvp513 "HTTP/1.1 200 OK"
2026-05-07 23:45:22,421 | INFO | httpx | HTTP Request: GET https://api.cloud.llamaindex.ai/api/v2/parse/pjb-ynvpkl3sqrjckgvmrtbw84fvp513 "HTTP/1.1 200 OK"
2026-05-07 23:45:28,269 | INFO | httpx | HTTP Request: GET https://api.cloud.llamaindex.ai/api/v2/parse/pjb-ynvpkl3sqrjckgvmrtbw84fvp513 "HTTP/1.1 200 OK"
2026-05-07 23:45:34,074 | INFO | httpx | HTTP Request: GET https://api.cloud.llamaindex.ai/api/v2/parse/pjb-ynvpkl3sqrjckgvmrtbw84fvp513 "HTTP/1.1 200 OK"
2026-05-07 23:45:39,929 | INFO | httpx | HTTP Request: GET https://api.cloud.llamaindex.ai/api/v2/parse/pjb-ynvpkl3sqrjckgvmrtbw84fvp513 "HTTP/1.1 200 OK"
2026-05-07 23:45:40,358 | INFO | httpx | HTTP Request: GET https://api.cloud.llamaindex.ai/api/v2/parse/pjb-ynvpkl3sqrjckgvmrtbw84fvp513?expand=markdown_full&expand=text_full "HTTP/1.1 200 OK"
2026-05-07 23:45:43,360 | INFO | httpx | HTTP Request: POST https://api.cloud.llamaindex.ai/api/v1/beta/files "HTTP/1.1 201 Created"
2026-05-07 23:45:43,816 | INFO | httpx | HTTP Request: POST https://api.cloud.llamaindex.ai/api/v2/parse "HTTP/1.1 200 OK"
2026-05-07 23:45:45,421 | INFO | httpx | HTTP Request: GET https://api.cloud.llamaindex.ai/api/v2/parse/pjb-30wh51v7aq9x8pfc8n4q8xr5mkgw "HTTP/1.1 200 OK"
2026-05-07 23:45:47,758 | INFO | httpx | HTTP Request: GET https://api.cloud.llamaindex.ai/api/v2/parse/pjb-30wh51v7aq9x8pfc8n4q8xr5mkgw "HTTP/1.1 200 OK"
2026-05-07 23:45:51,073 | INFO | httpx | HTTP Request: GET https://api.cloud.llamaindex.ai/api/v2/parse/pjb-30wh51v7aq9x8pfc8n4q8xr5mkgw "HTTP/1.1 200 OK"
2026-05-07 23:45:55,380 | INFO | httpx | HTTP Request: GET https://api.cloud.llamaindex.ai/api/v2/parse/pjb-30wh51v7aq9x8pfc8n4q8xr5mkgw "HTTP/1.1 200 OK"
2026-05-07 23:46:01,239 | INFO | httpx | HTTP Request: GET https://api.cloud.llamaindex.ai/api/v2/parse/pjb-30wh51v7aq9x8pfc8n4q8xr5mkgw "HTTP/1.1 200 OK"
2026-05-07 23:46:07,094 | INFO | httpx | HTTP Request: GET https://api.cloud.llamaindex.ai/api/v2/parse/pjb-30wh51v7aq9x8pfc8n4q8xr5mkgw "HTTP/1.1 200 OK"
2026-05-07 23:46:12,938 | INFO | httpx | HTTP Request: GET https://api.cloud.llamaindex.ai/api/v2/parse/pjb-30wh51v7aq9x8pfc8n4q8xr5mkgw "HTTP/1.1 200 OK"
2026-05-07 23:46:13,662 | INFO | httpx | HTTP Request: GET https://api.cloud.llamaindex.ai/api/v2/parse/pjb-30wh51v7aq9x8pfc8n4q8xr5mkgw?expand=markdown_full&expand=text_full "HTTP/1.1 200 OK"
2026-05-07 23:46:16,781 | INFO | httpx | HTTP Request: POST https://api.cloud.llamaindex.ai/api/v1/beta/files "HTTP/1.1 201 Created"
2026-05-07 23:46:17,269 | INFO | httpx | HTTP Request: POST https://api.cloud.llamaindex.ai/api/v2/parse "HTTP/1.1 200 OK"
2026-05-07 23:46:19,304 | INFO | httpx | HTTP Request: GET https://api.cloud.llamaindex.ai/api/v2/parse/pjb-5mrnqt7teo3r6q1wyzw5n9h1j6fp "HTTP/1.1 200 OK"
2026-05-07 23:46:21,613 | INFO | httpx | HTTP Request: GET https://api.cloud.llamaindex.ai/api/v2/parse/pjb-5mrnqt7teo3r6q1wyzw5n9h1j6fp "HTTP/1.1 200 OK"
2026-05-07 23:46:24,919 | INFO | httpx | HTTP Request: GET https://api.cloud.llamaindex.ai/api/v2/parse/pjb-5mrnqt7teo3r6q1wyzw5n9h1j6fp "HTTP/1.1 200 OK"
2026-05-07 23:46:29,242 | INFO | httpx | HTTP Request: GET https://api.cloud.llamaindex.ai/api/v2/parse/pjb-5mrnqt7teo3r6q1wyzw5n9h1j6fp "HTTP/1.1 200 OK"
2026-05-07 23:46:35,097 | INFO | httpx | HTTP Request: GET https://api.cloud.llamaindex.ai/api/v2/parse/pjb-5mrnqt7teo3r6q1wyzw5n9h1j6fp "HTTP/1.1 200 OK"
2026-05-07 23:46:40,996 | INFO | httpx | HTTP Request: GET https://api.cloud.llamaindex.ai/api/v2/parse/pjb-5mrnqt7teo3r6q1wyzw5n9h1j6fp "HTTP/1.1 200 OK"
2026-05-07 23:46:46,846 | INFO | httpx | HTTP Request: GET https://api.cloud.llamaindex.ai/api/v2/parse/pjb-5mrnqt7teo3r6q1wyzw5n9h1j6fp "HTTP/1.1 200 OK"
2026-05-07 23:46:47,635 | INFO | httpx | HTTP Request: GET https://api.cloud.llamaindex.ai/api/v2/parse/pjb-5mrnqt7teo3r6q1wyzw5n9h1j6fp?expand=markdown_full&expand=text_full "HTTP/1.1 200 OK"
2026-05-07 23:46:50,487 | INFO | httpx | HTTP Request: POST https://api.cloud.llamaindex.ai/api/v1/beta/files "HTTP/1.1 201 Created"
2026-05-07 23:46:50,966 | INFO | httpx | HTTP Request: POST https://api.cloud.llamaindex.ai/api/v2/parse "HTTP/1.1 200 OK"
2026-05-07 23:46:52,280 | INFO | httpx | HTTP Request: GET https://api.cloud.llamaindex.ai/api/v2/parse/pjb-ut50de6quolue7rgp3yguv5o8vok "HTTP/1.1 200 OK"
2026-05-07 23:46:54,590 | INFO | httpx | HTTP Request: GET https://api.cloud.llamaindex.ai/api/v2/parse/pjb-ut50de6quolue7rgp3yguv5o8vok "HTTP/1.1 200 OK"
2026-05-07 23:46:57,905 | INFO | httpx | HTTP Request: GET https://api.cloud.llamaindex.ai/api/v2/parse/pjb-ut50de6quolue7rgp3yguv5o8vok "HTTP/1.1 200 OK"
2026-05-07 23:47:02,354 | INFO | httpx | HTTP Request: GET https://api.cloud.llamaindex.ai/api/v2/parse/pjb-ut50de6quolue7rgp3yguv5o8vok "HTTP/1.1 200 OK"
2026-05-07 23:47:08,165 | INFO | httpx | HTTP Request: GET https://api.cloud.llamaindex.ai/api/v2/parse/pjb-ut50de6quolue7rgp3yguv5o8vok "HTTP/1.1 200 OK"
2026-05-07 23:47:13,978 | INFO | httpx | HTTP Request: GET https://api.cloud.llamaindex.ai/api/v2/parse/pjb-ut50de6quolue7rgp3yguv5o8vok "HTTP/1.1 200 OK"
2026-05-07 23:47:14,500 | INFO | httpx | HTTP Request: GET https://api.cloud.llamaindex.ai/api/v2/parse/pjb-ut50de6quolue7rgp3yguv5o8vok?expand=markdown_full&expand=text_full "HTTP/1.1 200 OK"
2026-05-07 23:47:17,457 | INFO | httpx | HTTP Request: POST https://api.cloud.llamaindex.ai/api/v1/beta/files "HTTP/1.1 201 Created"
2026-05-07 23:47:17,898 | INFO | httpx | HTTP Request: POST https://api.cloud.llamaindex.ai/api/v2/parse "HTTP/1.1 200 OK"
2026-05-07 23:47:19,217 | INFO | httpx | HTTP Request: GET https://api.cloud.llamaindex.ai/api/v2/parse/pjb-oq659v59ett0u2nxa4xbk3w7pqnf "HTTP/1.1 200 OK"
2026-05-07 23:47:21,511 | INFO | httpx | HTTP Request: GET https://api.cloud.llamaindex.ai/api/v2/parse/pjb-oq659v59ett0u2nxa4xbk3w7pqnf "HTTP/1.1 200 OK"
2026-05-07 23:47:24,834 | INFO | httpx | HTTP Request: GET https://api.cloud.llamaindex.ai/api/v2/parse/pjb-oq659v59ett0u2nxa4xbk3w7pqnf "HTTP/1.1 200 OK"
2026-05-07 23:47:29,271 | INFO | httpx | HTTP Request: GET https://api.cloud.llamaindex.ai/api/v2/parse/pjb-oq659v59ett0u2nxa4xbk3w7pqnf "HTTP/1.1 200 OK"
2026-05-07 23:47:35,198 | INFO | httpx | HTTP Request: GET https://api.cloud.llamaindex.ai/api/v2/parse/pjb-oq659v59ett0u2nxa4xbk3w7pqnf "HTTP/1.1 200 OK"
2026-05-07 23:47:40,991 | INFO | httpx | HTTP Request: GET https://api.cloud.llamaindex.ai/api/v2/parse/pjb-oq659v59ett0u2nxa4xbk3w7pqnf "HTTP/1.1 200 OK"
2026-05-07 23:47:41,723 | INFO | httpx | HTTP Request: GET https://api.cloud.llamaindex.ai/api/v2/parse/pjb-oq659v59ett0u2nxa4xbk3w7pqnf?expand=markdown_full&expand=text_full "HTTP/1.1 200 OK"
2026-05-07 23:47:44,544 | INFO | httpx | HTTP Request: POST https://api.cloud.llamaindex.ai/api/v1/beta/files "HTTP/1.1 201 Created"
2026-05-07 23:47:45,000 | INFO | httpx | HTTP Request: POST https://api.cloud.llamaindex.ai/api/v2/parse "HTTP/1.1 200 OK"
2026-05-07 23:47:46,454 | INFO | httpx | HTTP Request: GET https://api.cloud.llamaindex.ai/api/v2/parse/pjb-d1ukjs93u967sbba383sppvuiakz "HTTP/1.1 200 OK"
2026-05-07 23:47:48,987 | INFO | httpx | HTTP Request: GET https://api.cloud.llamaindex.ai/api/v2/parse/pjb-d1ukjs93u967sbba383sppvuiakz "HTTP/1.1 200 OK"
2026-05-07 23:47:52,301 | INFO | httpx | HTTP Request: GET https://api.cloud.llamaindex.ai/api/v2/parse/pjb-d1ukjs93u967sbba383sppvuiakz "HTTP/1.1 200 OK"
2026-05-07 23:47:56,586 | INFO | httpx | HTTP Request: GET https://api.cloud.llamaindex.ai/api/v2/parse/pjb-d1ukjs93u967sbba383sppvuiakz "HTTP/1.1 200 OK"
2026-05-07 23:48:02,454 | INFO | httpx | HTTP Request: GET https://api.cloud.llamaindex.ai/api/v2/parse/pjb-d1ukjs93u967sbba383sppvuiakz "HTTP/1.1 200 OK"
2026-05-07 23:48:08,321 | INFO | httpx | HTTP Request: GET https://api.cloud.llamaindex.ai/api/v2/parse/pjb-d1ukjs93u967sbba383sppvuiakz "HTTP/1.1 200 OK"
2026-05-07 23:48:09,083 | INFO | httpx | HTTP Request: GET https://api.cloud.llamaindex.ai/api/v2/parse/pjb-d1ukjs93u967sbba383sppvuiakz?expand=markdown_full&expand=text_full "HTTP/1.1 200 OK"
2026-05-07 23:48:11,881 | INFO | httpx | HTTP Request: POST https://api.cloud.llamaindex.ai/api/v1/beta/files "HTTP/1.1 201 Created"
2026-05-07 23:48:12,358 | INFO | httpx | HTTP Request: POST https://api.cloud.llamaindex.ai/api/v2/parse "HTTP/1.1 200 OK"
2026-05-07 23:48:13,670 | INFO | httpx | HTTP Request: GET https://api.cloud.llamaindex.ai/api/v2/parse/pjb-8w0uesmmuw8ojymursicvqohisiv "HTTP/1.1 200 OK"
2026-05-07 23:48:15,983 | INFO | httpx | HTTP Request: GET https://api.cloud.llamaindex.ai/api/v2/parse/pjb-8w0uesmmuw8ojymursicvqohisiv "HTTP/1.1 200 OK"
2026-05-07 23:48:19,315 | INFO | httpx | HTTP Request: GET https://api.cloud.llamaindex.ai/api/v2/parse/pjb-8w0uesmmuw8ojymursicvqohisiv "HTTP/1.1 200 OK"
2026-05-07 23:48:23,632 | INFO | httpx | HTTP Request: GET https://api.cloud.llamaindex.ai/api/v2/parse/pjb-8w0uesmmuw8ojymursicvqohisiv "HTTP/1.1 200 OK"
2026-05-07 23:48:29,473 | INFO | httpx | HTTP Request: GET https://api.cloud.llamaindex.ai/api/v2/parse/pjb-8w0uesmmuw8ojymursicvqohisiv "HTTP/1.1 200 OK"
2026-05-07 23:48:35,313 | INFO | httpx | HTTP Request: GET https://api.cloud.llamaindex.ai/api/v2/parse/pjb-8w0uesmmuw8ojymursicvqohisiv "HTTP/1.1 200 OK"
2026-05-07 23:48:35,783 | INFO | httpx | HTTP Request: GET https://api.cloud.llamaindex.ai/api/v2/parse/pjb-8w0uesmmuw8ojymursicvqohisiv?expand=markdown_full&expand=text_full "HTTP/1.1 200 OK"
2026-05-07 23:48:38,912 | INFO | httpx | HTTP Request: POST https://api.cloud.llamaindex.ai/api/v1/beta/files "HTTP/1.1 201 Created"
2026-05-07 23:48:39,358 | INFO | httpx | HTTP Request: POST https://api.cloud.llamaindex.ai/api/v2/parse "HTTP/1.1 200 OK"
2026-05-07 23:48:40,656 | INFO | httpx | HTTP Request: GET https://api.cloud.llamaindex.ai/api/v2/parse/pjb-i9111nazkranf2c10sj1mu2enrou "HTTP/1.1 200 OK"
2026-05-07 23:48:42,970 | INFO | httpx | HTTP Request: GET https://api.cloud.llamaindex.ai/api/v2/parse/pjb-i9111nazkranf2c10sj1mu2enrou "HTTP/1.1 200 OK"
2026-05-07 23:48:46,363 | INFO | httpx | HTTP Request: GET https://api.cloud.llamaindex.ai/api/v2/parse/pjb-i9111nazkranf2c10sj1mu2enrou "HTTP/1.1 200 OK"
2026-05-07 23:48:50,680 | INFO | httpx | HTTP Request: GET https://api.cloud.llamaindex.ai/api/v2/parse/pjb-i9111nazkranf2c10sj1mu2enrou "HTTP/1.1 200 OK"
2026-05-07 23:48:56,584 | INFO | httpx | HTTP Request: GET https://api.cloud.llamaindex.ai/api/v2/parse/pjb-i9111nazkranf2c10sj1mu2enrou "HTTP/1.1 200 OK"
2026-05-07 23:49:02,424 | INFO | httpx | HTTP Request: GET https://api.cloud.llamaindex.ai/api/v2/parse/pjb-i9111nazkranf2c10sj1mu2enrou "HTTP/1.1 200 OK"
2026-05-07 23:49:03,169 | INFO | httpx | HTTP Request: GET https://api.cloud.llamaindex.ai/api/v2/parse/pjb-i9111nazkranf2c10sj1mu2enrou?expand=markdown_full&expand=text_full "HTTP/1.1 200 OK"
2026-05-07 23:49:05,882 | INFO | httpx | HTTP Request: POST https://api.cloud.llamaindex.ai/api/v1/beta/files "HTTP/1.1 201 Created"
2026-05-07 23:49:06,296 | INFO | httpx | HTTP Request: POST https://api.cloud.llamaindex.ai/api/v2/parse "HTTP/1.1 200 OK"
2026-05-07 23:49:07,674 | INFO | httpx | HTTP Request: GET https://api.cloud.llamaindex.ai/api/v2/parse/pjb-bdzuqn9nfvma8k0jdquqkzvhfw28 "HTTP/1.1 200 OK"
2026-05-07 23:49:09,980 | INFO | httpx | HTTP Request: GET https://api.cloud.llamaindex.ai/api/v2/parse/pjb-bdzuqn9nfvma8k0jdquqkzvhfw28 "HTTP/1.1 200 OK"
2026-05-07 23:49:13,282 | INFO | httpx | HTTP Request: GET https://api.cloud.llamaindex.ai/api/v2/parse/pjb-bdzuqn9nfvma8k0jdquqkzvhfw28 "HTTP/1.1 200 OK"
2026-05-07 23:49:17,593 | INFO | httpx | HTTP Request: GET https://api.cloud.llamaindex.ai/api/v2/parse/pjb-bdzuqn9nfvma8k0jdquqkzvhfw28 "HTTP/1.1 200 OK"
2026-05-07 23:49:23,446 | INFO | httpx | HTTP Request: GET https://api.cloud.llamaindex.ai/api/v2/parse/pjb-bdzuqn9nfvma8k0jdquqkzvhfw28 "HTTP/1.1 200 OK"
2026-05-07 23:49:29,279 | INFO | httpx | HTTP Request: GET https://api.cloud.llamaindex.ai/api/v2/parse/pjb-bdzuqn9nfvma8k0jdquqkzvhfw28 "HTTP/1.1 200 OK"
2026-05-07 23:49:35,113 | INFO | httpx | HTTP Request: GET https://api.cloud.llamaindex.ai/api/v2/parse/pjb-bdzuqn9nfvma8k0jdquqkzvhfw28 "HTTP/1.1 200 OK"
2026-05-07 23:49:35,588 | INFO | httpx | HTTP Request: GET https://api.cloud.llamaindex.ai/api/v2/parse/pjb-bdzuqn9nfvma8k0jdquqkzvhfw28?expand=markdown_full&expand=text_full "HTTP/1.1 200 OK"
2026-05-07 23:49:38,567 | INFO | httpx | HTTP Request: POST https://api.cloud.llamaindex.ai/api/v1/beta/files "HTTP/1.1 201 Created"
2026-05-07 23:49:39,065 | INFO | httpx | HTTP Request: POST https://api.cloud.llamaindex.ai/api/v2/parse "HTTP/1.1 200 OK"
2026-05-07 23:49:40,374 | INFO | httpx | HTTP Request: GET https://api.cloud.llamaindex.ai/api/v2/parse/pjb-d5iglsghmz9svva133abwyd4koyy "HTTP/1.1 200 OK"
2026-05-07 23:49:42,680 | INFO | httpx | HTTP Request: GET https://api.cloud.llamaindex.ai/api/v2/parse/pjb-d5iglsghmz9svva133abwyd4koyy "HTTP/1.1 200 OK"
2026-05-07 23:49:45,993 | INFO | httpx | HTTP Request: GET https://api.cloud.llamaindex.ai/api/v2/parse/pjb-d5iglsghmz9svva133abwyd4koyy "HTTP/1.1 200 OK"
2026-05-07 23:49:52,821 | INFO | httpx | HTTP Request: GET https://api.cloud.llamaindex.ai/api/v2/parse/pjb-d5iglsghmz9svva133abwyd4koyy "HTTP/1.1 200 OK"
2026-05-07 23:49:58,687 | INFO | httpx | HTTP Request: GET https://api.cloud.llamaindex.ai/api/v2/parse/pjb-d5iglsghmz9svva133abwyd4koyy "HTTP/1.1 200 OK"
2026-05-07 23:50:04,622 | INFO | httpx | HTTP Request: GET https://api.cloud.llamaindex.ai/api/v2/parse/pjb-d5iglsghmz9svva133abwyd4koyy "HTTP/1.1 200 OK"
2026-05-07 23:50:05,111 | INFO | httpx | HTTP Request: GET https://api.cloud.llamaindex.ai/api/v2/parse/pjb-d5iglsghmz9svva133abwyd4koyy?expand=markdown_full&expand=text_full "HTTP/1.1 200 OK"
2026-05-07 23:50:08,117 | INFO | httpx | HTTP Request: POST https://api.cloud.llamaindex.ai/api/v1/beta/files "HTTP/1.1 201 Created"
2026-05-07 23:50:08,583 | INFO | httpx | HTTP Request: POST https://api.cloud.llamaindex.ai/api/v2/parse "HTTP/1.1 200 OK"
2026-05-07 23:50:09,885 | INFO | httpx | HTTP Request: GET https://api.cloud.llamaindex.ai/api/v2/parse/pjb-1lg5nd6tumqqguul9z37qb14qi1i "HTTP/1.1 200 OK"
2026-05-07 23:50:12,433 | INFO | httpx | HTTP Request: GET https://api.cloud.llamaindex.ai/api/v2/parse/pjb-1lg5nd6tumqqguul9z37qb14qi1i "HTTP/1.1 200 OK"
2026-05-07 23:50:15,784 | INFO | httpx | HTTP Request: GET https://api.cloud.llamaindex.ai/api/v2/parse/pjb-1lg5nd6tumqqguul9z37qb14qi1i "HTTP/1.1 200 OK"
2026-05-07 23:50:20,098 | INFO | httpx | HTTP Request: GET https://api.cloud.llamaindex.ai/api/v2/parse/pjb-1lg5nd6tumqqguul9z37qb14qi1i "HTTP/1.1 200 OK"
2026-05-07 23:50:25,912 | INFO | httpx | HTTP Request: GET https://api.cloud.llamaindex.ai/api/v2/parse/pjb-1lg5nd6tumqqguul9z37qb14qi1i "HTTP/1.1 200 OK"
2026-05-07 23:50:31,803 | INFO | httpx | HTTP Request: GET https://api.cloud.llamaindex.ai/api/v2/parse/pjb-1lg5nd6tumqqguul9z37qb14qi1i "HTTP/1.1 200 OK"
2026-05-07 23:50:37,670 | INFO | httpx | HTTP Request: GET https://api.cloud.llamaindex.ai/api/v2/parse/pjb-1lg5nd6tumqqguul9z37qb14qi1i "HTTP/1.1 200 OK"
2026-05-07 23:50:38,392 | INFO | httpx | HTTP Request: GET https://api.cloud.llamaindex.ai/api/v2/parse/pjb-1lg5nd6tumqqguul9z37qb14qi1i?expand=markdown_full&expand=text_full "HTTP/1.1 200 OK"
2026-05-07 23:50:41,093 | INFO | httpx | HTTP Request: POST https://api.cloud.llamaindex.ai/api/v1/beta/files "HTTP/1.1 201 Created"
2026-05-07 23:50:41,580 | INFO | httpx | HTTP Request: POST https://api.cloud.llamaindex.ai/api/v2/parse "HTTP/1.1 200 OK"
2026-05-07 23:50:42,882 | INFO | httpx | HTTP Request: GET https://api.cloud.llamaindex.ai/api/v2/parse/pjb-7qewtvr274hkz2c9n9wx6wzerong "HTTP/1.1 200 OK"
2026-05-07 23:50:45,186 | INFO | httpx | HTTP Request: GET https://api.cloud.llamaindex.ai/api/v2/parse/pjb-7qewtvr274hkz2c9n9wx6wzerong "HTTP/1.1 200 OK"
2026-05-07 23:50:48,483 | INFO | httpx | HTTP Request: GET https://api.cloud.llamaindex.ai/api/v2/parse/pjb-7qewtvr274hkz2c9n9wx6wzerong "HTTP/1.1 200 OK"
2026-05-07 23:50:52,796 | INFO | httpx | HTTP Request: GET https://api.cloud.llamaindex.ai/api/v2/parse/pjb-7qewtvr274hkz2c9n9wx6wzerong "HTTP/1.1 200 OK"
2026-05-07 23:50:58,592 | INFO | httpx | HTTP Request: GET https://api.cloud.llamaindex.ai/api/v2/parse/pjb-7qewtvr274hkz2c9n9wx6wzerong "HTTP/1.1 200 OK"
2026-05-07 23:51:04,398 | INFO | httpx | HTTP Request: GET https://api.cloud.llamaindex.ai/api/v2/parse/pjb-7qewtvr274hkz2c9n9wx6wzerong "HTTP/1.1 200 OK"
2026-05-07 23:51:05,122 | INFO | httpx | HTTP Request: GET https://api.cloud.llamaindex.ai/api/v2/parse/pjb-7qewtvr274hkz2c9n9wx6wzerong?expand=markdown_full&expand=text_full "HTTP/1.1 200 OK"
2026-05-07 23:51:07,875 | INFO | httpx | HTTP Request: POST https://api.cloud.llamaindex.ai/api/v1/beta/files "HTTP/1.1 201 Created"
2026-05-07 23:51:08,298 | INFO | httpx | HTTP Request: POST https://api.cloud.llamaindex.ai/api/v2/parse "HTTP/1.1 200 OK"
2026-05-07 23:51:09,608 | INFO | httpx | HTTP Request: GET https://api.cloud.llamaindex.ai/api/v2/parse/pjb-tiss1tvgdp8kym3nnt8isxzfx0dx "HTTP/1.1 200 OK"
2026-05-07 23:51:11,928 | INFO | httpx | HTTP Request: GET https://api.cloud.llamaindex.ai/api/v2/parse/pjb-tiss1tvgdp8kym3nnt8isxzfx0dx "HTTP/1.1 200 OK"
2026-05-07 23:51:15,222 | INFO | httpx | HTTP Request: GET https://api.cloud.llamaindex.ai/api/v2/parse/pjb-tiss1tvgdp8kym3nnt8isxzfx0dx "HTTP/1.1 200 OK"
2026-05-07 23:51:19,533 | INFO | httpx | HTTP Request: GET https://api.cloud.llamaindex.ai/api/v2/parse/pjb-tiss1tvgdp8kym3nnt8isxzfx0dx "HTTP/1.1 200 OK"
2026-05-07 23:51:25,307 | INFO | httpx | HTTP Request: GET https://api.cloud.llamaindex.ai/api/v2/parse/pjb-tiss1tvgdp8kym3nnt8isxzfx0dx "HTTP/1.1 200 OK"
2026-05-07 23:51:31,113 | INFO | httpx | HTTP Request: GET https://api.cloud.llamaindex.ai/api/v2/parse/pjb-tiss1tvgdp8kym3nnt8isxzfx0dx "HTTP/1.1 200 OK"
2026-05-07 23:51:31,575 | INFO | httpx | HTTP Request: GET https://api.cloud.llamaindex.ai/api/v2/parse/pjb-tiss1tvgdp8kym3nnt8isxzfx0dx?expand=markdown_full&expand=text_full "HTTP/1.1 200 OK"
2026-05-07 23:51:34,646 | INFO | httpx | HTTP Request: POST https://api.cloud.llamaindex.ai/api/v1/beta/files "HTTP/1.1 201 Created"
2026-05-07 23:51:35,150 | INFO | httpx | HTTP Request: POST https://api.cloud.llamaindex.ai/api/v2/parse "HTTP/1.1 200 OK"
2026-05-07 23:51:36,441 | INFO | httpx | HTTP Request: GET https://api.cloud.llamaindex.ai/api/v2/parse/pjb-oexpsi4ltu2xnhsme8duge4qanv2 "HTTP/1.1 200 OK"
2026-05-07 23:51:38,740 | INFO | httpx | HTTP Request: GET https://api.cloud.llamaindex.ai/api/v2/parse/pjb-oexpsi4ltu2xnhsme8duge4qanv2 "HTTP/1.1 200 OK"
2026-05-07 23:51:42,041 | INFO | httpx | HTTP Request: GET https://api.cloud.llamaindex.ai/api/v2/parse/pjb-oexpsi4ltu2xnhsme8duge4qanv2 "HTTP/1.1 200 OK"
2026-05-07 23:51:46,334 | INFO | httpx | HTTP Request: GET https://api.cloud.llamaindex.ai/api/v2/parse/pjb-oexpsi4ltu2xnhsme8duge4qanv2 "HTTP/1.1 200 OK"
2026-05-07 23:51:52,141 | INFO | httpx | HTTP Request: GET https://api.cloud.llamaindex.ai/api/v2/parse/pjb-oexpsi4ltu2xnhsme8duge4qanv2 "HTTP/1.1 200 OK"
2026-05-07 23:51:57,989 | INFO | httpx | HTTP Request: GET https://api.cloud.llamaindex.ai/api/v2/parse/pjb-oexpsi4ltu2xnhsme8duge4qanv2 "HTTP/1.1 200 OK"
2026-05-07 23:51:58,696 | INFO | httpx | HTTP Request: GET https://api.cloud.llamaindex.ai/api/v2/parse/pjb-oexpsi4ltu2xnhsme8duge4qanv2?expand=markdown_full&expand=text_full "HTTP/1.1 200 OK"
2026-05-07 23:52:01,749 | INFO | httpx | HTTP Request: POST https://api.cloud.llamaindex.ai/api/v1/beta/files "HTTP/1.1 201 Created"
2026-05-07 23:52:02,259 | INFO | httpx | HTTP Request: POST https://api.cloud.llamaindex.ai/api/v2/parse "HTTP/1.1 200 OK"
2026-05-07 23:52:03,548 | INFO | httpx | HTTP Request: GET https://api.cloud.llamaindex.ai/api/v2/parse/pjb-sktips3bm44oaqf1nyuu2x1chblb "HTTP/1.1 200 OK"
2026-05-07 23:52:05,998 | INFO | httpx | HTTP Request: GET https://api.cloud.llamaindex.ai/api/v2/parse/pjb-sktips3bm44oaqf1nyuu2x1chblb "HTTP/1.1 200 OK"
2026-05-07 23:52:09,280 | INFO | httpx | HTTP Request: GET https://api.cloud.llamaindex.ai/api/v2/parse/pjb-sktips3bm44oaqf1nyuu2x1chblb "HTTP/1.1 200 OK"
2026-05-07 23:52:13,573 | INFO | httpx | HTTP Request: GET https://api.cloud.llamaindex.ai/api/v2/parse/pjb-sktips3bm44oaqf1nyuu2x1chblb "HTTP/1.1 200 OK"
2026-05-07 23:52:19,364 | INFO | httpx | HTTP Request: GET https://api.cloud.llamaindex.ai/api/v2/parse/pjb-sktips3bm44oaqf1nyuu2x1chblb "HTTP/1.1 200 OK"
2026-05-07 23:52:25,154 | INFO | httpx | HTTP Request: GET https://api.cloud.llamaindex.ai/api/v2/parse/pjb-sktips3bm44oaqf1nyuu2x1chblb "HTTP/1.1 200 OK"
2026-05-07 23:52:31,034 | INFO | httpx | HTTP Request: GET https://api.cloud.llamaindex.ai/api/v2/parse/pjb-sktips3bm44oaqf1nyuu2x1chblb "HTTP/1.1 200 OK"
2026-05-07 23:52:31,749 | INFO | httpx | HTTP Request: GET https://api.cloud.llamaindex.ai/api/v2/parse/pjb-sktips3bm44oaqf1nyuu2x1chblb?expand=markdown_full&expand=text_full "HTTP/1.1 200 OK"
2026-05-07 23:52:34,447 | INFO | httpx | HTTP Request: POST https://api.cloud.llamaindex.ai/api/v1/beta/files "HTTP/1.1 201 Created"
2026-05-07 23:52:34,908 | INFO | httpx | HTTP Request: POST https://api.cloud.llamaindex.ai/api/v2/parse "HTTP/1.1 200 OK"
2026-05-07 23:52:36,278 | INFO | httpx | HTTP Request: GET https://api.cloud.llamaindex.ai/api/v2/parse/pjb-p7g4ko1g2m4shmdp9cmltl04meup "HTTP/1.1 200 OK"
2026-05-07 23:52:38,576 | INFO | httpx | HTTP Request: GET https://api.cloud.llamaindex.ai/api/v2/parse/pjb-p7g4ko1g2m4shmdp9cmltl04meup "HTTP/1.1 200 OK"
2026-05-07 23:52:41,877 | INFO | httpx | HTTP Request: GET https://api.cloud.llamaindex.ai/api/v2/parse/pjb-p7g4ko1g2m4shmdp9cmltl04meup "HTTP/1.1 200 OK"
2026-05-07 23:52:46,201 | INFO | httpx | HTTP Request: GET https://api.cloud.llamaindex.ai/api/v2/parse/pjb-p7g4ko1g2m4shmdp9cmltl04meup "HTTP/1.1 200 OK"
2026-05-07 23:52:51,995 | INFO | httpx | HTTP Request: GET https://api.cloud.llamaindex.ai/api/v2/parse/pjb-p7g4ko1g2m4shmdp9cmltl04meup "HTTP/1.1 200 OK"
2026-05-07 23:52:57,793 | INFO | httpx | HTTP Request: GET https://api.cloud.llamaindex.ai/api/v2/parse/pjb-p7g4ko1g2m4shmdp9cmltl04meup "HTTP/1.1 200 OK"
2026-05-07 23:52:58,497 | INFO | httpx | HTTP Request: GET https://api.cloud.llamaindex.ai/api/v2/parse/pjb-p7g4ko1g2m4shmdp9cmltl04meup?expand=markdown_full&expand=text_full "HTTP/1.1 200 OK"
2026-05-07 23:53:01,778 | INFO | httpx | HTTP Request: POST https://api.cloud.llamaindex.ai/api/v1/beta/files "HTTP/1.1 201 Created"
2026-05-07 23:53:02,222 | INFO | httpx | HTTP Request: POST https://api.cloud.llamaindex.ai/api/v2/parse "HTTP/1.1 200 OK"
2026-05-07 23:53:03,544 | INFO | httpx | HTTP Request: GET https://api.cloud.llamaindex.ai/api/v2/parse/pjb-417whaqi1lzm2polfdd08kru1rnu "HTTP/1.1 200 OK"
2026-05-07 23:53:05,925 | INFO | httpx | HTTP Request: GET https://api.cloud.llamaindex.ai/api/v2/parse/pjb-417whaqi1lzm2polfdd08kru1rnu "HTTP/1.1 200 OK"
2026-05-07 23:53:09,304 | INFO | httpx | HTTP Request: GET https://api.cloud.llamaindex.ai/api/v2/parse/pjb-417whaqi1lzm2polfdd08kru1rnu "HTTP/1.1 200 OK"
2026-05-07 23:53:13,605 | INFO | httpx | HTTP Request: GET https://api.cloud.llamaindex.ai/api/v2/parse/pjb-417whaqi1lzm2polfdd08kru1rnu "HTTP/1.1 200 OK"
2026-05-07 23:53:19,402 | INFO | httpx | HTTP Request: GET https://api.cloud.llamaindex.ai/api/v2/parse/pjb-417whaqi1lzm2polfdd08kru1rnu "HTTP/1.1 200 OK"
2026-05-07 23:53:25,209 | INFO | httpx | HTTP Request: GET https://api.cloud.llamaindex.ai/api/v2/parse/pjb-417whaqi1lzm2polfdd08kru1rnu "HTTP/1.1 200 OK"
2026-05-07 23:53:25,980 | INFO | httpx | HTTP Request: GET https://api.cloud.llamaindex.ai/api/v2/parse/pjb-417whaqi1lzm2polfdd08kru1rnu?expand=markdown_full&expand=text_full "HTTP/1.1 200 OK"
2026-05-07 23:53:28,674 | INFO | httpx | HTTP Request: POST https://api.cloud.llamaindex.ai/api/v1/beta/files "HTTP/1.1 201 Created"
2026-05-07 23:53:29,128 | INFO | httpx | HTTP Request: POST https://api.cloud.llamaindex.ai/api/v2/parse "HTTP/1.1 200 OK"
2026-05-07 23:53:30,497 | INFO | httpx | HTTP Request: GET https://api.cloud.llamaindex.ai/api/v2/parse/pjb-d1boaiwnz5vgvx3g3b6urjndtugu "HTTP/1.1 200 OK"
2026-05-07 23:53:32,825 | INFO | httpx | HTTP Request: GET https://api.cloud.llamaindex.ai/api/v2/parse/pjb-d1boaiwnz5vgvx3g3b6urjndtugu "HTTP/1.1 200 OK"
2026-05-07 23:53:36,148 | INFO | httpx | HTTP Request: GET https://api.cloud.llamaindex.ai/api/v2/parse/pjb-d1boaiwnz5vgvx3g3b6urjndtugu "HTTP/1.1 200 OK"
2026-05-07 23:53:40,530 | INFO | httpx | HTTP Request: GET https://api.cloud.llamaindex.ai/api/v2/parse/pjb-d1boaiwnz5vgvx3g3b6urjndtugu "HTTP/1.1 200 OK"
2026-05-07 23:53:46,925 | INFO | httpx | HTTP Request: GET https://api.cloud.llamaindex.ai/api/v2/parse/pjb-d1boaiwnz5vgvx3g3b6urjndtugu "HTTP/1.1 200 OK"
2026-05-07 23:53:52,713 | INFO | httpx | HTTP Request: GET https://api.cloud.llamaindex.ai/api/v2/parse/pjb-d1boaiwnz5vgvx3g3b6urjndtugu "HTTP/1.1 200 OK"
2026-05-07 23:53:54,946 | INFO | httpx | HTTP Request: GET https://api.cloud.llamaindex.ai/api/v2/parse/pjb-d1boaiwnz5vgvx3g3b6urjndtugu?expand=markdown_full&expand=text_full "HTTP/1.1 200 OK"
2026-05-07 23:53:57,552 | INFO | httpx | HTTP Request: POST https://api.cloud.llamaindex.ai/api/v1/beta/files "HTTP/1.1 201 Created"
2026-05-07 23:53:58,509 | INFO | httpx | HTTP Request: POST https://api.cloud.llamaindex.ai/api/v2/parse "HTTP/1.1 200 OK"
2026-05-07 23:53:59,805 | INFO | httpx | HTTP Request: GET https://api.cloud.llamaindex.ai/api/v2/parse/pjb-9rgfz6suit9dz0pfzbpy48rd0s9p "HTTP/1.1 200 OK"
2026-05-07 23:54:02,117 | INFO | httpx | HTTP Request: GET https://api.cloud.llamaindex.ai/api/v2/parse/pjb-9rgfz6suit9dz0pfzbpy48rd0s9p "HTTP/1.1 200 OK"
2026-05-07 23:54:05,430 | INFO | httpx | HTTP Request: GET https://api.cloud.llamaindex.ai/api/v2/parse/pjb-9rgfz6suit9dz0pfzbpy48rd0s9p "HTTP/1.1 200 OK"
2026-05-07 23:54:09,738 | INFO | httpx | HTTP Request: GET https://api.cloud.llamaindex.ai/api/v2/parse/pjb-9rgfz6suit9dz0pfzbpy48rd0s9p "HTTP/1.1 200 OK"
2026-05-07 23:54:15,555 | INFO | httpx | HTTP Request: GET https://api.cloud.llamaindex.ai/api/v2/parse/pjb-9rgfz6suit9dz0pfzbpy48rd0s9p "HTTP/1.1 200 OK"
2026-05-07 23:54:21,327 | INFO | httpx | HTTP Request: GET https://api.cloud.llamaindex.ai/api/v2/parse/pjb-9rgfz6suit9dz0pfzbpy48rd0s9p "HTTP/1.1 200 OK"
2026-05-07 23:54:22,009 | INFO | httpx | HTTP Request: GET https://api.cloud.llamaindex.ai/api/v2/parse/pjb-9rgfz6suit9dz0pfzbpy48rd0s9p?expand=markdown_full&expand=text_full "HTTP/1.1 200 OK"
2026-05-07 23:54:24,855 | INFO | httpx | HTTP Request: POST https://api.cloud.llamaindex.ai/api/v1/beta/files "HTTP/1.1 201 Created"
2026-05-07 23:54:25,300 | INFO | httpx | HTTP Request: POST https://api.cloud.llamaindex.ai/api/v2/parse "HTTP/1.1 200 OK"
2026-05-07 23:54:26,602 | INFO | httpx | HTTP Request: GET https://api.cloud.llamaindex.ai/api/v2/parse/pjb-czitpmknrzx6bomad0xgk7rasb0q "HTTP/1.1 200 OK"
2026-05-07 23:54:28,917 | INFO | httpx | HTTP Request: GET https://api.cloud.llamaindex.ai/api/v2/parse/pjb-czitpmknrzx6bomad0xgk7rasb0q "HTTP/1.1 200 OK"
2026-05-07 23:54:32,221 | INFO | httpx | HTTP Request: GET https://api.cloud.llamaindex.ai/api/v2/parse/pjb-czitpmknrzx6bomad0xgk7rasb0q "HTTP/1.1 200 OK"
2026-05-07 23:54:36,662 | INFO | httpx | HTTP Request: GET https://api.cloud.llamaindex.ai/api/v2/parse/pjb-czitpmknrzx6bomad0xgk7rasb0q "HTTP/1.1 200 OK"
2026-05-07 23:54:42,463 | INFO | httpx | HTTP Request: GET https://api.cloud.llamaindex.ai/api/v2/parse/pjb-czitpmknrzx6bomad0xgk7rasb0q "HTTP/1.1 200 OK"
2026-05-07 23:54:48,396 | INFO | httpx | HTTP Request: GET https://api.cloud.llamaindex.ai/api/v2/parse/pjb-czitpmknrzx6bomad0xgk7rasb0q "HTTP/1.1 200 OK"
2026-05-07 23:54:48,853 | INFO | httpx | HTTP Request: GET https://api.cloud.llamaindex.ai/api/v2/parse/pjb-czitpmknrzx6bomad0xgk7rasb0q?expand=markdown_full&expand=text_full "HTTP/1.1 200 OK"
2026-05-07 23:54:51,855 | INFO | httpx | HTTP Request: POST https://api.cloud.llamaindex.ai/api/v1/beta/files "HTTP/1.1 201 Created"
2026-05-07 23:54:52,300 | INFO | httpx | HTTP Request: POST https://api.cloud.llamaindex.ai/api/v2/parse "HTTP/1.1 200 OK"
2026-05-07 23:54:53,606 | INFO | httpx | HTTP Request: GET https://api.cloud.llamaindex.ai/api/v2/parse/pjb-nyli5y7zn5ekpxj9953v13nqldc9 "HTTP/1.1 200 OK"
2026-05-07 23:54:55,890 | INFO | httpx | HTTP Request: GET https://api.cloud.llamaindex.ai/api/v2/parse/pjb-nyli5y7zn5ekpxj9953v13nqldc9 "HTTP/1.1 200 OK"
2026-05-07 23:54:59,177 | INFO | httpx | HTTP Request: GET https://api.cloud.llamaindex.ai/api/v2/parse/pjb-nyli5y7zn5ekpxj9953v13nqldc9 "HTTP/1.1 200 OK"
2026-05-07 23:55:03,511 | INFO | httpx | HTTP Request: GET https://api.cloud.llamaindex.ai/api/v2/parse/pjb-nyli5y7zn5ekpxj9953v13nqldc9 "HTTP/1.1 200 OK"
2026-05-07 23:55:09,569 | INFO | httpx | HTTP Request: GET https://api.cloud.llamaindex.ai/api/v2/parse/pjb-nyli5y7zn5ekpxj9953v13nqldc9 "HTTP/1.1 200 OK"
2026-05-07 23:55:15,427 | INFO | httpx | HTTP Request: GET https://api.cloud.llamaindex.ai/api/v2/parse/pjb-nyli5y7zn5ekpxj9953v13nqldc9 "HTTP/1.1 200 OK"
2026-05-07 23:55:21,263 | INFO | httpx | HTTP Request: GET https://api.cloud.llamaindex.ai/api/v2/parse/pjb-nyli5y7zn5ekpxj9953v13nqldc9 "HTTP/1.1 200 OK"
2026-05-07 23:55:27,095 | INFO | httpx | HTTP Request: GET https://api.cloud.llamaindex.ai/api/v2/parse/pjb-nyli5y7zn5ekpxj9953v13nqldc9 "HTTP/1.1 200 OK"
2026-05-07 23:55:27,874 | INFO | httpx | HTTP Request: GET https://api.cloud.llamaindex.ai/api/v2/parse/pjb-nyli5y7zn5ekpxj9953v13nqldc9?expand=markdown_full&expand=text_full "HTTP/1.1 200 OK"
2026-05-07 23:55:30,779 | INFO | httpx | HTTP Request: POST https://api.cloud.llamaindex.ai/api/v1/beta/files "HTTP/1.1 201 Created"
2026-05-07 23:55:31,270 | INFO | httpx | HTTP Request: POST https://api.cloud.llamaindex.ai/api/v2/parse "HTTP/1.1 200 OK"
2026-05-07 23:55:32,583 | INFO | httpx | HTTP Request: GET https://api.cloud.llamaindex.ai/api/v2/parse/pjb-16lhed50db54qf9s1kmqsaekqv0x "HTTP/1.1 200 OK"
2026-05-07 23:55:34,889 | INFO | httpx | HTTP Request: GET https://api.cloud.llamaindex.ai/api/v2/parse/pjb-16lhed50db54qf9s1kmqsaekqv0x "HTTP/1.1 200 OK"
2026-05-07 23:55:38,216 | INFO | httpx | HTTP Request: GET https://api.cloud.llamaindex.ai/api/v2/parse/pjb-16lhed50db54qf9s1kmqsaekqv0x "HTTP/1.1 200 OK"
2026-05-07 23:55:42,528 | INFO | httpx | HTTP Request: GET https://api.cloud.llamaindex.ai/api/v2/parse/pjb-16lhed50db54qf9s1kmqsaekqv0x "HTTP/1.1 200 OK"
2026-05-07 23:55:48,350 | INFO | httpx | HTTP Request: GET https://api.cloud.llamaindex.ai/api/v2/parse/pjb-16lhed50db54qf9s1kmqsaekqv0x "HTTP/1.1 200 OK"
2026-05-07 23:55:54,212 | INFO | httpx | HTTP Request: GET https://api.cloud.llamaindex.ai/api/v2/parse/pjb-16lhed50db54qf9s1kmqsaekqv0x "HTTP/1.1 200 OK"
2026-05-07 23:56:00,061 | INFO | httpx | HTTP Request: GET https://api.cloud.llamaindex.ai/api/v2/parse/pjb-16lhed50db54qf9s1kmqsaekqv0x "HTTP/1.1 200 OK"
2026-05-07 23:56:05,891 | INFO | httpx | HTTP Request: GET https://api.cloud.llamaindex.ai/api/v2/parse/pjb-16lhed50db54qf9s1kmqsaekqv0x "HTTP/1.1 200 OK"
2026-05-07 23:56:06,617 | INFO | httpx | HTTP Request: GET https://api.cloud.llamaindex.ai/api/v2/parse/pjb-16lhed50db54qf9s1kmqsaekqv0x?expand=markdown_full&expand=text_full "HTTP/1.1 200 OK"
2026-05-07 23:56:09,447 | INFO | httpx | HTTP Request: POST https://api.cloud.llamaindex.ai/api/v1/beta/files "HTTP/1.1 201 Created"
2026-05-07 23:56:09,918 | INFO | httpx | HTTP Request: POST https://api.cloud.llamaindex.ai/api/v2/parse "HTTP/1.1 200 OK"
2026-05-07 23:56:11,259 | INFO | httpx | HTTP Request: GET https://api.cloud.llamaindex.ai/api/v2/parse/pjb-eh3eqkw5pe509id1lcn4dgplrkh9 "HTTP/1.1 200 OK"
2026-05-07 23:56:13,727 | INFO | httpx | HTTP Request: GET https://api.cloud.llamaindex.ai/api/v2/parse/pjb-eh3eqkw5pe509id1lcn4dgplrkh9 "HTTP/1.1 200 OK"
2026-05-07 23:56:17,052 | INFO | httpx | HTTP Request: GET https://api.cloud.llamaindex.ai/api/v2/parse/pjb-eh3eqkw5pe509id1lcn4dgplrkh9 "HTTP/1.1 200 OK"
2026-05-07 23:56:21,373 | INFO | httpx | HTTP Request: GET https://api.cloud.llamaindex.ai/api/v2/parse/pjb-eh3eqkw5pe509id1lcn4dgplrkh9 "HTTP/1.1 200 OK"
2026-05-07 23:56:27,220 | INFO | httpx | HTTP Request: GET https://api.cloud.llamaindex.ai/api/v2/parse/pjb-eh3eqkw5pe509id1lcn4dgplrkh9 "HTTP/1.1 200 OK"
2026-05-07 23:56:33,057 | INFO | httpx | HTTP Request: GET https://api.cloud.llamaindex.ai/api/v2/parse/pjb-eh3eqkw5pe509id1lcn4dgplrkh9 "HTTP/1.1 200 OK"
2026-05-07 23:56:38,963 | INFO | httpx | HTTP Request: GET https://api.cloud.llamaindex.ai/api/v2/parse/pjb-eh3eqkw5pe509id1lcn4dgplrkh9 "HTTP/1.1 200 OK"
2026-05-07 23:56:39,847 | INFO | httpx | HTTP Request: GET https://api.cloud.llamaindex.ai/api/v2/parse/pjb-eh3eqkw5pe509id1lcn4dgplrkh9?expand=markdown_full&expand=text_full "HTTP/1.1 200 OK"
2026-05-07 23:56:42,508 | INFO | httpx | HTTP Request: POST https://api.cloud.llamaindex.ai/api/v1/beta/files "HTTP/1.1 201 Created"
2026-05-07 23:56:43,067 | INFO | httpx | HTTP Request: POST https://api.cloud.llamaindex.ai/api/v2/parse "HTTP/1.1 200 OK"
2026-05-07 23:56:44,382 | INFO | httpx | HTTP Request: GET https://api.cloud.llamaindex.ai/api/v2/parse/pjb-bkx414545y95tbuebdv21dxz7lrn "HTTP/1.1 200 OK"
2026-05-07 23:56:46,700 | INFO | httpx | HTTP Request: GET https://api.cloud.llamaindex.ai/api/v2/parse/pjb-bkx414545y95tbuebdv21dxz7lrn "HTTP/1.1 200 OK"
2026-05-07 23:56:50,015 | INFO | httpx | HTTP Request: GET https://api.cloud.llamaindex.ai/api/v2/parse/pjb-bkx414545y95tbuebdv21dxz7lrn "HTTP/1.1 200 OK"
2026-05-07 23:56:54,341 | INFO | httpx | HTTP Request: GET https://api.cloud.llamaindex.ai/api/v2/parse/pjb-bkx414545y95tbuebdv21dxz7lrn "HTTP/1.1 200 OK"
2026-05-07 23:57:00,231 | INFO | httpx | HTTP Request: GET https://api.cloud.llamaindex.ai/api/v2/parse/pjb-bkx414545y95tbuebdv21dxz7lrn "HTTP/1.1 200 OK"
2026-05-07 23:57:06,098 | INFO | httpx | HTTP Request: GET https://api.cloud.llamaindex.ai/api/v2/parse/pjb-bkx414545y95tbuebdv21dxz7lrn "HTTP/1.1 200 OK"
2026-05-07 23:57:06,839 | INFO | httpx | HTTP Request: GET https://api.cloud.llamaindex.ai/api/v2/parse/pjb-bkx414545y95tbuebdv21dxz7lrn?expand=markdown_full&expand=text_full "HTTP/1.1 200 OK"
2026-05-07 23:57:10,221 | INFO | httpx | HTTP Request: POST https://api.cloud.llamaindex.ai/api/v1/beta/files "HTTP/1.1 201 Created"
2026-05-07 23:57:10,754 | INFO | httpx | HTTP Request: POST https://api.cloud.llamaindex.ai/api/v2/parse "HTTP/1.1 200 OK"
2026-05-07 23:57:12,058 | INFO | httpx | HTTP Request: GET https://api.cloud.llamaindex.ai/api/v2/parse/pjb-5yo3liolb6q1e3hz2vw6pnfg6zw9 "HTTP/1.1 200 OK"
2026-05-07 23:57:14,382 | INFO | httpx | HTTP Request: GET https://api.cloud.llamaindex.ai/api/v2/parse/pjb-5yo3liolb6q1e3hz2vw6pnfg6zw9 "HTTP/1.1 200 OK"
2026-05-07 23:57:17,721 | INFO | httpx | HTTP Request: GET https://api.cloud.llamaindex.ai/api/v2/parse/pjb-5yo3liolb6q1e3hz2vw6pnfg6zw9 "HTTP/1.1 200 OK"
2026-05-07 23:57:22,040 | INFO | httpx | HTTP Request: GET https://api.cloud.llamaindex.ai/api/v2/parse/pjb-5yo3liolb6q1e3hz2vw6pnfg6zw9 "HTTP/1.1 200 OK"
2026-05-07 23:57:27,841 | INFO | httpx | HTTP Request: GET https://api.cloud.llamaindex.ai/api/v2/parse/pjb-5yo3liolb6q1e3hz2vw6pnfg6zw9 "HTTP/1.1 200 OK"
2026-05-07 23:57:33,755 | INFO | httpx | HTTP Request: GET https://api.cloud.llamaindex.ai/api/v2/parse/pjb-5yo3liolb6q1e3hz2vw6pnfg6zw9 "HTTP/1.1 200 OK"
2026-05-07 23:57:39,567 | INFO | httpx | HTTP Request: GET https://api.cloud.llamaindex.ai/api/v2/parse/pjb-5yo3liolb6q1e3hz2vw6pnfg6zw9 "HTTP/1.1 200 OK"
2026-05-07 23:57:45,396 | INFO | httpx | HTTP Request: GET https://api.cloud.llamaindex.ai/api/v2/parse/pjb-5yo3liolb6q1e3hz2vw6pnfg6zw9 "HTTP/1.1 200 OK"
2026-05-07 23:57:51,290 | INFO | httpx | HTTP Request: GET https://api.cloud.llamaindex.ai/api/v2/parse/pjb-5yo3liolb6q1e3hz2vw6pnfg6zw9 "HTTP/1.1 200 OK"
2026-05-07 23:57:57,215 | INFO | httpx | HTTP Request: GET https://api.cloud.llamaindex.ai/api/v2/parse/pjb-5yo3liolb6q1e3hz2vw6pnfg6zw9 "HTTP/1.1 200 OK"
2026-05-07 23:58:03,036 | INFO | httpx | HTTP Request: GET https://api.cloud.llamaindex.ai/api/v2/parse/pjb-5yo3liolb6q1e3hz2vw6pnfg6zw9 "HTTP/1.1 200 OK"
2026-05-07 23:58:08,887 | INFO | httpx | HTTP Request: GET https://api.cloud.llamaindex.ai/api/v2/parse/pjb-5yo3liolb6q1e3hz2vw6pnfg6zw9 "HTTP/1.1 200 OK"
2026-05-07 23:58:14,731 | INFO | httpx | HTTP Request: GET https://api.cloud.llamaindex.ai/api/v2/parse/pjb-5yo3liolb6q1e3hz2vw6pnfg6zw9 "HTTP/1.1 200 OK"
2026-05-07 23:58:20,576 | INFO | httpx | HTTP Request: GET https://api.cloud.llamaindex.ai/api/v2/parse/pjb-5yo3liolb6q1e3hz2vw6pnfg6zw9 "HTTP/1.1 200 OK"
2026-05-07 23:58:21,320 | INFO | httpx | HTTP Request: GET https://api.cloud.llamaindex.ai/api/v2/parse/pjb-5yo3liolb6q1e3hz2vw6pnfg6zw9?expand=markdown_full&expand=text_full "HTTP/1.1 200 OK"
2026-05-07 23:58:24,133 | INFO | httpx | HTTP Request: POST https://api.cloud.llamaindex.ai/api/v1/beta/files "HTTP/1.1 201 Created"
2026-05-07 23:58:24,579 | INFO | httpx | HTTP Request: POST https://api.cloud.llamaindex.ai/api/v2/parse "HTTP/1.1 200 OK"
2026-05-07 23:58:26,014 | INFO | httpx | HTTP Request: GET https://api.cloud.llamaindex.ai/api/v2/parse/pjb-1sce70ui8o925sl7k9laocgri0qc "HTTP/1.1 200 OK"
2026-05-07 23:58:28,424 | INFO | httpx | HTTP Request: GET https://api.cloud.llamaindex.ai/api/v2/parse/pjb-1sce70ui8o925sl7k9laocgri0qc "HTTP/1.1 200 OK"
2026-05-07 23:58:31,737 | INFO | httpx | HTTP Request: GET https://api.cloud.llamaindex.ai/api/v2/parse/pjb-1sce70ui8o925sl7k9laocgri0qc "HTTP/1.1 200 OK"
2026-05-07 23:58:36,054 | INFO | httpx | HTTP Request: GET https://api.cloud.llamaindex.ai/api/v2/parse/pjb-1sce70ui8o925sl7k9laocgri0qc "HTTP/1.1 200 OK"
2026-05-07 23:58:41,918 | INFO | httpx | HTTP Request: GET https://api.cloud.llamaindex.ai/api/v2/parse/pjb-1sce70ui8o925sl7k9laocgri0qc "HTTP/1.1 200 OK"
2026-05-07 23:58:47,761 | INFO | httpx | HTTP Request: GET https://api.cloud.llamaindex.ai/api/v2/parse/pjb-1sce70ui8o925sl7k9laocgri0qc "HTTP/1.1 200 OK"
2026-05-07 23:58:48,538 | INFO | httpx | HTTP Request: GET https://api.cloud.llamaindex.ai/api/v2/parse/pjb-1sce70ui8o925sl7k9laocgri0qc?expand=markdown_full&expand=text_full "HTTP/1.1 200 OK"
2026-05-07 23:58:51,290 | INFO | httpx | HTTP Request: POST https://api.cloud.llamaindex.ai/api/v1/beta/files "HTTP/1.1 201 Created"
2026-05-07 23:58:51,762 | INFO | httpx | HTTP Request: POST https://api.cloud.llamaindex.ai/api/v2/parse "HTTP/1.1 200 OK"
2026-05-07 23:58:53,077 | INFO | httpx | HTTP Request: GET https://api.cloud.llamaindex.ai/api/v2/parse/pjb-d398lrled5ugayjlnvvtlt8n00re "HTTP/1.1 200 OK"
2026-05-07 23:58:55,383 | INFO | httpx | HTTP Request: GET https://api.cloud.llamaindex.ai/api/v2/parse/pjb-d398lrled5ugayjlnvvtlt8n00re "HTTP/1.1 200 OK"
2026-05-07 23:58:58,699 | INFO | httpx | HTTP Request: GET https://api.cloud.llamaindex.ai/api/v2/parse/pjb-d398lrled5ugayjlnvvtlt8n00re "HTTP/1.1 200 OK"
2026-05-07 23:59:03,006 | INFO | httpx | HTTP Request: GET https://api.cloud.llamaindex.ai/api/v2/parse/pjb-d398lrled5ugayjlnvvtlt8n00re "HTTP/1.1 200 OK"
2026-05-07 23:59:08,852 | INFO | httpx | HTTP Request: GET https://api.cloud.llamaindex.ai/api/v2/parse/pjb-d398lrled5ugayjlnvvtlt8n00re "HTTP/1.1 200 OK"
2026-05-07 23:59:14,682 | INFO | httpx | HTTP Request: GET https://api.cloud.llamaindex.ai/api/v2/parse/pjb-d398lrled5ugayjlnvvtlt8n00re "HTTP/1.1 200 OK"
2026-05-07 23:59:20,492 | INFO | httpx | HTTP Request: GET https://api.cloud.llamaindex.ai/api/v2/parse/pjb-d398lrled5ugayjlnvvtlt8n00re "HTTP/1.1 200 OK"
2026-05-07 23:59:21,159 | INFO | httpx | HTTP Request: GET https://api.cloud.llamaindex.ai/api/v2/parse/pjb-d398lrled5ugayjlnvvtlt8n00re?expand=markdown_full&expand=text_full "HTTP/1.1 200 OK"
2026-05-07 23:59:24,075 | INFO | httpx | HTTP Request: POST https://api.cloud.llamaindex.ai/api/v1/beta/files "HTTP/1.1 201 Created"
2026-05-07 23:59:25,894 | INFO | httpx | HTTP Request: POST https://api.cloud.llamaindex.ai/api/v2/parse "HTTP/1.1 200 OK"
2026-05-07 23:59:27,188 | INFO | httpx | HTTP Request: GET https://api.cloud.llamaindex.ai/api/v2/parse/pjb-7b7mornenixp4wa0azg0wbaj7boi "HTTP/1.1 200 OK"
2026-05-07 23:59:29,679 | INFO | httpx | HTTP Request: GET https://api.cloud.llamaindex.ai/api/v2/parse/pjb-7b7mornenixp4wa0azg0wbaj7boi "HTTP/1.1 200 OK"
2026-05-07 23:59:33,039 | INFO | httpx | HTTP Request: GET https://api.cloud.llamaindex.ai/api/v2/parse/pjb-7b7mornenixp4wa0azg0wbaj7boi "HTTP/1.1 200 OK"
2026-05-07 23:59:37,362 | INFO | httpx | HTTP Request: GET https://api.cloud.llamaindex.ai/api/v2/parse/pjb-7b7mornenixp4wa0azg0wbaj7boi "HTTP/1.1 200 OK"
2026-05-07 23:59:43,203 | INFO | httpx | HTTP Request: GET https://api.cloud.llamaindex.ai/api/v2/parse/pjb-7b7mornenixp4wa0azg0wbaj7boi "HTTP/1.1 200 OK"
2026-05-07 23:59:49,041 | INFO | httpx | HTTP Request: GET https://api.cloud.llamaindex.ai/api/v2/parse/pjb-7b7mornenixp4wa0azg0wbaj7boi "HTTP/1.1 200 OK"
2026-05-07 23:59:54,873 | INFO | httpx | HTTP Request: GET https://api.cloud.llamaindex.ai/api/v2/parse/pjb-7b7mornenixp4wa0azg0wbaj7boi "HTTP/1.1 200 OK"
2026-05-07 23:59:55,369 | INFO | httpx | HTTP Request: GET https://api.cloud.llamaindex.ai/api/v2/parse/pjb-7b7mornenixp4wa0azg0wbaj7boi?expand=markdown_full&expand=text_full "HTTP/1.1 200 OK"
2026-05-07 23:59:58,292 | INFO | httpx | HTTP Request: POST https://api.cloud.llamaindex.ai/api/v1/beta/files "HTTP/1.1 201 Created"
2026-05-07 23:59:58,776 | INFO | httpx | HTTP Request: POST https://api.cloud.llamaindex.ai/api/v2/parse "HTTP/1.1 200 OK"
2026-05-08 00:00:00,152 | INFO | httpx | HTTP Request: GET https://api.cloud.llamaindex.ai/api/v2/parse/pjb-o1u45nhipdlk1qyxze2y27u8mm37 "HTTP/1.1 200 OK"
2026-05-08 00:00:02,458 | INFO | httpx | HTTP Request: GET https://api.cloud.llamaindex.ai/api/v2/parse/pjb-o1u45nhipdlk1qyxze2y27u8mm37 "HTTP/1.1 200 OK"
2026-05-08 00:00:05,776 | INFO | httpx | HTTP Request: GET https://api.cloud.llamaindex.ai/api/v2/parse/pjb-o1u45nhipdlk1qyxze2y27u8mm37 "HTTP/1.1 200 OK"
2026-05-08 00:00:10,089 | INFO | httpx | HTTP Request: GET https://api.cloud.llamaindex.ai/api/v2/parse/pjb-o1u45nhipdlk1qyxze2y27u8mm37 "HTTP/1.1 200 OK"
2026-05-08 00:00:16,132 | INFO | httpx | HTTP Request: GET https://api.cloud.llamaindex.ai/api/v2/parse/pjb-o1u45nhipdlk1qyxze2y27u8mm37 "HTTP/1.1 200 OK"
2026-05-08 00:00:22,112 | INFO | httpx | HTTP Request: GET https://api.cloud.llamaindex.ai/api/v2/parse/pjb-o1u45nhipdlk1qyxze2y27u8mm37 "HTTP/1.1 200 OK"
2026-05-08 00:00:27,952 | INFO | httpx | HTTP Request: GET https://api.cloud.llamaindex.ai/api/v2/parse/pjb-o1u45nhipdlk1qyxze2y27u8mm37 "HTTP/1.1 200 OK"
2026-05-08 00:00:29,086 | INFO | httpx | HTTP Request: GET https://api.cloud.llamaindex.ai/api/v2/parse/pjb-o1u45nhipdlk1qyxze2y27u8mm37?expand=markdown_full&expand=text_full "HTTP/1.1 200 OK"
2026-05-08 00:00:31,738 | INFO | httpx | HTTP Request: POST https://api.cloud.llamaindex.ai/api/v1/beta/files "HTTP/1.1 201 Created"
2026-05-08 00:00:32,226 | INFO | httpx | HTTP Request: POST https://api.cloud.llamaindex.ai/api/v2/parse "HTTP/1.1 200 OK"
2026-05-08 00:00:33,643 | INFO | httpx | HTTP Request: GET https://api.cloud.llamaindex.ai/api/v2/parse/pjb-lnsfxljr4j0ngkxvv9gdinqiozpo "HTTP/1.1 200 OK"
2026-05-08 00:00:35,944 | INFO | httpx | HTTP Request: GET https://api.cloud.llamaindex.ai/api/v2/parse/pjb-lnsfxljr4j0ngkxvv9gdinqiozpo "HTTP/1.1 200 OK"
2026-05-08 00:00:39,235 | INFO | httpx | HTTP Request: GET https://api.cloud.llamaindex.ai/api/v2/parse/pjb-lnsfxljr4j0ngkxvv9gdinqiozpo "HTTP/1.1 200 OK"
2026-05-08 00:00:43,544 | INFO | httpx | HTTP Request: GET https://api.cloud.llamaindex.ai/api/v2/parse/pjb-lnsfxljr4j0ngkxvv9gdinqiozpo "HTTP/1.1 200 OK"
2026-05-08 00:00:49,417 | INFO | httpx | HTTP Request: GET https://api.cloud.llamaindex.ai/api/v2/parse/pjb-lnsfxljr4j0ngkxvv9gdinqiozpo "HTTP/1.1 200 OK"
2026-05-08 00:00:55,366 | INFO | httpx | HTTP Request: GET https://api.cloud.llamaindex.ai/api/v2/parse/pjb-lnsfxljr4j0ngkxvv9gdinqiozpo "HTTP/1.1 200 OK"
2026-05-08 00:01:01,213 | INFO | httpx | HTTP Request: GET https://api.cloud.llamaindex.ai/api/v2/parse/pjb-lnsfxljr4j0ngkxvv9gdinqiozpo "HTTP/1.1 200 OK"
2026-05-08 00:01:02,057 | INFO | httpx | HTTP Request: GET https://api.cloud.llamaindex.ai/api/v2/parse/pjb-lnsfxljr4j0ngkxvv9gdinqiozpo?expand=markdown_full&expand=text_full "HTTP/1.1 200 OK"
2026-05-08 00:01:04,727 | INFO | httpx | HTTP Request: POST https://api.cloud.llamaindex.ai/api/v1/beta/files "HTTP/1.1 201 Created"
2026-05-08 00:01:05,235 | INFO | httpx | HTTP Request: POST https://api.cloud.llamaindex.ai/api/v2/parse "HTTP/1.1 200 OK"
2026-05-08 00:01:07,074 | INFO | httpx | HTTP Request: GET https://api.cloud.llamaindex.ai/api/v2/parse/pjb-jqfnavhu83729uavr9uuqfs58mxl "HTTP/1.1 200 OK"
2026-05-08 00:01:09,389 | INFO | httpx | HTTP Request: GET https://api.cloud.llamaindex.ai/api/v2/parse/pjb-jqfnavhu83729uavr9uuqfs58mxl "HTTP/1.1 200 OK"
2026-05-08 00:01:12,688 | INFO | httpx | HTTP Request: GET https://api.cloud.llamaindex.ai/api/v2/parse/pjb-jqfnavhu83729uavr9uuqfs58mxl "HTTP/1.1 200 OK"
2026-05-08 00:01:16,998 | INFO | httpx | HTTP Request: GET https://api.cloud.llamaindex.ai/api/v2/parse/pjb-jqfnavhu83729uavr9uuqfs58mxl "HTTP/1.1 200 OK"
2026-05-08 00:01:22,861 | INFO | httpx | HTTP Request: GET https://api.cloud.llamaindex.ai/api/v2/parse/pjb-jqfnavhu83729uavr9uuqfs58mxl "HTTP/1.1 200 OK"
2026-05-08 00:01:28,733 | INFO | httpx | HTTP Request: GET https://api.cloud.llamaindex.ai/api/v2/parse/pjb-jqfnavhu83729uavr9uuqfs58mxl "HTTP/1.1 200 OK"
2026-05-08 00:01:34,588 | INFO | httpx | HTTP Request: GET https://api.cloud.llamaindex.ai/api/v2/parse/pjb-jqfnavhu83729uavr9uuqfs58mxl "HTTP/1.1 200 OK"
2026-05-08 00:01:40,427 | INFO | httpx | HTTP Request: GET https://api.cloud.llamaindex.ai/api/v2/parse/pjb-jqfnavhu83729uavr9uuqfs58mxl "HTTP/1.1 200 OK"
2026-05-08 00:01:41,692 | INFO | httpx | HTTP Request: GET https://api.cloud.llamaindex.ai/api/v2/parse/pjb-jqfnavhu83729uavr9uuqfs58mxl?expand=markdown_full&expand=text_full "HTTP/1.1 200 OK"
2026-05-08 00:01:42,522 | INFO | ocr | Finished OCR for partylist: 62 records
2026-05-08 00:01:46,056 | INFO | root | Finished pipeline step: all
